 10.0000    0.000000000000e+00
 10.2500    0.000000000000e+00
 10.5000    0.000000000000e+00
 10.7500    0.000000000000e+00
 11.0000    0.000000000000e+00
 11.2500    0.000000000000e+00
 11.5000    0.000000000000e+00
 11.7500    0.000000000000e+00
 12.0000    0.000000000000e+00
 12.2500    0.000000000000e+00
 12.5000    0.000000000000e+00
 12.7500    0.000000000000e+00
 13.0000    0.000000000000e+00
 13.2500    0.000000000000e+00
 13.5000    0.000000000000e+00
 13.7500    0.000000000000e+00
 14.0000    0.000000000000e+00
 14.2500    0.000000000000e+00
 14.5000    0.000000000000e+00
 14.7500    0.000000000000e+00
 15.0000    0.000000000000e+00
 15.2500    0.000000000000e+00
 15.5000    0.000000000000e+00
 15.7500    0.000000000000e+00
 16.0000    0.000000000000e+00
 16.2500    0.000000000000e+00
 16.5000    0.000000000000e+00
 16.7500    0.000000000000e+00
 17.0000    0.000000000000e+00
 17.2500    0.000000000000e+00
 17.5000    0.000000000000e+00
 17.7500    0.000000000000e+00
 18.0000    0.000000000000e+00
 18.2500    0.000000000000e+00
 18.5000    0.000000000000e+00
 18.7500    0.000000000000e+00
 19.0000    0.000000000000e+00
 19.2500    0.000000000000e+00
 19.5000    0.000000000000e+00
 19.7500    0.000000000000e+00
 20.0000    0.000000000000e+00
 20.2500    0.000000000000e+00
 20.5000    0.000000000000e+00
 20.7500    0.000000000000e+00
 21.0000    0.000000000000e+00
 21.2500    0.000000000000e+00
 21.5000    0.000000000000e+00
 21.7500    0.000000000000e+00
 22.0000    0.000000000000e+00
 22.2500    0.000000000000e+00
 22.5000    0.000000000000e+00
 22.7500    0.000000000000e+00
 23.0000    0.000000000000e+00
 23.2500    0.000000000000e+00
 23.5000    0.000000000000e+00
 23.7500    0.000000000000e+00
 24.0000    0.000000000000e+00
 24.2500    0.000000000000e+00
 24.5000    0.000000000000e+00
 24.7500    0.000000000000e+00
 25.0000    0.000000000000e+00
 25.2500    0.000000000000e+00
 25.5000    0.000000000000e+00
 25.7500    0.000000000000e+00
 26.0000    0.000000000000e+00
 26.2500    0.000000000000e+00
 26.5000    0.000000000000e+00
 26.7500    0.000000000000e+00
 27.0000    0.000000000000e+00
 27.2500    0.000000000000e+00
 27.5000    0.000000000000e+00
 27.7500    0.000000000000e+00
 28.0000    0.000000000000e+00
 28.2500    0.000000000000e+00
 28.5000    0.000000000000e+00
 28.7500    0.000000000000e+00
 29.0000    0.000000000000e+00
 29.2500    0.000000000000e+00
 29.5000    0.000000000000e+00
 29.7500    0.000000000000e+00
 30.0000    0.000000000000e+00
 30.2500    0.000000000000e+00
 30.5000    0.000000000000e+00
 30.7500    0.000000000000e+00
 31.0000    0.000000000000e+00
 31.2500    0.000000000000e+00
 31.5000    0.000000000000e+00
 31.7500    0.000000000000e+00
 32.0000    0.000000000000e+00
 32.2500    0.000000000000e+00
 32.5000    0.000000000000e+00
 32.7500    0.000000000000e+00
 33.0000    0.000000000000e+00
 33.2500    0.000000000000e+00
 33.5000    0.000000000000e+00
 33.7500    0.000000000000e+00
 34.0000    0.000000000000e+00
 34.2500    0.000000000000e+00
 34.5000    0.000000000000e+00
 34.7500    0.000000000000e+00
 35.0000    0.000000000000e+00
 35.2500    0.000000000000e+00
 35.5000    0.000000000000e+00
 35.7500    0.000000000000e+00
 36.0000    0.000000000000e+00
 36.2500    0.000000000000e+00
 36.5000    0.000000000000e+00
 36.7500    0.000000000000e+00
 37.0000    0.000000000000e+00
 37.2500    0.000000000000e+00
 37.5000    0.000000000000e+00
 37.7500    0.000000000000e+00
 38.0000    0.000000000000e+00
 38.2500    0.000000000000e+00
 38.5000    0.000000000000e+00
 38.7500    0.000000000000e+00
 39.0000    0.000000000000e+00
 39.2500    0.000000000000e+00
 39.5000    0.000000000000e+00
 39.7500    0.000000000000e+00
 40.0000    0.000000000000e+00
 40.2500    0.000000000000e+00
 40.5000    0.000000000000e+00
 40.7500    0.000000000000e+00
 41.0000    0.000000000000e+00
 41.2500    0.000000000000e+00
 41.5000    0.000000000000e+00
 41.7500    0.000000000000e+00
 42.0000    0.000000000000e+00
 42.2500    0.000000000000e+00
 42.5000    0.000000000000e+00
 42.7500    0.000000000000e+00
 43.0000    0.000000000000e+00
 43.2500    0.000000000000e+00
 43.5000    0.000000000000e+00
 43.7500    0.000000000000e+00
 44.0000    0.000000000000e+00
 44.2500    0.000000000000e+00
 44.5000    0.000000000000e+00
 44.7500    0.000000000000e+00
 45.0000    0.000000000000e+00
 45.2500    0.000000000000e+00
 45.5000    0.000000000000e+00
 45.7500    0.000000000000e+00
 46.0000    0.000000000000e+00
 46.2500    0.000000000000e+00
 46.5000    0.000000000000e+00
 46.7500    0.000000000000e+00
 47.0000    0.000000000000e+00
 47.2500    0.000000000000e+00
 47.5000    0.000000000000e+00
 47.7500    0.000000000000e+00
 48.0000    0.000000000000e+00
 48.2500    0.000000000000e+00
 48.5000    0.000000000000e+00
 48.7500    0.000000000000e+00
 49.0000    0.000000000000e+00
 49.2500    0.000000000000e+00
 49.5000    0.000000000000e+00
 49.7500    0.000000000000e+00
 50.0000    0.000000000000e+00
 50.2500    0.000000000000e+00
 50.5000    0.000000000000e+00
 50.7500    0.000000000000e+00
 51.0000    0.000000000000e+00
 51.2500    0.000000000000e+00
 51.5000    0.000000000000e+00
 51.7500    0.000000000000e+00
 52.0000    0.000000000000e+00
 52.2500    0.000000000000e+00
 52.5000    0.000000000000e+00
 52.7500    0.000000000000e+00
 53.0000    0.000000000000e+00
 53.2500    0.000000000000e+00
 53.5000    0.000000000000e+00
 53.7500    0.000000000000e+00
 54.0000    0.000000000000e+00
 54.2500    0.000000000000e+00
 54.5000    0.000000000000e+00
 54.7500    0.000000000000e+00
 55.0000    0.000000000000e+00
 55.2500    0.000000000000e+00
 55.5000    0.000000000000e+00
 55.7500    0.000000000000e+00
 56.0000    0.000000000000e+00
 56.2500    0.000000000000e+00
 56.5000    0.000000000000e+00
 56.7500    0.000000000000e+00
 57.0000    0.000000000000e+00
 57.2500    0.000000000000e+00
 57.5000    0.000000000000e+00
 57.7500    0.000000000000e+00
 58.0000    0.000000000000e+00
 58.2500    0.000000000000e+00
 58.5000    0.000000000000e+00
 58.7500    0.000000000000e+00
 59.0000    0.000000000000e+00
 59.2500    0.000000000000e+00
 59.5000    0.000000000000e+00
 59.7500    0.000000000000e+00
 60.0000    0.000000000000e+00
 60.2500    0.000000000000e+00
 60.5000    0.000000000000e+00
 60.7500    0.000000000000e+00
 61.0000    0.000000000000e+00
 61.2500    0.000000000000e+00
 61.5000    0.000000000000e+00
 61.7500    0.000000000000e+00
 62.0000    0.000000000000e+00
 62.2500    0.000000000000e+00
 62.5000    0.000000000000e+00
 62.7500    0.000000000000e+00
 63.0000    0.000000000000e+00
 63.2500    0.000000000000e+00
 63.5000    0.000000000000e+00
 63.7500    0.000000000000e+00
 64.0000    0.000000000000e+00
 64.2500    0.000000000000e+00
 64.5000    0.000000000000e+00
 64.7500    0.000000000000e+00
 65.0000    0.000000000000e+00
 65.2500    0.000000000000e+00
 65.5000    0.000000000000e+00
 65.7500    0.000000000000e+00
 66.0000    0.000000000000e+00
 66.2500    0.000000000000e+00
 66.5000    0.000000000000e+00
 66.7500    0.000000000000e+00
 67.0000    0.000000000000e+00
 67.2500    0.000000000000e+00
 67.5000    0.000000000000e+00
 67.7500    0.000000000000e+00
 68.0000    0.000000000000e+00
 68.2500    0.000000000000e+00
 68.5000    0.000000000000e+00
 68.7500    0.000000000000e+00
 69.0000    0.000000000000e+00
 69.2500    0.000000000000e+00
 69.5000    0.000000000000e+00
 69.7500    0.000000000000e+00
 70.0000    0.000000000000e+00
 70.2500    0.000000000000e+00
 70.5000    0.000000000000e+00
 70.7500    0.000000000000e+00
 71.0000    0.000000000000e+00
 71.2500    0.000000000000e+00
 71.5000    0.000000000000e+00
 71.7500    0.000000000000e+00
 72.0000    0.000000000000e+00
 72.2500    0.000000000000e+00
 72.5000    0.000000000000e+00
 72.7500    0.000000000000e+00
 73.0000    0.000000000000e+00
 73.2500    0.000000000000e+00
 73.5000    0.000000000000e+00
 73.7500    0.000000000000e+00
 74.0000    0.000000000000e+00
 74.2500    0.000000000000e+00
 74.5000    0.000000000000e+00
 74.7500    0.000000000000e+00
 75.0000    0.000000000000e+00
 75.2500    0.000000000000e+00
 75.5000    0.000000000000e+00
 75.7500    0.000000000000e+00
 76.0000    0.000000000000e+00
 76.2500    0.000000000000e+00
 76.5000    0.000000000000e+00
 76.7500    0.000000000000e+00
 77.0000    0.000000000000e+00
 77.2500    0.000000000000e+00
 77.5000    0.000000000000e+00
 77.7500    0.000000000000e+00
 78.0000    0.000000000000e+00
 78.2500    0.000000000000e+00
 78.5000    0.000000000000e+00
 78.7500    0.000000000000e+00
 79.0000    0.000000000000e+00
 79.2500    0.000000000000e+00
 79.5000    0.000000000000e+00
 79.7500    0.000000000000e+00
 80.0000    0.000000000000e+00
 80.2500    0.000000000000e+00
 80.5000    0.000000000000e+00
 80.7500    0.000000000000e+00
 81.0000    0.000000000000e+00
 81.2500    0.000000000000e+00
 81.5000    0.000000000000e+00
 81.7500    0.000000000000e+00
 82.0000    0.000000000000e+00
 82.2500    0.000000000000e+00
 82.5000    0.000000000000e+00
 82.7500    0.000000000000e+00
 83.0000    0.000000000000e+00
 83.2500    0.000000000000e+00
 83.5000    0.000000000000e+00
 83.7500    0.000000000000e+00
 84.0000    0.000000000000e+00
 84.2500    0.000000000000e+00
 84.5000    0.000000000000e+00
 84.7500    0.000000000000e+00
 85.0000    0.000000000000e+00
 85.2500    0.000000000000e+00
 85.5000    0.000000000000e+00
 85.7500    0.000000000000e+00
 86.0000    0.000000000000e+00
 86.2500    0.000000000000e+00
 86.5000    0.000000000000e+00
 86.7500    0.000000000000e+00
 87.0000    0.000000000000e+00
 87.2500    0.000000000000e+00
 87.5000    0.000000000000e+00
 87.7500    0.000000000000e+00
 88.0000    0.000000000000e+00
 88.2500    0.000000000000e+00
 88.5000    0.000000000000e+00
 88.7500    0.000000000000e+00
 89.0000    0.000000000000e+00
 89.2500    0.000000000000e+00
 89.5000    0.000000000000e+00
 89.7500    0.000000000000e+00
 90.0000    0.000000000000e+00
 90.2500    0.000000000000e+00
 90.5000    0.000000000000e+00
 90.7500    0.000000000000e+00
 91.0000    0.000000000000e+00
 91.2500    0.000000000000e+00
 91.5000    0.000000000000e+00
 91.7500    0.000000000000e+00
 92.0000    0.000000000000e+00
 92.2500    0.000000000000e+00
 92.5000    0.000000000000e+00
 92.7500    0.000000000000e+00
 93.0000    0.000000000000e+00
 93.2500    0.000000000000e+00
 93.5000    0.000000000000e+00
 93.7500    0.000000000000e+00
 94.0000    0.000000000000e+00
 94.2500    0.000000000000e+00
 94.5000    0.000000000000e+00
 94.7500    0.000000000000e+00
 95.0000    0.000000000000e+00
 95.2500    0.000000000000e+00
 95.5000    0.000000000000e+00
 95.7500    0.000000000000e+00
 96.0000    0.000000000000e+00
 96.2500    0.000000000000e+00
 96.5000    0.000000000000e+00
 96.7500    0.000000000000e+00
 97.0000    0.000000000000e+00
 97.2500    0.000000000000e+00
 97.5000    0.000000000000e+00
 97.7500    0.000000000000e+00
 98.0000    0.000000000000e+00
 98.2500    0.000000000000e+00
 98.5000    0.000000000000e+00
 98.7500    0.000000000000e+00
 99.0000    0.000000000000e+00
 99.2500    0.000000000000e+00
 99.5000    0.000000000000e+00
 99.7500    0.000000000000e+00
100.0000    0.000000000000e+00
100.2500    0.000000000000e+00
100.5000    0.000000000000e+00
100.7500    0.000000000000e+00
101.0000    0.000000000000e+00
101.2500    0.000000000000e+00
101.5000    0.000000000000e+00
101.7500    0.000000000000e+00
102.0000    0.000000000000e+00
102.2500    0.000000000000e+00
102.5000    0.000000000000e+00
102.7500    0.000000000000e+00
103.0000    0.000000000000e+00
103.2500    0.000000000000e+00
103.5000    0.000000000000e+00
103.7500    0.000000000000e+00
104.0000    0.000000000000e+00
104.2500    0.000000000000e+00
104.5000    0.000000000000e+00
104.7500    0.000000000000e+00
105.0000    0.000000000000e+00
105.2500    0.000000000000e+00
105.5000    0.000000000000e+00
105.7500    0.000000000000e+00
106.0000    0.000000000000e+00
106.2500    0.000000000000e+00
106.5000    0.000000000000e+00
106.7500    0.000000000000e+00
107.0000    0.000000000000e+00
107.2500    0.000000000000e+00
107.5000    0.000000000000e+00
107.7500    0.000000000000e+00
108.0000    0.000000000000e+00
108.2500    0.000000000000e+00
108.5000    0.000000000000e+00
108.7500    0.000000000000e+00
109.0000    0.000000000000e+00
109.2500    0.000000000000e+00
109.5000    0.000000000000e+00
109.7500    0.000000000000e+00
110.0000    0.000000000000e+00
110.2500    0.000000000000e+00
110.5000    0.000000000000e+00
110.7500    0.000000000000e+00
111.0000    0.000000000000e+00
111.2500    0.000000000000e+00
111.5000    0.000000000000e+00
111.7500    0.000000000000e+00
112.0000    0.000000000000e+00
112.2500    0.000000000000e+00
112.5000    0.000000000000e+00
112.7500    0.000000000000e+00
113.0000    0.000000000000e+00
113.2500    0.000000000000e+00
113.5000    0.000000000000e+00
113.7500    0.000000000000e+00
114.0000    0.000000000000e+00
114.2500    0.000000000000e+00
114.5000    0.000000000000e+00
114.7500    0.000000000000e+00
115.0000    0.000000000000e+00
115.2500    0.000000000000e+00
115.5000    0.000000000000e+00
115.7500    0.000000000000e+00
116.0000    0.000000000000e+00
116.2500    0.000000000000e+00
116.5000    0.000000000000e+00
116.7500    0.000000000000e+00
117.0000    0.000000000000e+00
117.2500    0.000000000000e+00
117.5000    0.000000000000e+00
117.7500    0.000000000000e+00
118.0000    0.000000000000e+00
118.2500    0.000000000000e+00
118.5000    0.000000000000e+00
118.7500    0.000000000000e+00
119.0000    0.000000000000e+00
119.2500    0.000000000000e+00
119.5000    0.000000000000e+00
119.7500    0.000000000000e+00
120.0000    0.000000000000e+00
120.2500    0.000000000000e+00
120.5000    0.000000000000e+00
120.7500    0.000000000000e+00
121.0000    0.000000000000e+00
121.2500    0.000000000000e+00
121.5000    0.000000000000e+00
121.7500    0.000000000000e+00
122.0000    0.000000000000e+00
122.2500    0.000000000000e+00
122.5000    0.000000000000e+00
122.7500    0.000000000000e+00
123.0000    0.000000000000e+00
123.2500    0.000000000000e+00
123.5000    0.000000000000e+00
123.7500    0.000000000000e+00
124.0000    0.000000000000e+00
124.2500    0.000000000000e+00
124.5000    0.000000000000e+00
124.7500    0.000000000000e+00
125.0000    0.000000000000e+00
125.2500    0.000000000000e+00
125.5000    0.000000000000e+00
125.7500    0.000000000000e+00
126.0000    0.000000000000e+00
126.2500    0.000000000000e+00
126.5000    0.000000000000e+00
126.7500    0.000000000000e+00
127.0000    0.000000000000e+00
127.2500    0.000000000000e+00
127.5000    0.000000000000e+00
127.7500    0.000000000000e+00
128.0000    0.000000000000e+00
128.2500    0.000000000000e+00
128.5000    0.000000000000e+00
128.7500    0.000000000000e+00
129.0000    0.000000000000e+00
129.2500    0.000000000000e+00
129.5000    0.000000000000e+00
129.7500    0.000000000000e+00
130.0000    0.000000000000e+00
130.2500    0.000000000000e+00
130.5000    0.000000000000e+00
130.7500    0.000000000000e+00
131.0000    0.000000000000e+00
131.2500    0.000000000000e+00
131.5000    0.000000000000e+00
131.7500    0.000000000000e+00
132.0000    0.000000000000e+00
132.2500    0.000000000000e+00
132.5000    0.000000000000e+00
132.7500    0.000000000000e+00
133.0000    0.000000000000e+00
133.2500    0.000000000000e+00
133.5000    0.000000000000e+00
133.7500    0.000000000000e+00
134.0000    0.000000000000e+00
134.2500    0.000000000000e+00
134.5000    0.000000000000e+00
134.7500    0.000000000000e+00
135.0000    0.000000000000e+00
135.2500    0.000000000000e+00
135.5000    0.000000000000e+00
135.7500    0.000000000000e+00
136.0000    0.000000000000e+00
136.2500    0.000000000000e+00
136.5000    0.000000000000e+00
136.7500    0.000000000000e+00
137.0000    0.000000000000e+00
137.2500    0.000000000000e+00
137.5000    0.000000000000e+00
137.7500    0.000000000000e+00
138.0000    0.000000000000e+00
138.2500    0.000000000000e+00
138.5000    0.000000000000e+00
138.7500    0.000000000000e+00
139.0000    0.000000000000e+00
139.2500    0.000000000000e+00
139.5000    0.000000000000e+00
139.7500    0.000000000000e+00
140.0000    0.000000000000e+00
140.2500    0.000000000000e+00
140.5000    0.000000000000e+00
140.7500    0.000000000000e+00
141.0000    0.000000000000e+00
141.2500    0.000000000000e+00
141.5000    0.000000000000e+00
141.7500    0.000000000000e+00
142.0000    0.000000000000e+00
142.2500    0.000000000000e+00
142.5000    0.000000000000e+00
142.7500    0.000000000000e+00
143.0000    0.000000000000e+00
143.2500    0.000000000000e+00
143.5000    0.000000000000e+00
143.7500    0.000000000000e+00
144.0000    0.000000000000e+00
144.2500    0.000000000000e+00
144.5000    0.000000000000e+00
144.7500    0.000000000000e+00
145.0000    0.000000000000e+00
145.2500    0.000000000000e+00
145.5000    0.000000000000e+00
145.7500    0.000000000000e+00
146.0000    0.000000000000e+00
146.2500    0.000000000000e+00
146.5000    0.000000000000e+00
146.7500    0.000000000000e+00
147.0000    0.000000000000e+00
147.2500    0.000000000000e+00
147.5000    0.000000000000e+00
147.7500    0.000000000000e+00
148.0000    0.000000000000e+00
148.2500    0.000000000000e+00
148.5000    0.000000000000e+00
148.7500    0.000000000000e+00
149.0000    0.000000000000e+00
149.2500    0.000000000000e+00
149.5000    0.000000000000e+00
149.7500    0.000000000000e+00
150.0000    0.000000000000e+00
150.2500    0.000000000000e+00
150.5000    0.000000000000e+00
150.7500    0.000000000000e+00
151.0000    0.000000000000e+00
151.2500    0.000000000000e+00
151.5000    0.000000000000e+00
151.7500    0.000000000000e+00
152.0000    0.000000000000e+00
152.2500    0.000000000000e+00
152.5000    0.000000000000e+00
152.7500    0.000000000000e+00
153.0000    0.000000000000e+00
153.2500    0.000000000000e+00
153.5000    0.000000000000e+00
153.7500    0.000000000000e+00
154.0000    0.000000000000e+00
154.2500    0.000000000000e+00
154.5000    0.000000000000e+00
154.7500    0.000000000000e+00
155.0000    0.000000000000e+00
155.2500    0.000000000000e+00
155.5000    0.000000000000e+00
155.7500    0.000000000000e+00
156.0000    0.000000000000e+00
156.2500    0.000000000000e+00
156.5000    0.000000000000e+00
156.7500    0.000000000000e+00
157.0000    0.000000000000e+00
157.2500    0.000000000000e+00
157.5000    0.000000000000e+00
157.7500    0.000000000000e+00
158.0000    0.000000000000e+00
158.2500    0.000000000000e+00
158.5000    0.000000000000e+00
158.7500    0.000000000000e+00
159.0000    0.000000000000e+00
159.2500    0.000000000000e+00
159.5000    0.000000000000e+00
159.7500    0.000000000000e+00
160.0000    0.000000000000e+00
160.2500    0.000000000000e+00
160.5000    0.000000000000e+00
160.7500    0.000000000000e+00
161.0000    0.000000000000e+00
161.2500    0.000000000000e+00
161.5000    0.000000000000e+00
161.7500    0.000000000000e+00
162.0000    0.000000000000e+00
162.2500    0.000000000000e+00
162.5000    0.000000000000e+00
162.7500    0.000000000000e+00
163.0000    0.000000000000e+00
163.2500    0.000000000000e+00
163.5000    0.000000000000e+00
163.7500    0.000000000000e+00
164.0000    0.000000000000e+00
164.2500    0.000000000000e+00
164.5000    0.000000000000e+00
164.7500    0.000000000000e+00
165.0000    0.000000000000e+00
165.2500    0.000000000000e+00
165.5000    0.000000000000e+00
165.7500    0.000000000000e+00
166.0000    0.000000000000e+00
166.2500    0.000000000000e+00
166.5000    0.000000000000e+00
166.7500    0.000000000000e+00
167.0000    0.000000000000e+00
167.2500    0.000000000000e+00
167.5000    0.000000000000e+00
167.7500    0.000000000000e+00
168.0000    0.000000000000e+00
168.2500    0.000000000000e+00
168.5000    0.000000000000e+00
168.7500    0.000000000000e+00
169.0000    0.000000000000e+00
169.2500    0.000000000000e+00
169.5000    0.000000000000e+00
169.7500    0.000000000000e+00
170.0000    0.000000000000e+00
170.2500    0.000000000000e+00
170.5000    0.000000000000e+00
170.7500    0.000000000000e+00
171.0000    0.000000000000e+00
171.2500    0.000000000000e+00
171.5000    0.000000000000e+00
171.7500    0.000000000000e+00
172.0000    0.000000000000e+00
172.2500    0.000000000000e+00
172.5000    0.000000000000e+00
172.7500    0.000000000000e+00
173.0000    0.000000000000e+00
173.2500    0.000000000000e+00
173.5000    0.000000000000e+00
173.7500    0.000000000000e+00
174.0000    0.000000000000e+00
174.2500    0.000000000000e+00
174.5000    0.000000000000e+00
174.7500    0.000000000000e+00
175.0000    0.000000000000e+00
175.2500    0.000000000000e+00
175.5000    0.000000000000e+00
175.7500    0.000000000000e+00
176.0000    0.000000000000e+00
176.2500    0.000000000000e+00
176.5000    0.000000000000e+00
176.7500    0.000000000000e+00
177.0000    0.000000000000e+00
177.2500    0.000000000000e+00
177.5000    0.000000000000e+00
177.7500    0.000000000000e+00
178.0000    0.000000000000e+00
178.2500    0.000000000000e+00
178.5000    0.000000000000e+00
178.7500    0.000000000000e+00
179.0000    0.000000000000e+00
179.2500    0.000000000000e+00
179.5000    0.000000000000e+00
179.7500    0.000000000000e+00
180.0000    0.000000000000e+00
180.2500    0.000000000000e+00
180.5000    0.000000000000e+00
180.7500    0.000000000000e+00
181.0000    0.000000000000e+00
181.2500    0.000000000000e+00
181.5000    0.000000000000e+00
181.7500    0.000000000000e+00
182.0000    0.000000000000e+00
182.2500    0.000000000000e+00
182.5000    0.000000000000e+00
182.7500    0.000000000000e+00
183.0000    0.000000000000e+00
183.2500    0.000000000000e+00
183.5000    0.000000000000e+00
183.7500    0.000000000000e+00
184.0000    0.000000000000e+00
184.2500    0.000000000000e+00
184.5000    0.000000000000e+00
184.7500    0.000000000000e+00
185.0000    0.000000000000e+00
185.2500    0.000000000000e+00
185.5000    0.000000000000e+00
185.7500    0.000000000000e+00
186.0000    0.000000000000e+00
186.2500    0.000000000000e+00
186.5000    0.000000000000e+00
186.7500    0.000000000000e+00
187.0000    0.000000000000e+00
187.2500    0.000000000000e+00
187.5000    0.000000000000e+00
187.7500    0.000000000000e+00
188.0000    0.000000000000e+00
188.2500    0.000000000000e+00
188.5000    0.000000000000e+00
188.7500    0.000000000000e+00
189.0000    0.000000000000e+00
189.2500    0.000000000000e+00
189.5000    0.000000000000e+00
189.7500    0.000000000000e+00
190.0000    0.000000000000e+00
190.2500    0.000000000000e+00
190.5000    0.000000000000e+00
190.7500    0.000000000000e+00
191.0000    0.000000000000e+00
191.2500    0.000000000000e+00
191.5000    0.000000000000e+00
191.7500    0.000000000000e+00
192.0000    0.000000000000e+00
192.2500    0.000000000000e+00
192.5000    0.000000000000e+00
192.7500    0.000000000000e+00
193.0000    0.000000000000e+00
193.2500    0.000000000000e+00
193.5000    0.000000000000e+00
193.7500    0.000000000000e+00
194.0000    0.000000000000e+00
194.2500    0.000000000000e+00
194.5000    0.000000000000e+00
194.7500    0.000000000000e+00
195.0000    0.000000000000e+00
195.2500    0.000000000000e+00
195.5000    0.000000000000e+00
195.7500    0.000000000000e+00
196.0000    0.000000000000e+00
196.2500    0.000000000000e+00
196.5000    0.000000000000e+00
196.7500    0.000000000000e+00
197.0000    0.000000000000e+00
197.2500    0.000000000000e+00
197.5000    0.000000000000e+00
197.7500    0.000000000000e+00
198.0000    0.000000000000e+00
198.2500    0.000000000000e+00
198.5000    0.000000000000e+00
198.7500    0.000000000000e+00
199.0000    0.000000000000e+00
199.2500    0.000000000000e+00
199.5000    0.000000000000e+00
199.7500    0.000000000000e+00
200.0000    0.000000000000e+00
200.2500    0.000000000000e+00
200.5000    0.000000000000e+00
200.7500    0.000000000000e+00
201.0000    0.000000000000e+00
201.2500    0.000000000000e+00
201.5000    0.000000000000e+00
201.7500    0.000000000000e+00
202.0000    0.000000000000e+00
202.2500    0.000000000000e+00
202.5000    0.000000000000e+00
202.7500    0.000000000000e+00
203.0000    0.000000000000e+00
203.2500    0.000000000000e+00
203.5000    0.000000000000e+00
203.7500    0.000000000000e+00
204.0000    0.000000000000e+00
204.2500    0.000000000000e+00
204.5000    0.000000000000e+00
204.7500    0.000000000000e+00
205.0000    0.000000000000e+00
205.2500    0.000000000000e+00
205.5000    0.000000000000e+00
205.7500    0.000000000000e+00
206.0000    0.000000000000e+00
206.2500    0.000000000000e+00
206.5000    0.000000000000e+00
206.7500    0.000000000000e+00
207.0000    0.000000000000e+00
207.2500    0.000000000000e+00
207.5000    0.000000000000e+00
207.7500    0.000000000000e+00
208.0000    0.000000000000e+00
208.2500    0.000000000000e+00
208.5000    0.000000000000e+00
208.7500    0.000000000000e+00
209.0000    0.000000000000e+00
209.2500    0.000000000000e+00
209.5000    0.000000000000e+00
209.7500    0.000000000000e+00
210.0000    0.000000000000e+00
210.2500    0.000000000000e+00
210.5000    0.000000000000e+00
210.7500    0.000000000000e+00
211.0000    0.000000000000e+00
211.2500    0.000000000000e+00
211.5000    0.000000000000e+00
211.7500    0.000000000000e+00
212.0000    0.000000000000e+00
212.2500    0.000000000000e+00
212.5000    0.000000000000e+00
212.7500    0.000000000000e+00
213.0000    0.000000000000e+00
213.2500    0.000000000000e+00
213.5000    0.000000000000e+00
213.7500    0.000000000000e+00
214.0000    0.000000000000e+00
214.2500    0.000000000000e+00
214.5000    0.000000000000e+00
214.7500    0.000000000000e+00
215.0000    0.000000000000e+00
215.2500    0.000000000000e+00
215.5000    0.000000000000e+00
215.7500    0.000000000000e+00
216.0000    0.000000000000e+00
216.2500    0.000000000000e+00
216.5000    0.000000000000e+00
216.7500    0.000000000000e+00
217.0000    0.000000000000e+00
217.2500    0.000000000000e+00
217.5000    0.000000000000e+00
217.7500    0.000000000000e+00
218.0000    0.000000000000e+00
218.2500    0.000000000000e+00
218.5000    0.000000000000e+00
218.7500    0.000000000000e+00
219.0000    0.000000000000e+00
219.2500    0.000000000000e+00
219.5000    0.000000000000e+00
219.7500    0.000000000000e+00
220.0000    0.000000000000e+00
220.2500    0.000000000000e+00
220.5000    0.000000000000e+00
220.7500    0.000000000000e+00
221.0000    0.000000000000e+00
221.2500    0.000000000000e+00
221.5000    0.000000000000e+00
221.7500    0.000000000000e+00
222.0000    0.000000000000e+00
222.2500    0.000000000000e+00
222.5000    0.000000000000e+00
222.7500    0.000000000000e+00
223.0000    0.000000000000e+00
223.2500    0.000000000000e+00
223.5000    0.000000000000e+00
223.7500    0.000000000000e+00
224.0000    0.000000000000e+00
224.2500    0.000000000000e+00
224.5000    0.000000000000e+00
224.7500    0.000000000000e+00
225.0000    0.000000000000e+00
225.2500    0.000000000000e+00
225.5000    0.000000000000e+00
225.7500    0.000000000000e+00
226.0000    0.000000000000e+00
226.2500    0.000000000000e+00
226.5000    0.000000000000e+00
226.7500    0.000000000000e+00
227.0000    0.000000000000e+00
227.2500    0.000000000000e+00
227.5000    0.000000000000e+00
227.7500    0.000000000000e+00
228.0000    0.000000000000e+00
228.2500    0.000000000000e+00
228.5000    0.000000000000e+00
228.7500    0.000000000000e+00
229.0000    0.000000000000e+00
229.2500    0.000000000000e+00
229.5000    0.000000000000e+00
229.7500    0.000000000000e+00
230.0000    0.000000000000e+00
230.2500    0.000000000000e+00
230.5000    0.000000000000e+00
230.7500    0.000000000000e+00
231.0000    0.000000000000e+00
231.2500    0.000000000000e+00
231.5000    0.000000000000e+00
231.7500    0.000000000000e+00
232.0000    0.000000000000e+00
232.2500    0.000000000000e+00
232.5000    0.000000000000e+00
232.7500    0.000000000000e+00
233.0000    0.000000000000e+00
233.2500    0.000000000000e+00
233.5000    0.000000000000e+00
233.7500    0.000000000000e+00
234.0000    0.000000000000e+00
234.2500    0.000000000000e+00
234.5000    0.000000000000e+00
234.7500    0.000000000000e+00
235.0000    0.000000000000e+00
235.2500    0.000000000000e+00
235.5000    0.000000000000e+00
235.7500    0.000000000000e+00
236.0000    0.000000000000e+00
236.2500    0.000000000000e+00
236.5000    0.000000000000e+00
236.7500    0.000000000000e+00
237.0000    0.000000000000e+00
237.2500    0.000000000000e+00
237.5000    0.000000000000e+00
237.7500    0.000000000000e+00
238.0000    0.000000000000e+00
238.2500    0.000000000000e+00
238.5000    0.000000000000e+00
238.7500    0.000000000000e+00
239.0000    0.000000000000e+00
239.2500    0.000000000000e+00
239.5000    0.000000000000e+00
239.7500    0.000000000000e+00
240.0000    0.000000000000e+00
240.2500    0.000000000000e+00
240.5000    0.000000000000e+00
240.7500    0.000000000000e+00
241.0000    0.000000000000e+00
241.2500    0.000000000000e+00
241.5000    0.000000000000e+00
241.7500    0.000000000000e+00
242.0000    0.000000000000e+00
242.2500    0.000000000000e+00
242.5000    0.000000000000e+00
242.7500    0.000000000000e+00
243.0000    0.000000000000e+00
243.2500    0.000000000000e+00
243.5000    0.000000000000e+00
243.7500    0.000000000000e+00
244.0000    0.000000000000e+00
244.2500    0.000000000000e+00
244.5000    0.000000000000e+00
244.7500    0.000000000000e+00
245.0000    0.000000000000e+00
245.2500    0.000000000000e+00
245.5000    0.000000000000e+00
245.7500    0.000000000000e+00
246.0000    0.000000000000e+00
246.2500    0.000000000000e+00
246.5000    0.000000000000e+00
246.7500    0.000000000000e+00
247.0000    0.000000000000e+00
247.2500    0.000000000000e+00
247.5000    0.000000000000e+00
247.7500    0.000000000000e+00
248.0000    0.000000000000e+00
248.2500    0.000000000000e+00
248.5000    0.000000000000e+00
248.7500    0.000000000000e+00
249.0000    0.000000000000e+00
249.2500    0.000000000000e+00
249.5000    0.000000000000e+00
249.7500    0.000000000000e+00
250.0000    0.000000000000e+00
250.2500    0.000000000000e+00
250.5000    0.000000000000e+00
250.7500    0.000000000000e+00
251.0000    0.000000000000e+00
251.2500    0.000000000000e+00
251.5000    0.000000000000e+00
251.7500    0.000000000000e+00
252.0000    0.000000000000e+00
252.2500    0.000000000000e+00
252.5000    0.000000000000e+00
252.7500    0.000000000000e+00
253.0000    0.000000000000e+00
253.2500    0.000000000000e+00
253.5000    0.000000000000e+00
253.7500    0.000000000000e+00
254.0000    0.000000000000e+00
254.2500    0.000000000000e+00
254.5000    0.000000000000e+00
254.7500    0.000000000000e+00
255.0000    0.000000000000e+00
255.2500    0.000000000000e+00
255.5000    0.000000000000e+00
255.7500    0.000000000000e+00
256.0000    0.000000000000e+00
256.2500    0.000000000000e+00
256.5000    0.000000000000e+00
256.7500    0.000000000000e+00
257.0000    0.000000000000e+00
257.2500    0.000000000000e+00
257.5000    0.000000000000e+00
257.7500    0.000000000000e+00
258.0000    0.000000000000e+00
258.2500    0.000000000000e+00
258.5000    0.000000000000e+00
258.7500    0.000000000000e+00
259.0000    0.000000000000e+00
259.2500    0.000000000000e+00
259.5000    0.000000000000e+00
259.7500    0.000000000000e+00
260.0000    0.000000000000e+00
260.2500    0.000000000000e+00
260.5000    0.000000000000e+00
260.7500    0.000000000000e+00
261.0000    0.000000000000e+00
261.2500    0.000000000000e+00
261.5000    0.000000000000e+00
261.7500    0.000000000000e+00
262.0000    0.000000000000e+00
262.2500    0.000000000000e+00
262.5000    0.000000000000e+00
262.7500    0.000000000000e+00
263.0000    0.000000000000e+00
263.2500    0.000000000000e+00
263.5000    0.000000000000e+00
263.7500    0.000000000000e+00
264.0000    0.000000000000e+00
264.2500    0.000000000000e+00
264.5000    0.000000000000e+00
264.7500    0.000000000000e+00
265.0000    0.000000000000e+00
265.2500    0.000000000000e+00
265.5000    0.000000000000e+00
265.7500    0.000000000000e+00
266.0000    0.000000000000e+00
266.2500    0.000000000000e+00
266.5000    0.000000000000e+00
266.7500    0.000000000000e+00
267.0000    0.000000000000e+00
267.2500    0.000000000000e+00
267.5000    0.000000000000e+00
267.7500    0.000000000000e+00
268.0000    0.000000000000e+00
268.2500    0.000000000000e+00
268.5000    0.000000000000e+00
268.7500    0.000000000000e+00
269.0000    0.000000000000e+00
269.2500    0.000000000000e+00
269.5000    0.000000000000e+00
269.7500    0.000000000000e+00
270.0000    0.000000000000e+00
270.2500    0.000000000000e+00
270.5000    0.000000000000e+00
270.7500    0.000000000000e+00
271.0000    0.000000000000e+00
271.2500    0.000000000000e+00
271.5000    0.000000000000e+00
271.7500    0.000000000000e+00
272.0000    0.000000000000e+00
272.2500    0.000000000000e+00
272.5000    0.000000000000e+00
272.7500    0.000000000000e+00
273.0000    0.000000000000e+00
273.2500    0.000000000000e+00
273.5000    0.000000000000e+00
273.7500    0.000000000000e+00
274.0000    0.000000000000e+00
274.2500    0.000000000000e+00
274.5000    0.000000000000e+00
274.7500    0.000000000000e+00
275.0000    0.000000000000e+00
275.2500    0.000000000000e+00
275.5000    0.000000000000e+00
275.7500    0.000000000000e+00
276.0000    0.000000000000e+00
276.2500    0.000000000000e+00
276.5000    0.000000000000e+00
276.7500    0.000000000000e+00
277.0000    0.000000000000e+00
277.2500    0.000000000000e+00
277.5000    0.000000000000e+00
277.7500    0.000000000000e+00
278.0000    0.000000000000e+00
278.2500    0.000000000000e+00
278.5000    0.000000000000e+00
278.7500    0.000000000000e+00
279.0000    0.000000000000e+00
279.2500    0.000000000000e+00
279.5000    0.000000000000e+00
279.7500    0.000000000000e+00
280.0000    0.000000000000e+00
280.2500    0.000000000000e+00
280.5000    0.000000000000e+00
280.7500    0.000000000000e+00
281.0000    0.000000000000e+00
281.2500    0.000000000000e+00
281.5000    0.000000000000e+00
281.7500    0.000000000000e+00
282.0000    0.000000000000e+00
282.2500    0.000000000000e+00
282.5000    0.000000000000e+00
282.7500    0.000000000000e+00
283.0000    0.000000000000e+00
283.2500    0.000000000000e+00
283.5000    0.000000000000e+00
283.7500    0.000000000000e+00
284.0000    0.000000000000e+00
284.2500    0.000000000000e+00
284.5000    0.000000000000e+00
284.7500    0.000000000000e+00
285.0000    0.000000000000e+00
285.2500    0.000000000000e+00
285.5000    0.000000000000e+00
285.7500    0.000000000000e+00
286.0000    0.000000000000e+00
286.2500    0.000000000000e+00
286.5000    0.000000000000e+00
286.7500    0.000000000000e+00
287.0000    0.000000000000e+00
287.2500    0.000000000000e+00
287.5000    0.000000000000e+00
287.7500    0.000000000000e+00
288.0000    0.000000000000e+00
288.2500    0.000000000000e+00
288.5000    0.000000000000e+00
288.7500    0.000000000000e+00
289.0000    0.000000000000e+00
289.2500    0.000000000000e+00
289.5000    0.000000000000e+00
289.7500    0.000000000000e+00
290.0000    0.000000000000e+00
290.2500    0.000000000000e+00
290.5000    0.000000000000e+00
290.7500    0.000000000000e+00
291.0000    0.000000000000e+00
291.2500    0.000000000000e+00
291.5000    0.000000000000e+00
291.7500    0.000000000000e+00
292.0000    0.000000000000e+00
292.2500    0.000000000000e+00
292.5000    0.000000000000e+00
292.7500    0.000000000000e+00
293.0000    0.000000000000e+00
293.2500    0.000000000000e+00
293.5000    0.000000000000e+00
293.7500    0.000000000000e+00
294.0000    0.000000000000e+00
294.2500    0.000000000000e+00
294.5000    0.000000000000e+00
294.7500    0.000000000000e+00
295.0000    0.000000000000e+00
295.2500    0.000000000000e+00
295.5000    0.000000000000e+00
295.7500    0.000000000000e+00
296.0000    0.000000000000e+00
296.2500    0.000000000000e+00
296.5000    0.000000000000e+00
296.7500    0.000000000000e+00
297.0000    0.000000000000e+00
297.2500    0.000000000000e+00
297.5000    0.000000000000e+00
297.7500    0.000000000000e+00
298.0000    0.000000000000e+00
298.2500    0.000000000000e+00
298.5000    0.000000000000e+00
298.7500    0.000000000000e+00
299.0000    0.000000000000e+00
299.2500    0.000000000000e+00
299.5000    0.000000000000e+00
299.7500    0.000000000000e+00
300.0000    0.000000000000e+00
300.2500    0.000000000000e+00
300.5000    0.000000000000e+00
300.7500    0.000000000000e+00
301.0000    0.000000000000e+00
301.2500    0.000000000000e+00
301.5000    0.000000000000e+00
301.7500    0.000000000000e+00
302.0000    0.000000000000e+00
302.2500    0.000000000000e+00
302.5000    0.000000000000e+00
302.7500    0.000000000000e+00
303.0000    0.000000000000e+00
303.2500    0.000000000000e+00
303.5000    0.000000000000e+00
303.7500    0.000000000000e+00
304.0000    0.000000000000e+00
304.2500    0.000000000000e+00
304.5000    0.000000000000e+00
304.7500    0.000000000000e+00
305.0000    0.000000000000e+00
305.2500    0.000000000000e+00
305.5000    0.000000000000e+00
305.7500    0.000000000000e+00
306.0000    0.000000000000e+00
306.2500    0.000000000000e+00
306.5000    0.000000000000e+00
306.7500    0.000000000000e+00
307.0000    0.000000000000e+00
307.2500    0.000000000000e+00
307.5000    0.000000000000e+00
307.7500    0.000000000000e+00
308.0000    0.000000000000e+00
308.2500    0.000000000000e+00
308.5000    0.000000000000e+00
308.7500    0.000000000000e+00
309.0000    0.000000000000e+00
309.2500    0.000000000000e+00
309.5000    0.000000000000e+00
309.7500    0.000000000000e+00
310.0000    0.000000000000e+00
310.2500    0.000000000000e+00
310.5000    0.000000000000e+00
310.7500    0.000000000000e+00
311.0000    0.000000000000e+00
311.2500    0.000000000000e+00
311.5000    0.000000000000e+00
311.7500    0.000000000000e+00
312.0000    0.000000000000e+00
312.2500    0.000000000000e+00
312.5000    0.000000000000e+00
312.7500    0.000000000000e+00
313.0000    0.000000000000e+00
313.2500    0.000000000000e+00
313.5000    0.000000000000e+00
313.7500    0.000000000000e+00
314.0000    0.000000000000e+00
314.2500    0.000000000000e+00
314.5000    0.000000000000e+00
314.7500    0.000000000000e+00
315.0000    0.000000000000e+00
315.2500    0.000000000000e+00
315.5000    0.000000000000e+00
315.7500    0.000000000000e+00
316.0000    0.000000000000e+00
316.2500    0.000000000000e+00
316.5000    0.000000000000e+00
316.7500    0.000000000000e+00
317.0000    0.000000000000e+00
317.2500    0.000000000000e+00
317.5000    0.000000000000e+00
317.7500    0.000000000000e+00
318.0000    0.000000000000e+00
318.2500    0.000000000000e+00
318.5000    0.000000000000e+00
318.7500    0.000000000000e+00
319.0000    0.000000000000e+00
319.2500    0.000000000000e+00
319.5000    0.000000000000e+00
319.7500    0.000000000000e+00
320.0000    0.000000000000e+00
320.2500    0.000000000000e+00
320.5000    0.000000000000e+00
320.7500    0.000000000000e+00
321.0000    0.000000000000e+00
321.2500    0.000000000000e+00
321.5000    0.000000000000e+00
321.7500    0.000000000000e+00
322.0000    0.000000000000e+00
322.2500    0.000000000000e+00
322.5000    0.000000000000e+00
322.7500    0.000000000000e+00
323.0000    0.000000000000e+00
323.2500    0.000000000000e+00
323.5000    0.000000000000e+00
323.7500    0.000000000000e+00
324.0000    0.000000000000e+00
324.2500    0.000000000000e+00
324.5000    0.000000000000e+00
324.7500    0.000000000000e+00
325.0000    0.000000000000e+00
325.2500    0.000000000000e+00
325.5000    0.000000000000e+00
325.7500    0.000000000000e+00
326.0000    0.000000000000e+00
326.2500    0.000000000000e+00
326.5000    0.000000000000e+00
326.7500    0.000000000000e+00
327.0000    0.000000000000e+00
327.2500    0.000000000000e+00
327.5000    0.000000000000e+00
327.7500    0.000000000000e+00
328.0000    0.000000000000e+00
328.2500    0.000000000000e+00
328.5000    0.000000000000e+00
328.7500    0.000000000000e+00
329.0000    0.000000000000e+00
329.2500    0.000000000000e+00
329.5000    0.000000000000e+00
329.7500    0.000000000000e+00
330.0000    0.000000000000e+00
330.2500    0.000000000000e+00
330.5000    0.000000000000e+00
330.7500    0.000000000000e+00
331.0000    0.000000000000e+00
331.2500    0.000000000000e+00
331.5000    0.000000000000e+00
331.7500    0.000000000000e+00
332.0000    0.000000000000e+00
332.2500    0.000000000000e+00
332.5000    0.000000000000e+00
332.7500    0.000000000000e+00
333.0000    0.000000000000e+00
333.2500    0.000000000000e+00
333.5000    0.000000000000e+00
333.7500    0.000000000000e+00
334.0000    0.000000000000e+00
334.2500    0.000000000000e+00
334.5000    0.000000000000e+00
334.7500    0.000000000000e+00
335.0000    0.000000000000e+00
335.2500    0.000000000000e+00
335.5000    0.000000000000e+00
335.7500    0.000000000000e+00
336.0000    0.000000000000e+00
336.2500    0.000000000000e+00
336.5000    0.000000000000e+00
336.7500    0.000000000000e+00
337.0000    0.000000000000e+00
337.2500    0.000000000000e+00
337.5000    0.000000000000e+00
337.7500    0.000000000000e+00
338.0000    0.000000000000e+00
338.2500    0.000000000000e+00
338.5000    0.000000000000e+00
338.7500    0.000000000000e+00
339.0000    0.000000000000e+00
339.2500    0.000000000000e+00
339.5000    0.000000000000e+00
339.7500    0.000000000000e+00
340.0000    0.000000000000e+00
340.2500    0.000000000000e+00
340.5000    0.000000000000e+00
340.7500    0.000000000000e+00
341.0000    0.000000000000e+00
341.2500    0.000000000000e+00
341.5000    0.000000000000e+00
341.7500    0.000000000000e+00
342.0000    0.000000000000e+00
342.2500    0.000000000000e+00
342.5000    0.000000000000e+00
342.7500    0.000000000000e+00
343.0000    0.000000000000e+00
343.2500    0.000000000000e+00
343.5000    0.000000000000e+00
343.7500    0.000000000000e+00
344.0000    0.000000000000e+00
344.2500    0.000000000000e+00
344.5000    0.000000000000e+00
344.7500    0.000000000000e+00
345.0000    0.000000000000e+00
345.2500    0.000000000000e+00
345.5000    0.000000000000e+00
345.7500    0.000000000000e+00
346.0000    0.000000000000e+00
346.2500    0.000000000000e+00
346.5000    0.000000000000e+00
346.7500    0.000000000000e+00
347.0000    0.000000000000e+00
347.2500    0.000000000000e+00
347.5000    0.000000000000e+00
347.7500    0.000000000000e+00
348.0000    0.000000000000e+00
348.2500    0.000000000000e+00
348.5000    0.000000000000e+00
348.7500    0.000000000000e+00
349.0000    0.000000000000e+00
349.2500    0.000000000000e+00
349.5000    0.000000000000e+00
349.7500    0.000000000000e+00
350.0000    0.000000000000e+00
350.2500    0.000000000000e+00
350.5000    0.000000000000e+00
350.7500    0.000000000000e+00
351.0000    0.000000000000e+00
351.2500    0.000000000000e+00
351.5000    0.000000000000e+00
351.7500    0.000000000000e+00
352.0000    0.000000000000e+00
352.2500    0.000000000000e+00
352.5000    0.000000000000e+00
352.7500    0.000000000000e+00
353.0000    0.000000000000e+00
353.2500    0.000000000000e+00
353.5000    0.000000000000e+00
353.7500    0.000000000000e+00
354.0000    0.000000000000e+00
354.2500    0.000000000000e+00
354.5000    0.000000000000e+00
354.7500    0.000000000000e+00
355.0000    0.000000000000e+00
355.2500    0.000000000000e+00
355.5000    0.000000000000e+00
355.7500    0.000000000000e+00
356.0000    0.000000000000e+00
356.2500    0.000000000000e+00
356.5000    0.000000000000e+00
356.7500    0.000000000000e+00
357.0000    0.000000000000e+00
357.2500    0.000000000000e+00
357.5000    0.000000000000e+00
357.7500    0.000000000000e+00
358.0000    0.000000000000e+00
358.2500    0.000000000000e+00
358.5000    0.000000000000e+00
358.7500    0.000000000000e+00
359.0000    0.000000000000e+00
359.2500    0.000000000000e+00
359.5000    0.000000000000e+00
359.7500    0.000000000000e+00
360.0000    0.000000000000e+00
360.2500    0.000000000000e+00
360.5000    0.000000000000e+00
360.7500    0.000000000000e+00
361.0000    0.000000000000e+00
361.2500    0.000000000000e+00
361.5000    0.000000000000e+00
361.7500    0.000000000000e+00
362.0000    0.000000000000e+00
362.2500    0.000000000000e+00
362.5000    0.000000000000e+00
362.7500    0.000000000000e+00
363.0000    0.000000000000e+00
363.2500    0.000000000000e+00
363.5000    0.000000000000e+00
363.7500    0.000000000000e+00
364.0000    0.000000000000e+00
364.2500    0.000000000000e+00
364.5000    0.000000000000e+00
364.7500    0.000000000000e+00
365.0000    0.000000000000e+00
365.2500    0.000000000000e+00
365.5000    0.000000000000e+00
365.7500    0.000000000000e+00
366.0000    0.000000000000e+00
366.2500    0.000000000000e+00
366.5000    0.000000000000e+00
366.7500    0.000000000000e+00
367.0000    0.000000000000e+00
367.2500    0.000000000000e+00
367.5000    0.000000000000e+00
367.7500    0.000000000000e+00
368.0000    0.000000000000e+00
368.2500    0.000000000000e+00
368.5000    0.000000000000e+00
368.7500    0.000000000000e+00
369.0000    0.000000000000e+00
369.2500    0.000000000000e+00
369.5000    0.000000000000e+00
369.7500    0.000000000000e+00
370.0000    0.000000000000e+00
370.2500    0.000000000000e+00
370.5000    0.000000000000e+00
370.7500    0.000000000000e+00
371.0000    0.000000000000e+00
371.2500    0.000000000000e+00
371.5000    0.000000000000e+00
371.7500    0.000000000000e+00
372.0000    0.000000000000e+00
372.2500    0.000000000000e+00
372.5000    0.000000000000e+00
372.7500    0.000000000000e+00
373.0000    0.000000000000e+00
373.2500    0.000000000000e+00
373.5000    0.000000000000e+00
373.7500    0.000000000000e+00
374.0000    0.000000000000e+00
374.2500    0.000000000000e+00
374.5000    0.000000000000e+00
374.7500    0.000000000000e+00
375.0000    0.000000000000e+00
375.2500    0.000000000000e+00
375.5000    0.000000000000e+00
375.7500    0.000000000000e+00
376.0000    0.000000000000e+00
376.2500    0.000000000000e+00
376.5000    0.000000000000e+00
376.7500    0.000000000000e+00
377.0000    0.000000000000e+00
377.2500    0.000000000000e+00
377.5000    0.000000000000e+00
377.7500    0.000000000000e+00
378.0000    0.000000000000e+00
378.2500    0.000000000000e+00
378.5000    0.000000000000e+00
378.7500    0.000000000000e+00
379.0000    0.000000000000e+00
379.2500    0.000000000000e+00
379.5000    0.000000000000e+00
379.7500    0.000000000000e+00
380.0000    0.000000000000e+00
380.2500    0.000000000000e+00
380.5000    0.000000000000e+00
380.7500    0.000000000000e+00
381.0000    0.000000000000e+00
381.2500    0.000000000000e+00
381.5000    0.000000000000e+00
381.7500    0.000000000000e+00
382.0000    0.000000000000e+00
382.2500    0.000000000000e+00
382.5000    0.000000000000e+00
382.7500    0.000000000000e+00
383.0000    0.000000000000e+00
383.2500    0.000000000000e+00
383.5000    0.000000000000e+00
383.7500    0.000000000000e+00
384.0000    0.000000000000e+00
384.2500    0.000000000000e+00
384.5000    0.000000000000e+00
384.7500    0.000000000000e+00
385.0000    0.000000000000e+00
385.2500    0.000000000000e+00
385.5000    0.000000000000e+00
385.7500    0.000000000000e+00
386.0000    0.000000000000e+00
386.2500    0.000000000000e+00
386.5000    0.000000000000e+00
386.7500    0.000000000000e+00
387.0000    0.000000000000e+00
387.2500    0.000000000000e+00
387.5000    0.000000000000e+00
387.7500    0.000000000000e+00
388.0000    0.000000000000e+00
388.2500    0.000000000000e+00
388.5000    0.000000000000e+00
388.7500    0.000000000000e+00
389.0000    0.000000000000e+00
389.2500    0.000000000000e+00
389.5000    0.000000000000e+00
389.7500    0.000000000000e+00
390.0000    0.000000000000e+00
390.2500    0.000000000000e+00
390.5000    0.000000000000e+00
390.7500    0.000000000000e+00
391.0000    0.000000000000e+00
391.2500    0.000000000000e+00
391.5000    0.000000000000e+00
391.7500    0.000000000000e+00
392.0000    0.000000000000e+00
392.2500    0.000000000000e+00
392.5000    0.000000000000e+00
392.7500    0.000000000000e+00
393.0000    0.000000000000e+00
393.2500    0.000000000000e+00
393.5000    0.000000000000e+00
393.7500    0.000000000000e+00
394.0000    0.000000000000e+00
394.2500    0.000000000000e+00
394.5000    0.000000000000e+00
394.7500    0.000000000000e+00
395.0000    0.000000000000e+00
395.2500    0.000000000000e+00
395.5000    0.000000000000e+00
395.7500    0.000000000000e+00
396.0000    0.000000000000e+00
396.2500    0.000000000000e+00
396.5000    0.000000000000e+00
396.7500    0.000000000000e+00
397.0000    0.000000000000e+00
397.2500    0.000000000000e+00
397.5000    0.000000000000e+00
397.7500    0.000000000000e+00
398.0000    0.000000000000e+00
398.2500    0.000000000000e+00
398.5000    0.000000000000e+00
398.7500    0.000000000000e+00
399.0000    0.000000000000e+00
399.2500    0.000000000000e+00
399.5000    0.000000000000e+00
399.7500    0.000000000000e+00
400.0000    0.000000000000e+00
400.2500    0.000000000000e+00
400.5000    0.000000000000e+00
400.7500    0.000000000000e+00
401.0000    0.000000000000e+00
401.2500    0.000000000000e+00
401.5000    0.000000000000e+00
401.7500    0.000000000000e+00
402.0000    0.000000000000e+00
402.2500    0.000000000000e+00
402.5000    0.000000000000e+00
402.7500    0.000000000000e+00
403.0000    0.000000000000e+00
403.2500    0.000000000000e+00
403.5000    0.000000000000e+00
403.7500    0.000000000000e+00
404.0000    0.000000000000e+00
404.2500    0.000000000000e+00
404.5000    0.000000000000e+00
404.7500    0.000000000000e+00
405.0000    0.000000000000e+00
405.2500    0.000000000000e+00
405.5000    0.000000000000e+00
405.7500    0.000000000000e+00
406.0000    0.000000000000e+00
406.2500    0.000000000000e+00
406.5000    0.000000000000e+00
406.7500    0.000000000000e+00
407.0000    0.000000000000e+00
407.2500    0.000000000000e+00
407.5000    0.000000000000e+00
407.7500    0.000000000000e+00
408.0000    0.000000000000e+00
408.2500    0.000000000000e+00
408.5000    0.000000000000e+00
408.7500    0.000000000000e+00
409.0000    0.000000000000e+00
409.2500    0.000000000000e+00
409.5000    0.000000000000e+00
409.7500    0.000000000000e+00
410.0000    0.000000000000e+00
410.2500    0.000000000000e+00
410.5000    0.000000000000e+00
410.7500    0.000000000000e+00
411.0000    0.000000000000e+00
411.2500    0.000000000000e+00
411.5000    0.000000000000e+00
411.7500    0.000000000000e+00
412.0000    0.000000000000e+00
412.2500    0.000000000000e+00
412.5000    0.000000000000e+00
412.7500    0.000000000000e+00
413.0000    0.000000000000e+00
413.2500    0.000000000000e+00
413.5000    0.000000000000e+00
413.7500    0.000000000000e+00
414.0000    0.000000000000e+00
414.2500    0.000000000000e+00
414.5000    0.000000000000e+00
414.7500    0.000000000000e+00
415.0000    0.000000000000e+00
415.2500    0.000000000000e+00
415.5000    0.000000000000e+00
415.7500    0.000000000000e+00
416.0000    0.000000000000e+00
416.2500    0.000000000000e+00
416.5000    0.000000000000e+00
416.7500    0.000000000000e+00
417.0000    0.000000000000e+00
417.2500    0.000000000000e+00
417.5000    0.000000000000e+00
417.7500    0.000000000000e+00
418.0000    0.000000000000e+00
418.2500    0.000000000000e+00
418.5000    0.000000000000e+00
418.7500    0.000000000000e+00
419.0000    0.000000000000e+00
419.2500    0.000000000000e+00
419.5000    0.000000000000e+00
419.7500    0.000000000000e+00
420.0000    0.000000000000e+00
420.2500    0.000000000000e+00
420.5000    0.000000000000e+00
420.7500    0.000000000000e+00
421.0000    0.000000000000e+00
421.2500    0.000000000000e+00
421.5000    0.000000000000e+00
421.7500    0.000000000000e+00
422.0000    0.000000000000e+00
422.2500    0.000000000000e+00
422.5000    0.000000000000e+00
422.7500    0.000000000000e+00
423.0000    0.000000000000e+00
423.2500    0.000000000000e+00
423.5000    0.000000000000e+00
423.7500    0.000000000000e+00
424.0000    0.000000000000e+00
424.2500    0.000000000000e+00
424.5000    0.000000000000e+00
424.7500    0.000000000000e+00
425.0000    0.000000000000e+00
425.2500    0.000000000000e+00
425.5000    0.000000000000e+00
425.7500    0.000000000000e+00
426.0000    0.000000000000e+00
426.2500    0.000000000000e+00
426.5000    0.000000000000e+00
426.7500    0.000000000000e+00
427.0000    0.000000000000e+00
427.2500    0.000000000000e+00
427.5000    0.000000000000e+00
427.7500    0.000000000000e+00
428.0000    0.000000000000e+00
428.2500    0.000000000000e+00
428.5000    0.000000000000e+00
428.7500    0.000000000000e+00
429.0000    0.000000000000e+00
429.2500    0.000000000000e+00
429.5000    0.000000000000e+00
429.7500    0.000000000000e+00
430.0000    0.000000000000e+00
430.2500    0.000000000000e+00
430.5000    0.000000000000e+00
430.7500    0.000000000000e+00
431.0000    0.000000000000e+00
431.2500    0.000000000000e+00
431.5000    0.000000000000e+00
431.7500    0.000000000000e+00
432.0000    0.000000000000e+00
432.2500    0.000000000000e+00
432.5000    0.000000000000e+00
432.7500    0.000000000000e+00
433.0000    0.000000000000e+00
433.2500    0.000000000000e+00
433.5000    0.000000000000e+00
433.7500    0.000000000000e+00
434.0000    0.000000000000e+00
434.2500    0.000000000000e+00
434.5000    0.000000000000e+00
434.7500    0.000000000000e+00
435.0000    0.000000000000e+00
435.2500    0.000000000000e+00
435.5000    0.000000000000e+00
435.7500    0.000000000000e+00
436.0000    0.000000000000e+00
436.2500    0.000000000000e+00
436.5000    0.000000000000e+00
436.7500    0.000000000000e+00
437.0000    0.000000000000e+00
437.2500    0.000000000000e+00
437.5000    0.000000000000e+00
437.7500    0.000000000000e+00
438.0000    0.000000000000e+00
438.2500    0.000000000000e+00
438.5000    0.000000000000e+00
438.7500    0.000000000000e+00
439.0000    0.000000000000e+00
439.2500    0.000000000000e+00
439.5000    0.000000000000e+00
439.7500    0.000000000000e+00
440.0000    0.000000000000e+00
440.2500    0.000000000000e+00
440.5000    0.000000000000e+00
440.7500    0.000000000000e+00
441.0000    0.000000000000e+00
441.2500    0.000000000000e+00
441.5000    0.000000000000e+00
441.7500    0.000000000000e+00
442.0000    0.000000000000e+00
442.2500    0.000000000000e+00
442.5000    0.000000000000e+00
442.7500    0.000000000000e+00
443.0000    0.000000000000e+00
443.2500    0.000000000000e+00
443.5000    0.000000000000e+00
443.7500    0.000000000000e+00
444.0000    0.000000000000e+00
444.2500    0.000000000000e+00
444.5000    0.000000000000e+00
444.7500    0.000000000000e+00
445.0000    0.000000000000e+00
445.2500    0.000000000000e+00
445.5000    0.000000000000e+00
445.7500    0.000000000000e+00
446.0000    0.000000000000e+00
446.2500    0.000000000000e+00
446.5000    0.000000000000e+00
446.7500    0.000000000000e+00
447.0000    0.000000000000e+00
447.2500    0.000000000000e+00
447.5000    0.000000000000e+00
447.7500    0.000000000000e+00
448.0000    0.000000000000e+00
448.2500    0.000000000000e+00
448.5000    0.000000000000e+00
448.7500    0.000000000000e+00
449.0000    0.000000000000e+00
449.2500    0.000000000000e+00
449.5000    0.000000000000e+00
449.7500    0.000000000000e+00
450.0000    0.000000000000e+00
450.2500    0.000000000000e+00
450.5000    0.000000000000e+00
450.7500    0.000000000000e+00
451.0000    0.000000000000e+00
451.2500    0.000000000000e+00
451.5000    0.000000000000e+00
451.7500    0.000000000000e+00
452.0000    0.000000000000e+00
452.2500    0.000000000000e+00
452.5000    0.000000000000e+00
452.7500    0.000000000000e+00
453.0000    0.000000000000e+00
453.2500    0.000000000000e+00
453.5000    0.000000000000e+00
453.7500    0.000000000000e+00
454.0000    0.000000000000e+00
454.2500    0.000000000000e+00
454.5000    0.000000000000e+00
454.7500    0.000000000000e+00
455.0000    0.000000000000e+00
455.2500    0.000000000000e+00
455.5000    0.000000000000e+00
455.7500    0.000000000000e+00
456.0000    0.000000000000e+00
456.2500    0.000000000000e+00
456.5000    0.000000000000e+00
456.7500    0.000000000000e+00
457.0000    0.000000000000e+00
457.2500    0.000000000000e+00
457.5000    0.000000000000e+00
457.7500    0.000000000000e+00
458.0000    0.000000000000e+00
458.2500    0.000000000000e+00
458.5000    0.000000000000e+00
458.7500    0.000000000000e+00
459.0000    0.000000000000e+00
459.2500    0.000000000000e+00
459.5000    0.000000000000e+00
459.7500    0.000000000000e+00
460.0000    0.000000000000e+00
460.2500    0.000000000000e+00
460.5000    0.000000000000e+00
460.7500    0.000000000000e+00
461.0000    0.000000000000e+00
461.2500    0.000000000000e+00
461.5000    0.000000000000e+00
461.7500    0.000000000000e+00
462.0000    0.000000000000e+00
462.2500    0.000000000000e+00
462.5000    0.000000000000e+00
462.7500    0.000000000000e+00
463.0000    0.000000000000e+00
463.2500    0.000000000000e+00
463.5000    0.000000000000e+00
463.7500    0.000000000000e+00
464.0000    0.000000000000e+00
464.2500    0.000000000000e+00
464.5000    0.000000000000e+00
464.7500    0.000000000000e+00
465.0000    0.000000000000e+00
465.2500    0.000000000000e+00
465.5000    0.000000000000e+00
465.7500    0.000000000000e+00
466.0000    0.000000000000e+00
466.2500    0.000000000000e+00
466.5000    0.000000000000e+00
466.7500    0.000000000000e+00
467.0000    0.000000000000e+00
467.2500    0.000000000000e+00
467.5000    0.000000000000e+00
467.7500    0.000000000000e+00
468.0000    0.000000000000e+00
468.2500    0.000000000000e+00
468.5000    0.000000000000e+00
468.7500    0.000000000000e+00
469.0000    0.000000000000e+00
469.2500    0.000000000000e+00
469.5000    0.000000000000e+00
469.7500    0.000000000000e+00
470.0000    0.000000000000e+00
470.2500    0.000000000000e+00
470.5000    0.000000000000e+00
470.7500    0.000000000000e+00
471.0000    0.000000000000e+00
471.2500    0.000000000000e+00
471.5000    0.000000000000e+00
471.7500    0.000000000000e+00
472.0000    0.000000000000e+00
472.2500    0.000000000000e+00
472.5000    0.000000000000e+00
472.7500    0.000000000000e+00
473.0000    0.000000000000e+00
473.2500    0.000000000000e+00
473.5000    0.000000000000e+00
473.7500    0.000000000000e+00
474.0000    0.000000000000e+00
474.2500    0.000000000000e+00
474.5000    0.000000000000e+00
474.7500    0.000000000000e+00
475.0000    0.000000000000e+00
475.2500    0.000000000000e+00
475.5000    0.000000000000e+00
475.7500    0.000000000000e+00
476.0000    0.000000000000e+00
476.2500    0.000000000000e+00
476.5000    0.000000000000e+00
476.7500    0.000000000000e+00
477.0000    0.000000000000e+00
477.2500    0.000000000000e+00
477.5000    0.000000000000e+00
477.7500    0.000000000000e+00
478.0000    0.000000000000e+00
478.2500    0.000000000000e+00
478.5000    0.000000000000e+00
478.7500    0.000000000000e+00
479.0000    0.000000000000e+00
479.2500    0.000000000000e+00
479.5000    0.000000000000e+00
479.7500    0.000000000000e+00
480.0000    0.000000000000e+00
480.2500    0.000000000000e+00
480.5000    0.000000000000e+00
480.7500    0.000000000000e+00
481.0000    0.000000000000e+00
481.2500    0.000000000000e+00
481.5000    0.000000000000e+00
481.7500    0.000000000000e+00
482.0000    0.000000000000e+00
482.2500    0.000000000000e+00
482.5000    0.000000000000e+00
482.7500    0.000000000000e+00
483.0000    0.000000000000e+00
483.2500    0.000000000000e+00
483.5000    0.000000000000e+00
483.7500    0.000000000000e+00
484.0000    0.000000000000e+00
484.2500    0.000000000000e+00
484.5000    0.000000000000e+00
484.7500    0.000000000000e+00
485.0000    0.000000000000e+00
485.2500    0.000000000000e+00
485.5000    0.000000000000e+00
485.7500    0.000000000000e+00
486.0000    0.000000000000e+00
486.2500    0.000000000000e+00
486.5000    0.000000000000e+00
486.7500    0.000000000000e+00
487.0000    0.000000000000e+00
487.2500    0.000000000000e+00
487.5000    0.000000000000e+00
487.7500    0.000000000000e+00
488.0000    0.000000000000e+00
488.2500    0.000000000000e+00
488.5000    0.000000000000e+00
488.7500    0.000000000000e+00
489.0000    0.000000000000e+00
489.2500    0.000000000000e+00
489.5000    0.000000000000e+00
489.7500    0.000000000000e+00
490.0000    0.000000000000e+00
490.2500    0.000000000000e+00
490.5000    0.000000000000e+00
490.7500    0.000000000000e+00
491.0000    0.000000000000e+00
491.2500    0.000000000000e+00
491.5000    0.000000000000e+00
491.7500    0.000000000000e+00
492.0000    0.000000000000e+00
492.2500    0.000000000000e+00
492.5000    0.000000000000e+00
492.7500    0.000000000000e+00
493.0000    0.000000000000e+00
493.2500    0.000000000000e+00
493.5000    0.000000000000e+00
493.7500    0.000000000000e+00
494.0000    0.000000000000e+00
494.2500    0.000000000000e+00
494.5000    0.000000000000e+00
494.7500    0.000000000000e+00
495.0000    0.000000000000e+00
495.2500    0.000000000000e+00
495.5000    0.000000000000e+00
495.7500    0.000000000000e+00
496.0000    0.000000000000e+00
496.2500    0.000000000000e+00
496.5000    0.000000000000e+00
496.7500    0.000000000000e+00
497.0000    0.000000000000e+00
497.2500    0.000000000000e+00
497.5000    0.000000000000e+00
497.7500    0.000000000000e+00
498.0000    0.000000000000e+00
498.2500    0.000000000000e+00
498.5000    0.000000000000e+00
498.7500    0.000000000000e+00
499.0000    0.000000000000e+00
499.2500    0.000000000000e+00
499.5000    0.000000000000e+00
499.7500    0.000000000000e+00
500.0000    0.000000000000e+00
500.2500    0.000000000000e+00
500.5000    0.000000000000e+00
500.7500    0.000000000000e+00
501.0000    0.000000000000e+00
501.2500    0.000000000000e+00
501.5000    0.000000000000e+00
501.7500    0.000000000000e+00
502.0000    0.000000000000e+00
502.2500    0.000000000000e+00
502.5000    0.000000000000e+00
502.7500    0.000000000000e+00
503.0000    0.000000000000e+00
503.2500    0.000000000000e+00
503.5000    0.000000000000e+00
503.7500    0.000000000000e+00
504.0000    0.000000000000e+00
504.2500    0.000000000000e+00
504.5000    0.000000000000e+00
504.7500    0.000000000000e+00
505.0000    0.000000000000e+00
505.2500    0.000000000000e+00
505.5000    0.000000000000e+00
505.7500    0.000000000000e+00
506.0000    0.000000000000e+00
506.2500    0.000000000000e+00
506.5000    0.000000000000e+00
506.7500    0.000000000000e+00
507.0000    0.000000000000e+00
507.2500    0.000000000000e+00
507.5000    0.000000000000e+00
507.7500    0.000000000000e+00
508.0000    0.000000000000e+00
508.2500    0.000000000000e+00
508.5000    0.000000000000e+00
508.7500    0.000000000000e+00
509.0000    0.000000000000e+00
509.2500    0.000000000000e+00
509.5000    0.000000000000e+00
509.7500    0.000000000000e+00
510.0000    0.000000000000e+00
510.2500    0.000000000000e+00
510.5000    0.000000000000e+00
510.7500    0.000000000000e+00
511.0000    0.000000000000e+00
511.2500    0.000000000000e+00
511.5000    0.000000000000e+00
511.7500    0.000000000000e+00
512.0000    0.000000000000e+00
512.2500    0.000000000000e+00
512.5000    0.000000000000e+00
512.7500    0.000000000000e+00
513.0000    0.000000000000e+00
513.2500    0.000000000000e+00
513.5000    0.000000000000e+00
513.7500    0.000000000000e+00
514.0000    0.000000000000e+00
514.2500    0.000000000000e+00
514.5000    0.000000000000e+00
514.7500    0.000000000000e+00
515.0000    0.000000000000e+00
515.2500    0.000000000000e+00
515.5000    0.000000000000e+00
515.7500    0.000000000000e+00
516.0000    0.000000000000e+00
516.2500    0.000000000000e+00
516.5000    0.000000000000e+00
516.7500    0.000000000000e+00
517.0000    0.000000000000e+00
517.2500    0.000000000000e+00
517.5000    0.000000000000e+00
517.7500    0.000000000000e+00
518.0000    0.000000000000e+00
518.2500    0.000000000000e+00
518.5000    0.000000000000e+00
518.7500    0.000000000000e+00
519.0000    0.000000000000e+00
519.2500    0.000000000000e+00
519.5000    0.000000000000e+00
519.7500    0.000000000000e+00
520.0000    0.000000000000e+00
520.2500    0.000000000000e+00
520.5000    0.000000000000e+00
520.7500    0.000000000000e+00
521.0000    0.000000000000e+00
521.2500    0.000000000000e+00
521.5000    0.000000000000e+00
521.7500    0.000000000000e+00
522.0000    0.000000000000e+00
522.2500    0.000000000000e+00
522.5000    0.000000000000e+00
522.7500    0.000000000000e+00
523.0000    0.000000000000e+00
523.2500    0.000000000000e+00
523.5000    0.000000000000e+00
523.7500    0.000000000000e+00
524.0000    0.000000000000e+00
524.2500    0.000000000000e+00
524.5000    0.000000000000e+00
524.7500    0.000000000000e+00
525.0000    0.000000000000e+00
525.2500    0.000000000000e+00
525.5000    0.000000000000e+00
525.7500    0.000000000000e+00
526.0000    0.000000000000e+00
526.2500    0.000000000000e+00
526.5000    0.000000000000e+00
526.7500    0.000000000000e+00
527.0000    0.000000000000e+00
527.2500    0.000000000000e+00
527.5000    0.000000000000e+00
527.7500    0.000000000000e+00
528.0000    0.000000000000e+00
528.2500    0.000000000000e+00
528.5000    0.000000000000e+00
528.7500    0.000000000000e+00
529.0000    0.000000000000e+00
529.2500    0.000000000000e+00
529.5000    0.000000000000e+00
529.7500    0.000000000000e+00
530.0000    0.000000000000e+00
530.2500    0.000000000000e+00
530.5000    0.000000000000e+00
530.7500    0.000000000000e+00
531.0000    0.000000000000e+00
531.2500    0.000000000000e+00
531.5000    0.000000000000e+00
531.7500    0.000000000000e+00
532.0000    0.000000000000e+00
532.2500    0.000000000000e+00
532.5000    0.000000000000e+00
532.7500    0.000000000000e+00
533.0000    0.000000000000e+00
533.2500    0.000000000000e+00
533.5000    0.000000000000e+00
533.7500    0.000000000000e+00
534.0000    0.000000000000e+00
534.2500    0.000000000000e+00
534.5000    0.000000000000e+00
534.7500    0.000000000000e+00
535.0000    0.000000000000e+00
535.2500    0.000000000000e+00
535.5000    0.000000000000e+00
535.7500    0.000000000000e+00
536.0000    0.000000000000e+00
536.2500    0.000000000000e+00
536.5000    0.000000000000e+00
536.7500    0.000000000000e+00
537.0000    0.000000000000e+00
537.2500    0.000000000000e+00
537.5000    0.000000000000e+00
537.7500    0.000000000000e+00
538.0000    0.000000000000e+00
538.2500    0.000000000000e+00
538.5000    0.000000000000e+00
538.7500    0.000000000000e+00
539.0000    0.000000000000e+00
539.2500    0.000000000000e+00
539.5000    0.000000000000e+00
539.7500    0.000000000000e+00
540.0000    0.000000000000e+00
540.2500    0.000000000000e+00
540.5000    0.000000000000e+00
540.7500    0.000000000000e+00
541.0000    0.000000000000e+00
541.2500    0.000000000000e+00
541.5000    0.000000000000e+00
541.7500    0.000000000000e+00
542.0000    0.000000000000e+00
542.2500    0.000000000000e+00
542.5000    0.000000000000e+00
542.7500    0.000000000000e+00
543.0000    0.000000000000e+00
543.2500    0.000000000000e+00
543.5000    0.000000000000e+00
543.7500    0.000000000000e+00
544.0000    0.000000000000e+00
544.2500    0.000000000000e+00
544.5000    0.000000000000e+00
544.7500    0.000000000000e+00
545.0000    0.000000000000e+00
545.2500    0.000000000000e+00
545.5000    0.000000000000e+00
545.7500    0.000000000000e+00
546.0000    0.000000000000e+00
546.2500    0.000000000000e+00
546.5000    0.000000000000e+00
546.7500    0.000000000000e+00
547.0000    0.000000000000e+00
547.2500    0.000000000000e+00
547.5000    0.000000000000e+00
547.7500    0.000000000000e+00
548.0000    0.000000000000e+00
548.2500    0.000000000000e+00
548.5000    0.000000000000e+00
548.7500    0.000000000000e+00
549.0000    0.000000000000e+00
549.2500    0.000000000000e+00
549.5000    0.000000000000e+00
549.7500    0.000000000000e+00
550.0000    0.000000000000e+00
550.2500    0.000000000000e+00
550.5000    0.000000000000e+00
550.7500    0.000000000000e+00
551.0000    0.000000000000e+00
551.2500    0.000000000000e+00
551.5000    0.000000000000e+00
551.7500    0.000000000000e+00
552.0000    0.000000000000e+00
552.2500    0.000000000000e+00
552.5000    0.000000000000e+00
552.7500    0.000000000000e+00
553.0000    0.000000000000e+00
553.2500    0.000000000000e+00
553.5000    0.000000000000e+00
553.7500    0.000000000000e+00
554.0000    0.000000000000e+00
554.2500    0.000000000000e+00
554.5000    0.000000000000e+00
554.7500    0.000000000000e+00
555.0000    0.000000000000e+00
555.2500    0.000000000000e+00
555.5000    0.000000000000e+00
555.7500    0.000000000000e+00
556.0000    0.000000000000e+00
556.2500    0.000000000000e+00
556.5000    0.000000000000e+00
556.7500    0.000000000000e+00
557.0000    0.000000000000e+00
557.2500    0.000000000000e+00
557.5000    0.000000000000e+00
557.7500    0.000000000000e+00
558.0000    0.000000000000e+00
558.2500    0.000000000000e+00
558.5000    0.000000000000e+00
558.7500    0.000000000000e+00
559.0000    0.000000000000e+00
559.2500    0.000000000000e+00
559.5000    0.000000000000e+00
559.7500    0.000000000000e+00
560.0000    0.000000000000e+00
560.2500    0.000000000000e+00
560.5000    0.000000000000e+00
560.7500    0.000000000000e+00
561.0000    0.000000000000e+00
561.2500    0.000000000000e+00
561.5000    0.000000000000e+00
561.7500    0.000000000000e+00
562.0000    0.000000000000e+00
562.2500    0.000000000000e+00
562.5000    0.000000000000e+00
562.7500    0.000000000000e+00
563.0000    0.000000000000e+00
563.2500    0.000000000000e+00
563.5000    0.000000000000e+00
563.7500    0.000000000000e+00
564.0000    0.000000000000e+00
564.2500    0.000000000000e+00
564.5000    0.000000000000e+00
564.7500    0.000000000000e+00
565.0000    0.000000000000e+00
565.2500    0.000000000000e+00
565.5000    0.000000000000e+00
565.7500    0.000000000000e+00
566.0000    0.000000000000e+00
566.2500    0.000000000000e+00
566.5000    0.000000000000e+00
566.7500    0.000000000000e+00
567.0000    0.000000000000e+00
567.2500    0.000000000000e+00
567.5000    0.000000000000e+00
567.7500    0.000000000000e+00
568.0000    0.000000000000e+00
568.2500    0.000000000000e+00
568.5000    0.000000000000e+00
568.7500    0.000000000000e+00
569.0000    0.000000000000e+00
569.2500    0.000000000000e+00
569.5000    0.000000000000e+00
569.7500    0.000000000000e+00
570.0000    0.000000000000e+00
570.2500    0.000000000000e+00
570.5000    0.000000000000e+00
570.7500    0.000000000000e+00
571.0000    0.000000000000e+00
571.2500    0.000000000000e+00
571.5000    0.000000000000e+00
571.7500    0.000000000000e+00
572.0000    0.000000000000e+00
572.2500    0.000000000000e+00
572.5000    0.000000000000e+00
572.7500    0.000000000000e+00
573.0000    0.000000000000e+00
573.2500    0.000000000000e+00
573.5000    0.000000000000e+00
573.7500    0.000000000000e+00
574.0000    0.000000000000e+00
574.2500    0.000000000000e+00
574.5000    0.000000000000e+00
574.7500    0.000000000000e+00
575.0000    0.000000000000e+00
575.2500    0.000000000000e+00
575.5000    0.000000000000e+00
575.7500    0.000000000000e+00
576.0000    0.000000000000e+00
576.2500    0.000000000000e+00
576.5000    0.000000000000e+00
576.7500    0.000000000000e+00
577.0000    0.000000000000e+00
577.2500    0.000000000000e+00
577.5000    0.000000000000e+00
577.7500    0.000000000000e+00
578.0000    0.000000000000e+00
578.2500    0.000000000000e+00
578.5000    0.000000000000e+00
578.7500    0.000000000000e+00
579.0000    0.000000000000e+00
579.2500    0.000000000000e+00
579.5000    0.000000000000e+00
579.7500    0.000000000000e+00
580.0000    0.000000000000e+00
580.2500    0.000000000000e+00
580.5000    0.000000000000e+00
580.7500    0.000000000000e+00
581.0000    0.000000000000e+00
581.2500    0.000000000000e+00
581.5000    0.000000000000e+00
581.7500    0.000000000000e+00
582.0000    0.000000000000e+00
582.2500    0.000000000000e+00
582.5000    0.000000000000e+00
582.7500    0.000000000000e+00
583.0000    0.000000000000e+00
583.2500    0.000000000000e+00
583.5000    0.000000000000e+00
583.7500    0.000000000000e+00
584.0000    0.000000000000e+00
584.2500    0.000000000000e+00
584.5000    0.000000000000e+00
584.7500    0.000000000000e+00
585.0000    0.000000000000e+00
585.2500    0.000000000000e+00
585.5000    0.000000000000e+00
585.7500    0.000000000000e+00
586.0000    0.000000000000e+00
586.2500    0.000000000000e+00
586.5000    0.000000000000e+00
586.7500    0.000000000000e+00
587.0000    0.000000000000e+00
587.2500    0.000000000000e+00
587.5000    0.000000000000e+00
587.7500    0.000000000000e+00
588.0000    0.000000000000e+00
588.2500    0.000000000000e+00
588.5000    0.000000000000e+00
588.7500    0.000000000000e+00
589.0000    0.000000000000e+00
589.2500    0.000000000000e+00
589.5000    0.000000000000e+00
589.7500    0.000000000000e+00
590.0000    0.000000000000e+00
590.2500    0.000000000000e+00
590.5000    0.000000000000e+00
590.7500    0.000000000000e+00
591.0000    0.000000000000e+00
591.2500    0.000000000000e+00
591.5000    0.000000000000e+00
591.7500    0.000000000000e+00
592.0000    0.000000000000e+00
592.2500    0.000000000000e+00
592.5000    0.000000000000e+00
592.7500    0.000000000000e+00
593.0000    0.000000000000e+00
593.2500    0.000000000000e+00
593.5000    0.000000000000e+00
593.7500    0.000000000000e+00
594.0000    0.000000000000e+00
594.2500    0.000000000000e+00
594.5000    0.000000000000e+00
594.7500    0.000000000000e+00
595.0000    0.000000000000e+00
595.2500    0.000000000000e+00
595.5000    0.000000000000e+00
595.7500    0.000000000000e+00
596.0000    0.000000000000e+00
596.2500    0.000000000000e+00
596.5000    0.000000000000e+00
596.7500    0.000000000000e+00
597.0000    0.000000000000e+00
597.2500    0.000000000000e+00
597.5000    0.000000000000e+00
597.7500    0.000000000000e+00
598.0000    0.000000000000e+00
598.2500    0.000000000000e+00
598.5000    0.000000000000e+00
598.7500    0.000000000000e+00
599.0000    0.000000000000e+00
599.2500    0.000000000000e+00
599.5000    0.000000000000e+00
599.7500    0.000000000000e+00
600.0000    0.000000000000e+00
600.2500    0.000000000000e+00
600.5000    0.000000000000e+00
600.7500    0.000000000000e+00
601.0000    0.000000000000e+00
601.2500    0.000000000000e+00
601.5000    0.000000000000e+00
601.7500    0.000000000000e+00
602.0000    0.000000000000e+00
602.2500    0.000000000000e+00
602.5000    0.000000000000e+00
602.7500    0.000000000000e+00
603.0000    0.000000000000e+00
603.2500    0.000000000000e+00
603.5000    0.000000000000e+00
603.7500    0.000000000000e+00
604.0000    0.000000000000e+00
604.2500    0.000000000000e+00
604.5000    0.000000000000e+00
604.7500    0.000000000000e+00
605.0000    0.000000000000e+00
605.2500    0.000000000000e+00
605.5000    0.000000000000e+00
605.7500    0.000000000000e+00
606.0000    0.000000000000e+00
606.2500    0.000000000000e+00
606.5000    0.000000000000e+00
606.7500    0.000000000000e+00
607.0000    0.000000000000e+00
607.2500    0.000000000000e+00
607.5000    0.000000000000e+00
607.7500    0.000000000000e+00
608.0000    0.000000000000e+00
608.2500    0.000000000000e+00
608.5000    0.000000000000e+00
608.7500    0.000000000000e+00
609.0000    0.000000000000e+00
609.2500    0.000000000000e+00
609.5000    0.000000000000e+00
609.7500    0.000000000000e+00
610.0000    0.000000000000e+00
610.2500    0.000000000000e+00
610.5000    0.000000000000e+00
610.7500    0.000000000000e+00
611.0000    0.000000000000e+00
611.2500    0.000000000000e+00
611.5000    0.000000000000e+00
611.7500    0.000000000000e+00
612.0000    0.000000000000e+00
612.2500    0.000000000000e+00
612.5000    0.000000000000e+00
612.7500    0.000000000000e+00
613.0000    0.000000000000e+00
613.2500    0.000000000000e+00
613.5000    0.000000000000e+00
613.7500    0.000000000000e+00
614.0000    0.000000000000e+00
614.2500    0.000000000000e+00
614.5000    0.000000000000e+00
614.7500    0.000000000000e+00
615.0000    0.000000000000e+00
615.2500    0.000000000000e+00
615.5000    0.000000000000e+00
615.7500    0.000000000000e+00
616.0000    0.000000000000e+00
616.2500    0.000000000000e+00
616.5000    0.000000000000e+00
616.7500    0.000000000000e+00
617.0000    0.000000000000e+00
617.2500    0.000000000000e+00
617.5000    0.000000000000e+00
617.7500    0.000000000000e+00
618.0000    0.000000000000e+00
618.2500    0.000000000000e+00
618.5000    0.000000000000e+00
618.7500    0.000000000000e+00
619.0000    0.000000000000e+00
619.2500    0.000000000000e+00
619.5000    0.000000000000e+00
619.7500    0.000000000000e+00
620.0000    0.000000000000e+00
620.2500    0.000000000000e+00
620.5000    0.000000000000e+00
620.7500    0.000000000000e+00
621.0000    0.000000000000e+00
621.2500    0.000000000000e+00
621.5000    0.000000000000e+00
621.7500    0.000000000000e+00
622.0000    0.000000000000e+00
622.2500    0.000000000000e+00
622.5000    0.000000000000e+00
622.7500    0.000000000000e+00
623.0000    0.000000000000e+00
623.2500    0.000000000000e+00
623.5000    0.000000000000e+00
623.7500    0.000000000000e+00
624.0000    0.000000000000e+00
624.2500    0.000000000000e+00
624.5000    0.000000000000e+00
624.7500    0.000000000000e+00
625.0000    0.000000000000e+00
625.2500    0.000000000000e+00
625.5000    0.000000000000e+00
625.7500    0.000000000000e+00
626.0000    0.000000000000e+00
626.2500    0.000000000000e+00
626.5000    0.000000000000e+00
626.7500    0.000000000000e+00
627.0000    0.000000000000e+00
627.2500    0.000000000000e+00
627.5000    0.000000000000e+00
627.7500    0.000000000000e+00
628.0000    0.000000000000e+00
628.2500    0.000000000000e+00
628.5000    0.000000000000e+00
628.7500    0.000000000000e+00
629.0000    0.000000000000e+00
629.2500    0.000000000000e+00
629.5000    0.000000000000e+00
629.7500    0.000000000000e+00
630.0000    0.000000000000e+00
630.2500    0.000000000000e+00
630.5000    0.000000000000e+00
630.7500    0.000000000000e+00
631.0000    0.000000000000e+00
631.2500    0.000000000000e+00
631.5000    0.000000000000e+00
631.7500    0.000000000000e+00
632.0000    0.000000000000e+00
632.2500    0.000000000000e+00
632.5000    0.000000000000e+00
632.7500    0.000000000000e+00
633.0000    0.000000000000e+00
633.2500    0.000000000000e+00
633.5000    0.000000000000e+00
633.7500    0.000000000000e+00
634.0000    0.000000000000e+00
634.2500    0.000000000000e+00
634.5000    0.000000000000e+00
634.7500    0.000000000000e+00
635.0000    0.000000000000e+00
635.2500    0.000000000000e+00
635.5000    0.000000000000e+00
635.7500    0.000000000000e+00
636.0000    0.000000000000e+00
636.2500    0.000000000000e+00
636.5000    0.000000000000e+00
636.7500    0.000000000000e+00
637.0000    0.000000000000e+00
637.2500    0.000000000000e+00
637.5000    0.000000000000e+00
637.7500    0.000000000000e+00
638.0000    0.000000000000e+00
638.2500    0.000000000000e+00
638.5000    0.000000000000e+00
638.7500    0.000000000000e+00
639.0000    0.000000000000e+00
639.2500    0.000000000000e+00
639.5000    0.000000000000e+00
639.7500    0.000000000000e+00
640.0000    0.000000000000e+00
640.2500    0.000000000000e+00
640.5000    0.000000000000e+00
640.7500    0.000000000000e+00
641.0000    0.000000000000e+00
641.2500    0.000000000000e+00
641.5000    0.000000000000e+00
641.7500    0.000000000000e+00
642.0000    0.000000000000e+00
642.2500    0.000000000000e+00
642.5000    0.000000000000e+00
642.7500    0.000000000000e+00
643.0000    0.000000000000e+00
643.2500    0.000000000000e+00
643.5000    0.000000000000e+00
643.7500    0.000000000000e+00
644.0000    0.000000000000e+00
644.2500    0.000000000000e+00
644.5000    0.000000000000e+00
644.7500    0.000000000000e+00
645.0000    0.000000000000e+00
645.2500    0.000000000000e+00
645.5000    0.000000000000e+00
645.7500    0.000000000000e+00
646.0000    0.000000000000e+00
646.2500    0.000000000000e+00
646.5000    0.000000000000e+00
646.7500    0.000000000000e+00
647.0000    0.000000000000e+00
647.2500    0.000000000000e+00
647.5000    0.000000000000e+00
647.7500    0.000000000000e+00
648.0000    0.000000000000e+00
648.2500    0.000000000000e+00
648.5000    0.000000000000e+00
648.7500    0.000000000000e+00
649.0000    0.000000000000e+00
649.2500    0.000000000000e+00
649.5000    0.000000000000e+00
649.7500    0.000000000000e+00
650.0000    0.000000000000e+00
650.2500    0.000000000000e+00
650.5000    0.000000000000e+00
650.7500    0.000000000000e+00
651.0000    0.000000000000e+00
651.2500    0.000000000000e+00
651.5000    0.000000000000e+00
651.7500    0.000000000000e+00
652.0000    0.000000000000e+00
652.2500    0.000000000000e+00
652.5000    0.000000000000e+00
652.7500    0.000000000000e+00
653.0000    0.000000000000e+00
653.2500    0.000000000000e+00
653.5000    0.000000000000e+00
653.7500    0.000000000000e+00
654.0000    0.000000000000e+00
654.2500    0.000000000000e+00
654.5000    0.000000000000e+00
654.7500    0.000000000000e+00
655.0000    0.000000000000e+00
655.2500    0.000000000000e+00
655.5000    0.000000000000e+00
655.7500    0.000000000000e+00
656.0000    0.000000000000e+00
656.2500    0.000000000000e+00
656.5000    0.000000000000e+00
656.7500    0.000000000000e+00
657.0000    0.000000000000e+00
657.2500    0.000000000000e+00
657.5000    0.000000000000e+00
657.7500    0.000000000000e+00
658.0000    0.000000000000e+00
658.2500    0.000000000000e+00
658.5000    0.000000000000e+00
658.7500    0.000000000000e+00
659.0000    0.000000000000e+00
659.2500    0.000000000000e+00
659.5000    0.000000000000e+00
659.7500    0.000000000000e+00
660.0000    0.000000000000e+00
660.2500    0.000000000000e+00
660.5000    0.000000000000e+00
660.7500    0.000000000000e+00
661.0000    0.000000000000e+00
661.2500    0.000000000000e+00
661.5000    0.000000000000e+00
661.7500    0.000000000000e+00
662.0000    0.000000000000e+00
662.2500    0.000000000000e+00
662.5000    0.000000000000e+00
662.7500    0.000000000000e+00
663.0000    0.000000000000e+00
663.2500    0.000000000000e+00
663.5000    0.000000000000e+00
663.7500    0.000000000000e+00
664.0000    0.000000000000e+00
664.2500    0.000000000000e+00
664.5000    0.000000000000e+00
664.7500    0.000000000000e+00
665.0000    0.000000000000e+00
665.2500    0.000000000000e+00
665.5000    0.000000000000e+00
665.7500    0.000000000000e+00
666.0000    0.000000000000e+00
666.2500    0.000000000000e+00
666.5000    0.000000000000e+00
666.7500    0.000000000000e+00
667.0000    0.000000000000e+00
667.2500    0.000000000000e+00
667.5000    0.000000000000e+00
667.7500    0.000000000000e+00
668.0000    0.000000000000e+00
668.2500    0.000000000000e+00
668.5000    0.000000000000e+00
668.7500    0.000000000000e+00
669.0000    0.000000000000e+00
669.2500    0.000000000000e+00
669.5000    0.000000000000e+00
669.7500    0.000000000000e+00
670.0000    0.000000000000e+00
670.2500    0.000000000000e+00
670.5000    0.000000000000e+00
670.7500    0.000000000000e+00
671.0000    0.000000000000e+00
671.2500    0.000000000000e+00
671.5000    0.000000000000e+00
671.7500    0.000000000000e+00
672.0000    0.000000000000e+00
672.2500    0.000000000000e+00
672.5000    0.000000000000e+00
672.7500    0.000000000000e+00
673.0000    0.000000000000e+00
673.2500    0.000000000000e+00
673.5000    0.000000000000e+00
673.7500    0.000000000000e+00
674.0000    0.000000000000e+00
674.2500    0.000000000000e+00
674.5000    0.000000000000e+00
674.7500    0.000000000000e+00
675.0000    0.000000000000e+00
675.2500    0.000000000000e+00
675.5000    0.000000000000e+00
675.7500    0.000000000000e+00
676.0000    0.000000000000e+00
676.2500    0.000000000000e+00
676.5000    0.000000000000e+00
676.7500    0.000000000000e+00
677.0000    0.000000000000e+00
677.2500    0.000000000000e+00
677.5000    0.000000000000e+00
677.7500    0.000000000000e+00
678.0000    0.000000000000e+00
678.2500    0.000000000000e+00
678.5000    0.000000000000e+00
678.7500    0.000000000000e+00
679.0000    0.000000000000e+00
679.2500    0.000000000000e+00
679.5000    0.000000000000e+00
679.7500    0.000000000000e+00
680.0000    0.000000000000e+00
680.2500    0.000000000000e+00
680.5000    0.000000000000e+00
680.7500    0.000000000000e+00
681.0000    0.000000000000e+00
681.2500    0.000000000000e+00
681.5000    0.000000000000e+00
681.7500    0.000000000000e+00
682.0000    0.000000000000e+00
682.2500    0.000000000000e+00
682.5000    0.000000000000e+00
682.7500    0.000000000000e+00
683.0000    0.000000000000e+00
683.2500    0.000000000000e+00
683.5000    0.000000000000e+00
683.7500    0.000000000000e+00
684.0000    0.000000000000e+00
684.2500    0.000000000000e+00
684.5000    0.000000000000e+00
684.7500    0.000000000000e+00
685.0000    0.000000000000e+00
685.2500    0.000000000000e+00
685.5000    0.000000000000e+00
685.7500    0.000000000000e+00
686.0000    0.000000000000e+00
686.2500    0.000000000000e+00
686.5000    0.000000000000e+00
686.7500    0.000000000000e+00
687.0000    0.000000000000e+00
687.2500    0.000000000000e+00
687.5000    0.000000000000e+00
687.7500    0.000000000000e+00
688.0000    0.000000000000e+00
688.2500    0.000000000000e+00
688.5000    0.000000000000e+00
688.7500    0.000000000000e+00
689.0000    0.000000000000e+00
689.2500    0.000000000000e+00
689.5000    0.000000000000e+00
689.7500    0.000000000000e+00
690.0000    0.000000000000e+00
690.2500    0.000000000000e+00
690.5000    0.000000000000e+00
690.7500    0.000000000000e+00
691.0000    0.000000000000e+00
691.2500    0.000000000000e+00
691.5000    0.000000000000e+00
691.7500    0.000000000000e+00
692.0000    0.000000000000e+00
692.2500    0.000000000000e+00
692.5000    0.000000000000e+00
692.7500    0.000000000000e+00
693.0000    0.000000000000e+00
693.2500    0.000000000000e+00
693.5000    0.000000000000e+00
693.7500    0.000000000000e+00
694.0000    0.000000000000e+00
694.2500    0.000000000000e+00
694.5000    0.000000000000e+00
694.7500    0.000000000000e+00
695.0000    0.000000000000e+00
695.2500    0.000000000000e+00
695.5000    0.000000000000e+00
695.7500    0.000000000000e+00
696.0000    0.000000000000e+00
696.2500    0.000000000000e+00
696.5000    0.000000000000e+00
696.7500    0.000000000000e+00
697.0000    0.000000000000e+00
697.2500    0.000000000000e+00
697.5000    0.000000000000e+00
697.7500    0.000000000000e+00
698.0000    0.000000000000e+00
698.2500    0.000000000000e+00
698.5000    0.000000000000e+00
698.7500    0.000000000000e+00
699.0000    0.000000000000e+00
699.2500    0.000000000000e+00
699.5000    0.000000000000e+00
699.7500    0.000000000000e+00
700.0000    0.000000000000e+00
700.2500    0.000000000000e+00
700.5000    0.000000000000e+00
700.7500    0.000000000000e+00
701.0000    0.000000000000e+00
701.2500    0.000000000000e+00
701.5000    0.000000000000e+00
701.7500    0.000000000000e+00
702.0000    0.000000000000e+00
702.2500    0.000000000000e+00
702.5000    0.000000000000e+00
702.7500    0.000000000000e+00
703.0000    0.000000000000e+00
703.2500    0.000000000000e+00
703.5000    0.000000000000e+00
703.7500    0.000000000000e+00
704.0000    0.000000000000e+00
704.2500    0.000000000000e+00
704.5000    0.000000000000e+00
704.7500    0.000000000000e+00
705.0000    0.000000000000e+00
705.2500    0.000000000000e+00
705.5000    0.000000000000e+00
705.7500    0.000000000000e+00
706.0000    0.000000000000e+00
706.2500    0.000000000000e+00
706.5000    0.000000000000e+00
706.7500    0.000000000000e+00
707.0000    0.000000000000e+00
707.2500    0.000000000000e+00
707.5000    0.000000000000e+00
707.7500    0.000000000000e+00
708.0000    0.000000000000e+00
708.2500    0.000000000000e+00
708.5000    0.000000000000e+00
708.7500    0.000000000000e+00
709.0000    0.000000000000e+00
709.2500    0.000000000000e+00
709.5000    0.000000000000e+00
709.7500    0.000000000000e+00
710.0000    0.000000000000e+00
710.2500    0.000000000000e+00
710.5000    0.000000000000e+00
710.7500    0.000000000000e+00
711.0000    0.000000000000e+00
711.2500    0.000000000000e+00
711.5000    0.000000000000e+00
711.7500    0.000000000000e+00
712.0000    0.000000000000e+00
712.2500    0.000000000000e+00
712.5000    0.000000000000e+00
712.7500    0.000000000000e+00
713.0000    0.000000000000e+00
713.2500    0.000000000000e+00
713.5000    0.000000000000e+00
713.7500    0.000000000000e+00
714.0000    0.000000000000e+00
714.2500    0.000000000000e+00
714.5000    0.000000000000e+00
714.7500    0.000000000000e+00
715.0000    0.000000000000e+00
715.2500    0.000000000000e+00
715.5000    0.000000000000e+00
715.7500    0.000000000000e+00
716.0000    0.000000000000e+00
716.2500    0.000000000000e+00
716.5000    0.000000000000e+00
716.7500    0.000000000000e+00
717.0000    0.000000000000e+00
717.2500    0.000000000000e+00
717.5000    0.000000000000e+00
717.7500    0.000000000000e+00
718.0000    0.000000000000e+00
718.2500    0.000000000000e+00
718.5000    0.000000000000e+00
718.7500    0.000000000000e+00
719.0000    0.000000000000e+00
719.2500    0.000000000000e+00
719.5000    0.000000000000e+00
719.7500    0.000000000000e+00
720.0000    0.000000000000e+00
720.2500    0.000000000000e+00
720.5000    0.000000000000e+00
720.7500    0.000000000000e+00
721.0000    0.000000000000e+00
721.2500    0.000000000000e+00
721.5000    0.000000000000e+00
721.7500    0.000000000000e+00
722.0000    0.000000000000e+00
722.2500    0.000000000000e+00
722.5000    0.000000000000e+00
722.7500    0.000000000000e+00
723.0000    0.000000000000e+00
723.2500    0.000000000000e+00
723.5000    0.000000000000e+00
723.7500    0.000000000000e+00
724.0000    0.000000000000e+00
724.2500    0.000000000000e+00
724.5000    0.000000000000e+00
724.7500    0.000000000000e+00
725.0000    0.000000000000e+00
725.2500    0.000000000000e+00
725.5000    0.000000000000e+00
725.7500    0.000000000000e+00
726.0000    0.000000000000e+00
726.2500    0.000000000000e+00
726.5000    0.000000000000e+00
726.7500    0.000000000000e+00
727.0000    0.000000000000e+00
727.2500    0.000000000000e+00
727.5000    0.000000000000e+00
727.7500    0.000000000000e+00
728.0000    0.000000000000e+00
728.2500    0.000000000000e+00
728.5000    0.000000000000e+00
728.7500    0.000000000000e+00
729.0000    0.000000000000e+00
729.2500    0.000000000000e+00
729.5000    0.000000000000e+00
729.7500    0.000000000000e+00
730.0000    0.000000000000e+00
730.2500    0.000000000000e+00
730.5000    0.000000000000e+00
730.7500    0.000000000000e+00
731.0000    0.000000000000e+00
731.2500    0.000000000000e+00
731.5000    0.000000000000e+00
731.7500    0.000000000000e+00
732.0000    0.000000000000e+00
732.2500    0.000000000000e+00
732.5000    0.000000000000e+00
732.7500    0.000000000000e+00
733.0000    0.000000000000e+00
733.2500    0.000000000000e+00
733.5000    0.000000000000e+00
733.7500    0.000000000000e+00
734.0000    0.000000000000e+00
734.2500    0.000000000000e+00
734.5000    0.000000000000e+00
734.7500    0.000000000000e+00
735.0000    0.000000000000e+00
735.2500    0.000000000000e+00
735.5000    0.000000000000e+00
735.7500    0.000000000000e+00
736.0000    0.000000000000e+00
736.2500    0.000000000000e+00
736.5000    0.000000000000e+00
736.7500    0.000000000000e+00
737.0000    0.000000000000e+00
737.2500    0.000000000000e+00
737.5000    0.000000000000e+00
737.7500    0.000000000000e+00
738.0000    0.000000000000e+00
738.2500    0.000000000000e+00
738.5000    0.000000000000e+00
738.7500    0.000000000000e+00
739.0000    0.000000000000e+00
739.2500    0.000000000000e+00
739.5000    0.000000000000e+00
739.7500    0.000000000000e+00
740.0000    0.000000000000e+00
740.2500    0.000000000000e+00
740.5000    0.000000000000e+00
740.7500    0.000000000000e+00
741.0000    0.000000000000e+00
741.2500    0.000000000000e+00
741.5000    0.000000000000e+00
741.7500    0.000000000000e+00
742.0000    0.000000000000e+00
742.2500    0.000000000000e+00
742.5000    0.000000000000e+00
742.7500    0.000000000000e+00
743.0000    0.000000000000e+00
743.2500    0.000000000000e+00
743.5000    0.000000000000e+00
743.7500    0.000000000000e+00
744.0000    0.000000000000e+00
744.2500    0.000000000000e+00
744.5000    0.000000000000e+00
744.7500    0.000000000000e+00
745.0000    0.000000000000e+00
745.2500    0.000000000000e+00
745.5000    0.000000000000e+00
745.7500    0.000000000000e+00
746.0000    0.000000000000e+00
746.2500    0.000000000000e+00
746.5000    0.000000000000e+00
746.7500    0.000000000000e+00
747.0000    0.000000000000e+00
747.2500    0.000000000000e+00
747.5000    0.000000000000e+00
747.7500    0.000000000000e+00
748.0000    0.000000000000e+00
748.2500    0.000000000000e+00
748.5000    0.000000000000e+00
748.7500    0.000000000000e+00
749.0000    0.000000000000e+00
749.2500    0.000000000000e+00
749.5000    0.000000000000e+00
749.7500    0.000000000000e+00
750.0000    0.000000000000e+00
750.2500    0.000000000000e+00
750.5000    0.000000000000e+00
750.7500    0.000000000000e+00
751.0000    0.000000000000e+00
751.2500    0.000000000000e+00
751.5000    0.000000000000e+00
751.7500    0.000000000000e+00
752.0000    0.000000000000e+00
752.2500    0.000000000000e+00
752.5000    0.000000000000e+00
752.7500    0.000000000000e+00
753.0000    0.000000000000e+00
753.2500    0.000000000000e+00
753.5000    0.000000000000e+00
753.7500    0.000000000000e+00
754.0000    0.000000000000e+00
754.2500    0.000000000000e+00
754.5000    0.000000000000e+00
754.7500    0.000000000000e+00
755.0000    0.000000000000e+00
755.2500    0.000000000000e+00
755.5000    0.000000000000e+00
755.7500    0.000000000000e+00
756.0000    0.000000000000e+00
756.2500    0.000000000000e+00
756.5000    0.000000000000e+00
756.7500    0.000000000000e+00
757.0000    0.000000000000e+00
757.2500    0.000000000000e+00
757.5000    0.000000000000e+00
757.7500    0.000000000000e+00
758.0000    0.000000000000e+00
758.2500    0.000000000000e+00
758.5000    0.000000000000e+00
758.7500    0.000000000000e+00
759.0000    0.000000000000e+00
759.2500    0.000000000000e+00
759.5000    0.000000000000e+00
759.7500    0.000000000000e+00
760.0000    0.000000000000e+00
760.2500    0.000000000000e+00
760.5000    0.000000000000e+00
760.7500    0.000000000000e+00
761.0000    0.000000000000e+00
761.2500    0.000000000000e+00
761.5000    0.000000000000e+00
761.7500    0.000000000000e+00
762.0000    0.000000000000e+00
762.2500    0.000000000000e+00
762.5000    0.000000000000e+00
762.7500    0.000000000000e+00
763.0000    0.000000000000e+00
763.2500    0.000000000000e+00
763.5000    0.000000000000e+00
763.7500    0.000000000000e+00
764.0000    0.000000000000e+00
764.2500    0.000000000000e+00
764.5000    0.000000000000e+00
764.7500    0.000000000000e+00
765.0000    0.000000000000e+00
765.2500    0.000000000000e+00
765.5000    0.000000000000e+00
765.7500    0.000000000000e+00
766.0000    0.000000000000e+00
766.2500    0.000000000000e+00
766.5000    0.000000000000e+00
766.7500    0.000000000000e+00
767.0000    0.000000000000e+00
767.2500    0.000000000000e+00
767.5000    0.000000000000e+00
767.7500    0.000000000000e+00
768.0000    0.000000000000e+00
768.2500    0.000000000000e+00
768.5000    0.000000000000e+00
768.7500    0.000000000000e+00
769.0000    0.000000000000e+00
769.2500    0.000000000000e+00
769.5000    0.000000000000e+00
769.7500    0.000000000000e+00
770.0000    0.000000000000e+00
770.2500    0.000000000000e+00
770.5000    0.000000000000e+00
770.7500    0.000000000000e+00
771.0000    0.000000000000e+00
771.2500    0.000000000000e+00
771.5000    0.000000000000e+00
771.7500    0.000000000000e+00
772.0000    0.000000000000e+00
772.2500    0.000000000000e+00
772.5000    0.000000000000e+00
772.7500    0.000000000000e+00
773.0000    0.000000000000e+00
773.2500    0.000000000000e+00
773.5000    0.000000000000e+00
773.7500    0.000000000000e+00
774.0000    0.000000000000e+00
774.2500    0.000000000000e+00
774.5000    0.000000000000e+00
774.7500    0.000000000000e+00
775.0000    0.000000000000e+00
775.2500    0.000000000000e+00
775.5000    0.000000000000e+00
775.7500    0.000000000000e+00
776.0000    0.000000000000e+00
776.2500    0.000000000000e+00
776.5000    0.000000000000e+00
776.7500    0.000000000000e+00
777.0000    0.000000000000e+00
777.2500    0.000000000000e+00
777.5000    0.000000000000e+00
777.7500    0.000000000000e+00
778.0000    0.000000000000e+00
778.2500    0.000000000000e+00
778.5000    0.000000000000e+00
778.7500    0.000000000000e+00
779.0000    0.000000000000e+00
779.2500    0.000000000000e+00
779.5000    0.000000000000e+00
779.7500    0.000000000000e+00
780.0000    0.000000000000e+00
780.2500    0.000000000000e+00
780.5000    0.000000000000e+00
780.7500    0.000000000000e+00
781.0000    0.000000000000e+00
781.2500    0.000000000000e+00
781.5000    0.000000000000e+00
781.7500    0.000000000000e+00
782.0000    0.000000000000e+00
782.2500    0.000000000000e+00
782.5000    0.000000000000e+00
782.7500    0.000000000000e+00
783.0000    0.000000000000e+00
783.2500    0.000000000000e+00
783.5000    0.000000000000e+00
783.7500    0.000000000000e+00
784.0000    0.000000000000e+00
784.2500    0.000000000000e+00
784.5000    0.000000000000e+00
784.7500    0.000000000000e+00
785.0000    0.000000000000e+00
785.2500    0.000000000000e+00
785.5000    0.000000000000e+00
785.7500    0.000000000000e+00
786.0000    0.000000000000e+00
786.2500    0.000000000000e+00
786.5000    0.000000000000e+00
786.7500    0.000000000000e+00
787.0000    0.000000000000e+00
787.2500    0.000000000000e+00
787.5000    0.000000000000e+00
787.7500    0.000000000000e+00
788.0000    0.000000000000e+00
788.2500    0.000000000000e+00
788.5000    0.000000000000e+00
788.7500    0.000000000000e+00
789.0000    0.000000000000e+00
789.2500    0.000000000000e+00
789.5000    0.000000000000e+00
789.7500    0.000000000000e+00
790.0000    0.000000000000e+00
790.2500    0.000000000000e+00
790.5000    0.000000000000e+00
790.7500    0.000000000000e+00
791.0000    0.000000000000e+00
791.2500    0.000000000000e+00
791.5000    0.000000000000e+00
791.7500    0.000000000000e+00
792.0000    0.000000000000e+00
792.2500    0.000000000000e+00
792.5000    0.000000000000e+00
792.7500    0.000000000000e+00
793.0000    0.000000000000e+00
793.2500    0.000000000000e+00
793.5000    0.000000000000e+00
793.7500    0.000000000000e+00
794.0000    0.000000000000e+00
794.2500    0.000000000000e+00
794.5000    0.000000000000e+00
794.7500    0.000000000000e+00
795.0000    0.000000000000e+00
795.2500    0.000000000000e+00
795.5000    0.000000000000e+00
795.7500    0.000000000000e+00
796.0000    0.000000000000e+00
796.2500    0.000000000000e+00
796.5000    0.000000000000e+00
796.7500    0.000000000000e+00
797.0000    0.000000000000e+00
797.2500    0.000000000000e+00
797.5000    0.000000000000e+00
797.7500    0.000000000000e+00
798.0000    0.000000000000e+00
798.2500    0.000000000000e+00
798.5000    0.000000000000e+00
798.7500    0.000000000000e+00
799.0000    0.000000000000e+00
799.2500    0.000000000000e+00
799.5000    0.000000000000e+00
799.7500    0.000000000000e+00
800.0000    0.000000000000e+00
800.2500    0.000000000000e+00
800.5000    0.000000000000e+00
800.7500    0.000000000000e+00
801.0000    0.000000000000e+00
801.2500    0.000000000000e+00
801.5000    0.000000000000e+00
801.7500    0.000000000000e+00
802.0000    0.000000000000e+00
802.2500    0.000000000000e+00
802.5000    0.000000000000e+00
802.7500    0.000000000000e+00
803.0000    0.000000000000e+00
803.2500    0.000000000000e+00
803.5000    0.000000000000e+00
803.7500    0.000000000000e+00
804.0000    0.000000000000e+00
804.2500    0.000000000000e+00
804.5000    0.000000000000e+00
804.7500    0.000000000000e+00
805.0000    0.000000000000e+00
805.2500    0.000000000000e+00
805.5000    0.000000000000e+00
805.7500    0.000000000000e+00
806.0000    0.000000000000e+00
806.2500    0.000000000000e+00
806.5000    0.000000000000e+00
806.7500    0.000000000000e+00
807.0000    0.000000000000e+00
807.2500    0.000000000000e+00
807.5000    0.000000000000e+00
807.7500    0.000000000000e+00
808.0000    0.000000000000e+00
808.2500    0.000000000000e+00
808.5000    0.000000000000e+00
808.7500    0.000000000000e+00
809.0000    0.000000000000e+00
809.2500    0.000000000000e+00
809.5000    0.000000000000e+00
809.7500    0.000000000000e+00
810.0000    0.000000000000e+00
810.2500    0.000000000000e+00
810.5000    0.000000000000e+00
810.7500    0.000000000000e+00
811.0000    0.000000000000e+00
811.2500    0.000000000000e+00
811.5000    0.000000000000e+00
811.7500    0.000000000000e+00
812.0000    0.000000000000e+00
812.2500    0.000000000000e+00
812.5000    0.000000000000e+00
812.7500    0.000000000000e+00
813.0000    0.000000000000e+00
813.2500    0.000000000000e+00
813.5000    0.000000000000e+00
813.7500    0.000000000000e+00
814.0000    0.000000000000e+00
814.2500    0.000000000000e+00
814.5000    0.000000000000e+00
814.7500    0.000000000000e+00
815.0000    0.000000000000e+00
815.2500    0.000000000000e+00
815.5000    0.000000000000e+00
815.7500    0.000000000000e+00
816.0000    0.000000000000e+00
816.2500    0.000000000000e+00
816.5000    0.000000000000e+00
816.7500    0.000000000000e+00
817.0000    0.000000000000e+00
817.2500    0.000000000000e+00
817.5000    0.000000000000e+00
817.7500    0.000000000000e+00
818.0000    0.000000000000e+00
818.2500    0.000000000000e+00
818.5000    0.000000000000e+00
818.7500    0.000000000000e+00
819.0000    0.000000000000e+00
819.2500    0.000000000000e+00
819.5000    0.000000000000e+00
819.7500    0.000000000000e+00
820.0000    0.000000000000e+00
820.2500    0.000000000000e+00
820.5000    0.000000000000e+00
820.7500    0.000000000000e+00
821.0000    0.000000000000e+00
821.2500    0.000000000000e+00
821.5000    0.000000000000e+00
821.7500    0.000000000000e+00
822.0000    0.000000000000e+00
822.2500    0.000000000000e+00
822.5000    0.000000000000e+00
822.7500    0.000000000000e+00
823.0000    0.000000000000e+00
823.2500    0.000000000000e+00
823.5000    0.000000000000e+00
823.7500    0.000000000000e+00
824.0000    0.000000000000e+00
824.2500    0.000000000000e+00
824.5000    0.000000000000e+00
824.7500    0.000000000000e+00
825.0000    0.000000000000e+00
825.2500    0.000000000000e+00
825.5000    0.000000000000e+00
825.7500    0.000000000000e+00
826.0000    0.000000000000e+00
826.2500    0.000000000000e+00
826.5000    0.000000000000e+00
826.7500    0.000000000000e+00
827.0000    0.000000000000e+00
827.2500    0.000000000000e+00
827.5000    0.000000000000e+00
827.7500    0.000000000000e+00
828.0000    0.000000000000e+00
828.2500    0.000000000000e+00
828.5000    0.000000000000e+00
828.7500    0.000000000000e+00
829.0000    0.000000000000e+00
829.2500    0.000000000000e+00
829.5000    0.000000000000e+00
829.7500    0.000000000000e+00
830.0000    0.000000000000e+00
830.2500    0.000000000000e+00
830.5000    0.000000000000e+00
830.7500    0.000000000000e+00
831.0000    0.000000000000e+00
831.2500    0.000000000000e+00
831.5000    0.000000000000e+00
831.7500    0.000000000000e+00
832.0000    0.000000000000e+00
832.2500    0.000000000000e+00
832.5000    0.000000000000e+00
832.7500    0.000000000000e+00
833.0000    0.000000000000e+00
833.2500    0.000000000000e+00
833.5000    0.000000000000e+00
833.7500    0.000000000000e+00
834.0000    0.000000000000e+00
834.2500    0.000000000000e+00
834.5000    0.000000000000e+00
834.7500    0.000000000000e+00
835.0000    0.000000000000e+00
835.2500    0.000000000000e+00
835.5000    0.000000000000e+00
835.7500    0.000000000000e+00
836.0000    0.000000000000e+00
836.2500    0.000000000000e+00
836.5000    0.000000000000e+00
836.7500    0.000000000000e+00
837.0000    0.000000000000e+00
837.2500    0.000000000000e+00
837.5000    0.000000000000e+00
837.7500    0.000000000000e+00
838.0000    0.000000000000e+00
838.2500    0.000000000000e+00
838.5000    0.000000000000e+00
838.7500    0.000000000000e+00
839.0000    0.000000000000e+00
839.2500    0.000000000000e+00
839.5000    0.000000000000e+00
839.7500    0.000000000000e+00
840.0000    0.000000000000e+00
840.2500    0.000000000000e+00
840.5000    0.000000000000e+00
840.7500    0.000000000000e+00
841.0000    0.000000000000e+00
841.2500    0.000000000000e+00
841.5000    0.000000000000e+00
841.7500    0.000000000000e+00
842.0000    0.000000000000e+00
842.2500    0.000000000000e+00
842.5000    0.000000000000e+00
842.7500    0.000000000000e+00
843.0000    0.000000000000e+00
843.2500    0.000000000000e+00
843.5000    0.000000000000e+00
843.7500    0.000000000000e+00
844.0000    0.000000000000e+00
844.2500    0.000000000000e+00
844.5000    0.000000000000e+00
844.7500    0.000000000000e+00
845.0000    0.000000000000e+00
845.2500    0.000000000000e+00
845.5000    0.000000000000e+00
845.7500    0.000000000000e+00
846.0000    0.000000000000e+00
846.2500    0.000000000000e+00
846.5000    0.000000000000e+00
846.7500    0.000000000000e+00
847.0000    0.000000000000e+00
847.2500    0.000000000000e+00
847.5000    0.000000000000e+00
847.7500    0.000000000000e+00
848.0000    0.000000000000e+00
848.2500    0.000000000000e+00
848.5000    0.000000000000e+00
848.7500    0.000000000000e+00
849.0000    0.000000000000e+00
849.2500    0.000000000000e+00
849.5000    0.000000000000e+00
849.7500    0.000000000000e+00
850.0000    0.000000000000e+00
850.2500    0.000000000000e+00
850.5000    0.000000000000e+00
850.7500    0.000000000000e+00
851.0000    0.000000000000e+00
851.2500    0.000000000000e+00
851.5000    0.000000000000e+00
851.7500    0.000000000000e+00
852.0000    0.000000000000e+00
852.2500    0.000000000000e+00
852.5000    0.000000000000e+00
852.7500    0.000000000000e+00
853.0000    0.000000000000e+00
853.2500    0.000000000000e+00
853.5000    0.000000000000e+00
853.7500    0.000000000000e+00
854.0000    0.000000000000e+00
854.2500    0.000000000000e+00
854.5000    0.000000000000e+00
854.7500    0.000000000000e+00
855.0000    0.000000000000e+00
855.2500    0.000000000000e+00
855.5000    0.000000000000e+00
855.7500    0.000000000000e+00
856.0000    0.000000000000e+00
856.2500    0.000000000000e+00
856.5000    0.000000000000e+00
856.7500    0.000000000000e+00
857.0000    0.000000000000e+00
857.2500    0.000000000000e+00
857.5000    0.000000000000e+00
857.7500    0.000000000000e+00
858.0000    0.000000000000e+00
858.2500    0.000000000000e+00
858.5000    0.000000000000e+00
858.7500    0.000000000000e+00
859.0000    0.000000000000e+00
859.2500    0.000000000000e+00
859.5000    0.000000000000e+00
859.7500    0.000000000000e+00
860.0000    0.000000000000e+00
860.2500    0.000000000000e+00
860.5000    0.000000000000e+00
860.7500    0.000000000000e+00
861.0000    0.000000000000e+00
861.2500    0.000000000000e+00
861.5000    0.000000000000e+00
861.7500    0.000000000000e+00
862.0000    0.000000000000e+00
862.2500    0.000000000000e+00
862.5000    0.000000000000e+00
862.7500    0.000000000000e+00
863.0000    0.000000000000e+00
863.2500    0.000000000000e+00
863.5000    0.000000000000e+00
863.7500    0.000000000000e+00
864.0000    0.000000000000e+00
864.2500    0.000000000000e+00
864.5000    0.000000000000e+00
864.7500    0.000000000000e+00
865.0000    0.000000000000e+00
865.2500    0.000000000000e+00
865.5000    0.000000000000e+00
865.7500    0.000000000000e+00
866.0000    0.000000000000e+00
866.2500    0.000000000000e+00
866.5000    0.000000000000e+00
866.7500    0.000000000000e+00
867.0000    0.000000000000e+00
867.2500    0.000000000000e+00
867.5000    0.000000000000e+00
867.7500    0.000000000000e+00
868.0000    0.000000000000e+00
868.2500    0.000000000000e+00
868.5000    0.000000000000e+00
868.7500    0.000000000000e+00
869.0000    0.000000000000e+00
869.2500    0.000000000000e+00
869.5000    0.000000000000e+00
869.7500    0.000000000000e+00
870.0000    0.000000000000e+00
870.2500    0.000000000000e+00
870.5000    0.000000000000e+00
870.7500    0.000000000000e+00
871.0000    0.000000000000e+00
871.2500    0.000000000000e+00
871.5000    0.000000000000e+00
871.7500    0.000000000000e+00
872.0000    0.000000000000e+00
872.2500    0.000000000000e+00
872.5000    0.000000000000e+00
872.7500    0.000000000000e+00
873.0000    0.000000000000e+00
873.2500    0.000000000000e+00
873.5000    0.000000000000e+00
873.7500    0.000000000000e+00
874.0000    0.000000000000e+00
874.2500    0.000000000000e+00
874.5000    0.000000000000e+00
874.7500    0.000000000000e+00
875.0000    0.000000000000e+00
875.2500    0.000000000000e+00
875.5000    0.000000000000e+00
875.7500    0.000000000000e+00
876.0000    0.000000000000e+00
876.2500    0.000000000000e+00
876.5000    0.000000000000e+00
876.7500    0.000000000000e+00
877.0000    0.000000000000e+00
877.2500    0.000000000000e+00
877.5000    0.000000000000e+00
877.7500    0.000000000000e+00
878.0000    0.000000000000e+00
878.2500    0.000000000000e+00
878.5000    0.000000000000e+00
878.7500    0.000000000000e+00
879.0000    0.000000000000e+00
879.2500    0.000000000000e+00
879.5000    0.000000000000e+00
879.7500    0.000000000000e+00
880.0000    0.000000000000e+00
880.2500    0.000000000000e+00
880.5000    0.000000000000e+00
880.7500    0.000000000000e+00
881.0000    0.000000000000e+00
881.2500    0.000000000000e+00
881.5000    0.000000000000e+00
881.7500    0.000000000000e+00
882.0000    0.000000000000e+00
882.2500    0.000000000000e+00
882.5000    0.000000000000e+00
882.7500    0.000000000000e+00
883.0000    0.000000000000e+00
883.2500    0.000000000000e+00
883.5000    0.000000000000e+00
883.7500    0.000000000000e+00
884.0000    0.000000000000e+00
884.2500    0.000000000000e+00
884.5000    0.000000000000e+00
884.7500    0.000000000000e+00
885.0000    0.000000000000e+00
885.2500    0.000000000000e+00
885.5000    0.000000000000e+00
885.7500    0.000000000000e+00
886.0000    0.000000000000e+00
886.2500    0.000000000000e+00
886.5000    0.000000000000e+00
886.7500    0.000000000000e+00
887.0000    0.000000000000e+00
887.2500    0.000000000000e+00
887.5000    0.000000000000e+00
887.7500    0.000000000000e+00
888.0000    0.000000000000e+00
888.2500    0.000000000000e+00
888.5000    0.000000000000e+00
888.7500    0.000000000000e+00
889.0000    0.000000000000e+00
889.2500    0.000000000000e+00
889.5000    0.000000000000e+00
889.7500    0.000000000000e+00
890.0000    0.000000000000e+00
890.2500    0.000000000000e+00
890.5000    0.000000000000e+00
890.7500    0.000000000000e+00
891.0000    0.000000000000e+00
891.2500    0.000000000000e+00
891.5000    0.000000000000e+00
891.7500    0.000000000000e+00
892.0000    0.000000000000e+00
892.2500    0.000000000000e+00
892.5000    0.000000000000e+00
892.7500    0.000000000000e+00
893.0000    0.000000000000e+00
893.2500    0.000000000000e+00
893.5000    0.000000000000e+00
893.7500    0.000000000000e+00
894.0000    0.000000000000e+00
894.2500    0.000000000000e+00
894.5000    0.000000000000e+00
894.7500    0.000000000000e+00
895.0000    0.000000000000e+00
895.2500    0.000000000000e+00
895.5000    0.000000000000e+00
895.7500    0.000000000000e+00
896.0000    0.000000000000e+00
896.2500    0.000000000000e+00
896.5000    0.000000000000e+00
896.7500    0.000000000000e+00
897.0000    0.000000000000e+00
897.2500    0.000000000000e+00
897.5000    0.000000000000e+00
897.7500    0.000000000000e+00
898.0000    0.000000000000e+00
898.2500    0.000000000000e+00
898.5000    0.000000000000e+00
898.7500    0.000000000000e+00
899.0000    0.000000000000e+00
899.2500    0.000000000000e+00
899.5000    0.000000000000e+00
899.7500    0.000000000000e+00
900.0000    0.000000000000e+00
900.2500    0.000000000000e+00
900.5000    0.000000000000e+00
900.7500    0.000000000000e+00
901.0000    0.000000000000e+00
901.2500    0.000000000000e+00
901.5000    0.000000000000e+00
901.7500    0.000000000000e+00
902.0000    0.000000000000e+00
902.2500    0.000000000000e+00
902.5000    0.000000000000e+00
902.7500    0.000000000000e+00
903.0000    0.000000000000e+00
903.2500    0.000000000000e+00
903.5000    0.000000000000e+00
903.7500    0.000000000000e+00
904.0000    0.000000000000e+00
904.2500    0.000000000000e+00
904.5000    0.000000000000e+00
904.7500    0.000000000000e+00
905.0000    0.000000000000e+00
905.2500    0.000000000000e+00
905.5000    0.000000000000e+00
905.7500    0.000000000000e+00
906.0000    0.000000000000e+00
906.2500    0.000000000000e+00
906.5000    0.000000000000e+00
906.7500    0.000000000000e+00
907.0000    0.000000000000e+00
907.2500    0.000000000000e+00
907.5000    0.000000000000e+00
907.7500    0.000000000000e+00
908.0000    0.000000000000e+00
908.2500    0.000000000000e+00
908.5000    0.000000000000e+00
908.7500    0.000000000000e+00
909.0000    0.000000000000e+00
909.2500    0.000000000000e+00
909.5000    0.000000000000e+00
909.7500    0.000000000000e+00
910.0000    0.000000000000e+00
910.2500    0.000000000000e+00
910.5000    0.000000000000e+00
910.7500    0.000000000000e+00
911.0000    0.000000000000e+00
911.2500    0.000000000000e+00
911.5000    0.000000000000e+00
911.7500    0.000000000000e+00
912.0000    0.000000000000e+00
912.2500    0.000000000000e+00
912.5000    0.000000000000e+00
912.7500    0.000000000000e+00
913.0000    0.000000000000e+00
913.2500    0.000000000000e+00
913.5000    0.000000000000e+00
913.7500    0.000000000000e+00
914.0000    0.000000000000e+00
914.2500    0.000000000000e+00
914.5000    0.000000000000e+00
914.7500    0.000000000000e+00
915.0000    0.000000000000e+00
915.2500    0.000000000000e+00
915.5000    0.000000000000e+00
915.7500    0.000000000000e+00
916.0000    0.000000000000e+00
916.2500    0.000000000000e+00
916.5000    0.000000000000e+00
916.7500    0.000000000000e+00
917.0000    0.000000000000e+00
917.2500    0.000000000000e+00
917.5000    0.000000000000e+00
917.7500    0.000000000000e+00
918.0000    0.000000000000e+00
918.2500    0.000000000000e+00
918.5000    0.000000000000e+00
918.7500    0.000000000000e+00
919.0000    0.000000000000e+00
919.2500    0.000000000000e+00
919.5000    0.000000000000e+00
919.7500    0.000000000000e+00
920.0000    0.000000000000e+00
920.2500    0.000000000000e+00
920.5000    0.000000000000e+00
920.7500    0.000000000000e+00
921.0000    0.000000000000e+00
921.2500    0.000000000000e+00
921.5000    0.000000000000e+00
921.7500    0.000000000000e+00
922.0000    0.000000000000e+00
922.2500    0.000000000000e+00
922.5000    0.000000000000e+00
922.7500    0.000000000000e+00
923.0000    0.000000000000e+00
923.2500    0.000000000000e+00
923.5000    0.000000000000e+00
923.7500    0.000000000000e+00
924.0000    0.000000000000e+00
924.2500    0.000000000000e+00
924.5000    0.000000000000e+00
924.7500    0.000000000000e+00
925.0000    0.000000000000e+00
925.2500    0.000000000000e+00
925.5000    0.000000000000e+00
925.7500    0.000000000000e+00
926.0000    0.000000000000e+00
926.2500    0.000000000000e+00
926.5000    0.000000000000e+00
926.7500    0.000000000000e+00
927.0000    0.000000000000e+00
927.2500    0.000000000000e+00
927.5000    0.000000000000e+00
927.7500    0.000000000000e+00
928.0000    0.000000000000e+00
928.2500    0.000000000000e+00
928.5000    0.000000000000e+00
928.7500    0.000000000000e+00
929.0000    0.000000000000e+00
929.2500    0.000000000000e+00
929.5000    0.000000000000e+00
929.7500    0.000000000000e+00
930.0000    0.000000000000e+00
930.2500    0.000000000000e+00
930.5000    0.000000000000e+00
930.7500    0.000000000000e+00
931.0000    0.000000000000e+00
931.2500    0.000000000000e+00
931.5000    0.000000000000e+00
931.7500    0.000000000000e+00
932.0000    0.000000000000e+00
932.2500    0.000000000000e+00
932.5000    0.000000000000e+00
932.7500    0.000000000000e+00
933.0000    0.000000000000e+00
933.2500    0.000000000000e+00
933.5000    0.000000000000e+00
933.7500    0.000000000000e+00
934.0000    0.000000000000e+00
934.2500    0.000000000000e+00
934.5000    0.000000000000e+00
934.7500    0.000000000000e+00
935.0000    0.000000000000e+00
935.2500    0.000000000000e+00
935.5000    0.000000000000e+00
935.7500    0.000000000000e+00
936.0000    0.000000000000e+00
936.2500    0.000000000000e+00
936.5000    0.000000000000e+00
936.7500    0.000000000000e+00
937.0000    0.000000000000e+00
937.2500    0.000000000000e+00
937.5000    0.000000000000e+00
937.7500    0.000000000000e+00
938.0000    0.000000000000e+00
938.2500    0.000000000000e+00
938.5000    0.000000000000e+00
938.7500    0.000000000000e+00
939.0000    0.000000000000e+00
939.2500    0.000000000000e+00
939.5000    0.000000000000e+00
939.7500    0.000000000000e+00
940.0000    0.000000000000e+00
940.2500    0.000000000000e+00
940.5000    0.000000000000e+00
940.7500    0.000000000000e+00
941.0000    0.000000000000e+00
941.2500    0.000000000000e+00
941.5000    0.000000000000e+00
941.7500    0.000000000000e+00
942.0000    0.000000000000e+00
942.2500    0.000000000000e+00
942.5000    0.000000000000e+00
942.7500    0.000000000000e+00
943.0000    0.000000000000e+00
943.2500    0.000000000000e+00
943.5000    0.000000000000e+00
943.7500    0.000000000000e+00
944.0000    0.000000000000e+00
944.2500    0.000000000000e+00
944.5000    0.000000000000e+00
944.7500    0.000000000000e+00
945.0000    0.000000000000e+00
945.2500    0.000000000000e+00
945.5000    0.000000000000e+00
945.7500    0.000000000000e+00
946.0000    0.000000000000e+00
946.2500    0.000000000000e+00
946.5000    0.000000000000e+00
946.7500    0.000000000000e+00
947.0000    0.000000000000e+00
947.2500    0.000000000000e+00
947.5000    0.000000000000e+00
947.7500    0.000000000000e+00
948.0000    0.000000000000e+00
948.2500    0.000000000000e+00
948.5000    0.000000000000e+00
948.7500    0.000000000000e+00
949.0000    0.000000000000e+00
949.2500    0.000000000000e+00
949.5000    0.000000000000e+00
949.7500    0.000000000000e+00
950.0000    0.000000000000e+00
950.2500    0.000000000000e+00
950.5000    0.000000000000e+00
950.7500    0.000000000000e+00
951.0000    0.000000000000e+00
951.2500    0.000000000000e+00
951.5000    0.000000000000e+00
951.7500    0.000000000000e+00
952.0000    0.000000000000e+00
952.2500    0.000000000000e+00
952.5000    0.000000000000e+00
952.7500    0.000000000000e+00
953.0000    0.000000000000e+00
953.2500    0.000000000000e+00
953.5000    0.000000000000e+00
953.7500    0.000000000000e+00
954.0000    0.000000000000e+00
954.2500    0.000000000000e+00
954.5000    0.000000000000e+00
954.7500    0.000000000000e+00
955.0000    0.000000000000e+00
955.2500    0.000000000000e+00
955.5000    0.000000000000e+00
955.7500    0.000000000000e+00
956.0000    0.000000000000e+00
956.2500    0.000000000000e+00
956.5000    0.000000000000e+00
956.7500    0.000000000000e+00
957.0000    0.000000000000e+00
957.2500    0.000000000000e+00
957.5000    0.000000000000e+00
957.7500    0.000000000000e+00
958.0000    0.000000000000e+00
958.2500    0.000000000000e+00
958.5000    0.000000000000e+00
958.7500    0.000000000000e+00
959.0000    0.000000000000e+00
959.2500    0.000000000000e+00
959.5000    0.000000000000e+00
959.7500    0.000000000000e+00
960.0000    0.000000000000e+00
960.2500    0.000000000000e+00
960.5000    0.000000000000e+00
960.7500    0.000000000000e+00
961.0000    0.000000000000e+00
961.2500    0.000000000000e+00
961.5000    0.000000000000e+00
961.7500    0.000000000000e+00
962.0000    0.000000000000e+00
962.2500    0.000000000000e+00
962.5000    0.000000000000e+00
962.7500    0.000000000000e+00
963.0000    0.000000000000e+00
963.2500    0.000000000000e+00
963.5000    0.000000000000e+00
963.7500    0.000000000000e+00
964.0000    0.000000000000e+00
964.2500    0.000000000000e+00
964.5000    0.000000000000e+00
964.7500    0.000000000000e+00
965.0000    0.000000000000e+00
965.2500    0.000000000000e+00
965.5000    0.000000000000e+00
965.7500    0.000000000000e+00
966.0000    0.000000000000e+00
966.2500    0.000000000000e+00
966.5000    0.000000000000e+00
966.7500    0.000000000000e+00
967.0000    0.000000000000e+00
967.2500    0.000000000000e+00
967.5000    0.000000000000e+00
967.7500    0.000000000000e+00
968.0000    0.000000000000e+00
968.2500    0.000000000000e+00
968.5000    0.000000000000e+00
968.7500    0.000000000000e+00
969.0000    0.000000000000e+00
969.2500    0.000000000000e+00
969.5000    0.000000000000e+00
969.7500    0.000000000000e+00
970.0000    0.000000000000e+00
970.2500    0.000000000000e+00
970.5000    0.000000000000e+00
970.7500    0.000000000000e+00
971.0000    0.000000000000e+00
971.2500    0.000000000000e+00
971.5000    0.000000000000e+00
971.7500    0.000000000000e+00
972.0000    0.000000000000e+00
972.2500    0.000000000000e+00
972.5000    0.000000000000e+00
972.7500    0.000000000000e+00
973.0000    0.000000000000e+00
973.2500    0.000000000000e+00
973.5000    0.000000000000e+00
973.7500    0.000000000000e+00
974.0000    0.000000000000e+00
974.2500    0.000000000000e+00
974.5000    0.000000000000e+00
974.7500    0.000000000000e+00
975.0000    0.000000000000e+00
975.2500    0.000000000000e+00
975.5000    0.000000000000e+00
975.7500    0.000000000000e+00
976.0000    0.000000000000e+00
976.2500    0.000000000000e+00
976.5000    0.000000000000e+00
976.7500    0.000000000000e+00
977.0000    0.000000000000e+00
977.2500    0.000000000000e+00
977.5000    0.000000000000e+00
977.7500    0.000000000000e+00
978.0000    0.000000000000e+00
978.2500    0.000000000000e+00
978.5000    0.000000000000e+00
978.7500    0.000000000000e+00
979.0000    0.000000000000e+00
979.2500    0.000000000000e+00
979.5000    0.000000000000e+00
979.7500    0.000000000000e+00
980.0000    0.000000000000e+00
980.2500    0.000000000000e+00
980.5000    0.000000000000e+00
980.7500    0.000000000000e+00
981.0000    0.000000000000e+00
981.2500    0.000000000000e+00
981.5000    0.000000000000e+00
981.7500    0.000000000000e+00
982.0000    0.000000000000e+00
982.2500    0.000000000000e+00
982.5000    0.000000000000e+00
982.7500    0.000000000000e+00
983.0000    0.000000000000e+00
983.2500    0.000000000000e+00
983.5000    0.000000000000e+00
983.7500    0.000000000000e+00
984.0000    0.000000000000e+00
984.2500    0.000000000000e+00
984.5000    0.000000000000e+00
984.7500    0.000000000000e+00
985.0000    0.000000000000e+00
985.2500    0.000000000000e+00
985.5000    0.000000000000e+00
985.7500    0.000000000000e+00
986.0000    0.000000000000e+00
986.2500    0.000000000000e+00
986.5000    0.000000000000e+00
986.7500    0.000000000000e+00
987.0000    0.000000000000e+00
987.2500    0.000000000000e+00
987.5000    0.000000000000e+00
987.7500    0.000000000000e+00
988.0000    0.000000000000e+00
988.2500    0.000000000000e+00
988.5000    0.000000000000e+00
988.7500    0.000000000000e+00
989.0000    0.000000000000e+00
989.2500    0.000000000000e+00
989.5000    0.000000000000e+00
989.7500    0.000000000000e+00
990.0000    0.000000000000e+00
990.2500    0.000000000000e+00
990.5000    0.000000000000e+00
990.7500    0.000000000000e+00
991.0000    0.000000000000e+00
991.2500    0.000000000000e+00
991.5000    0.000000000000e+00
991.7500    0.000000000000e+00
992.0000    0.000000000000e+00
992.2500    0.000000000000e+00
992.5000    0.000000000000e+00
992.7500    0.000000000000e+00
993.0000    0.000000000000e+00
993.2500    0.000000000000e+00
993.5000    0.000000000000e+00
993.7500    0.000000000000e+00
994.0000    0.000000000000e+00
994.2500    0.000000000000e+00
994.5000    0.000000000000e+00
994.7500    0.000000000000e+00
995.0000    0.000000000000e+00
995.2500    0.000000000000e+00
995.5000    0.000000000000e+00
995.7500    0.000000000000e+00
996.0000    0.000000000000e+00
996.2500    0.000000000000e+00
996.5000    0.000000000000e+00
996.7500    0.000000000000e+00
997.0000    0.000000000000e+00
997.2500    0.000000000000e+00
997.5000    0.000000000000e+00
997.7500    0.000000000000e+00
998.0000    0.000000000000e+00
998.2500    0.000000000000e+00
998.5000    0.000000000000e+00
998.7500    0.000000000000e+00
999.0000    0.000000000000e+00
999.2500    0.000000000000e+00
999.5000    0.000000000000e+00
999.7500    0.000000000000e+00
1000.0000    0.000000000000e+00
1000.2500    0.000000000000e+00
1000.5000    0.000000000000e+00
1000.7500    0.000000000000e+00
1001.0000    0.000000000000e+00
1001.2500    0.000000000000e+00
1001.5000    0.000000000000e+00
1001.7500    0.000000000000e+00
1002.0000    0.000000000000e+00
1002.2500    0.000000000000e+00
1002.5000    0.000000000000e+00
1002.7500    0.000000000000e+00
1003.0000    0.000000000000e+00
1003.2500    0.000000000000e+00
1003.5000    0.000000000000e+00
1003.7500    0.000000000000e+00
1004.0000    0.000000000000e+00
1004.2500    0.000000000000e+00
1004.5000    0.000000000000e+00
1004.7500    0.000000000000e+00
1005.0000    0.000000000000e+00
1005.2500    0.000000000000e+00
1005.5000    0.000000000000e+00
1005.7500    0.000000000000e+00
1006.0000    0.000000000000e+00
1006.2500    0.000000000000e+00
1006.5000    0.000000000000e+00
1006.7500    0.000000000000e+00
1007.0000    0.000000000000e+00
1007.2500    0.000000000000e+00
1007.5000    0.000000000000e+00
1007.7500    0.000000000000e+00
1008.0000    0.000000000000e+00
1008.2500    0.000000000000e+00
1008.5000    0.000000000000e+00
1008.7500    0.000000000000e+00
1009.0000    0.000000000000e+00
1009.2500    0.000000000000e+00
1009.5000    0.000000000000e+00
1009.7500    0.000000000000e+00
1010.0000    0.000000000000e+00
1010.2500    0.000000000000e+00
1010.5000    0.000000000000e+00
1010.7500    0.000000000000e+00
1011.0000    0.000000000000e+00
1011.2500    0.000000000000e+00
1011.5000    0.000000000000e+00
1011.7500    0.000000000000e+00
1012.0000    0.000000000000e+00
1012.2500    0.000000000000e+00
1012.5000    0.000000000000e+00
1012.7500    0.000000000000e+00
1013.0000    0.000000000000e+00
1013.2500    0.000000000000e+00
1013.5000    0.000000000000e+00
1013.7500    0.000000000000e+00
1014.0000    0.000000000000e+00
1014.2500    0.000000000000e+00
1014.5000    0.000000000000e+00
1014.7500    0.000000000000e+00
1015.0000    0.000000000000e+00
1015.2500    0.000000000000e+00
1015.5000    0.000000000000e+00
1015.7500    0.000000000000e+00
1016.0000    0.000000000000e+00
1016.2500    0.000000000000e+00
1016.5000    0.000000000000e+00
1016.7500    0.000000000000e+00
1017.0000    0.000000000000e+00
1017.2500    0.000000000000e+00
1017.5000    0.000000000000e+00
1017.7500    0.000000000000e+00
1018.0000    0.000000000000e+00
1018.2500    0.000000000000e+00
1018.5000    0.000000000000e+00
1018.7500    0.000000000000e+00
1019.0000    0.000000000000e+00
1019.2500    0.000000000000e+00
1019.5000    0.000000000000e+00
1019.7500    0.000000000000e+00
1020.0000    0.000000000000e+00
1020.2500    0.000000000000e+00
1020.5000    0.000000000000e+00
1020.7500    0.000000000000e+00
1021.0000    0.000000000000e+00
1021.2500    0.000000000000e+00
1021.5000    0.000000000000e+00
1021.7500    0.000000000000e+00
1022.0000    0.000000000000e+00
1022.2500    0.000000000000e+00
1022.5000    0.000000000000e+00
1022.7500    0.000000000000e+00
1023.0000    0.000000000000e+00
1023.2500    0.000000000000e+00
1023.5000    0.000000000000e+00
1023.7500    0.000000000000e+00
1024.0000    0.000000000000e+00
1024.2500    0.000000000000e+00
1024.5000    0.000000000000e+00
1024.7500    0.000000000000e+00
1025.0000    0.000000000000e+00
1025.2500    0.000000000000e+00
1025.5000    0.000000000000e+00
1025.7500    0.000000000000e+00
1026.0000    0.000000000000e+00
1026.2500    0.000000000000e+00
1026.5000    0.000000000000e+00
1026.7500    0.000000000000e+00
1027.0000    0.000000000000e+00
1027.2500    0.000000000000e+00
1027.5000    0.000000000000e+00
1027.7500    0.000000000000e+00
1028.0000    0.000000000000e+00
1028.2500    0.000000000000e+00
1028.5000    0.000000000000e+00
1028.7500    0.000000000000e+00
1029.0000    0.000000000000e+00
1029.2500    0.000000000000e+00
1029.5000    0.000000000000e+00
1029.7500    0.000000000000e+00
1030.0000    0.000000000000e+00
1030.2500    0.000000000000e+00
1030.5000    0.000000000000e+00
1030.7500    0.000000000000e+00
1031.0000    0.000000000000e+00
1031.2500    0.000000000000e+00
1031.5000    0.000000000000e+00
1031.7500    0.000000000000e+00
1032.0000    0.000000000000e+00
1032.2500    0.000000000000e+00
1032.5000    0.000000000000e+00
1032.7500    0.000000000000e+00
1033.0000    0.000000000000e+00
1033.2500    0.000000000000e+00
1033.5000    0.000000000000e+00
1033.7500    0.000000000000e+00
1034.0000    0.000000000000e+00
1034.2500    0.000000000000e+00
1034.5000    0.000000000000e+00
1034.7500    0.000000000000e+00
1035.0000    0.000000000000e+00
1035.2500    0.000000000000e+00
1035.5000    0.000000000000e+00
1035.7500    0.000000000000e+00
1036.0000    0.000000000000e+00
1036.2500    0.000000000000e+00
1036.5000    0.000000000000e+00
1036.7500    0.000000000000e+00
1037.0000    0.000000000000e+00
1037.2500    0.000000000000e+00
1037.5000    0.000000000000e+00
1037.7500    0.000000000000e+00
1038.0000    0.000000000000e+00
1038.2500    0.000000000000e+00
1038.5000    0.000000000000e+00
1038.7500    0.000000000000e+00
1039.0000    0.000000000000e+00
1039.2500    0.000000000000e+00
1039.5000    0.000000000000e+00
1039.7500    0.000000000000e+00
1040.0000    0.000000000000e+00
1040.2500    0.000000000000e+00
1040.5000    0.000000000000e+00
1040.7500    0.000000000000e+00
1041.0000    0.000000000000e+00
1041.2500    0.000000000000e+00
1041.5000    0.000000000000e+00
1041.7500    0.000000000000e+00
1042.0000    0.000000000000e+00
1042.2500    0.000000000000e+00
1042.5000    0.000000000000e+00
1042.7500    0.000000000000e+00
1043.0000    0.000000000000e+00
1043.2500    0.000000000000e+00
1043.5000    0.000000000000e+00
1043.7500    0.000000000000e+00
1044.0000    0.000000000000e+00
1044.2500    0.000000000000e+00
1044.5000    0.000000000000e+00
1044.7500    0.000000000000e+00
1045.0000    0.000000000000e+00
1045.2500    0.000000000000e+00
1045.5000    0.000000000000e+00
1045.7500    0.000000000000e+00
1046.0000    0.000000000000e+00
1046.2500    0.000000000000e+00
1046.5000    0.000000000000e+00
1046.7500    0.000000000000e+00
1047.0000    0.000000000000e+00
1047.2500    0.000000000000e+00
1047.5000    0.000000000000e+00
1047.7500    0.000000000000e+00
1048.0000    0.000000000000e+00
1048.2500    0.000000000000e+00
1048.5000    0.000000000000e+00
1048.7500    0.000000000000e+00
1049.0000    0.000000000000e+00
1049.2500    0.000000000000e+00
1049.5000    0.000000000000e+00
1049.7500    0.000000000000e+00
1050.0000    0.000000000000e+00
1050.2500    0.000000000000e+00
1050.5000    0.000000000000e+00
1050.7500    0.000000000000e+00
1051.0000    0.000000000000e+00
1051.2500    0.000000000000e+00
1051.5000    0.000000000000e+00
1051.7500    0.000000000000e+00
1052.0000    0.000000000000e+00
1052.2500    0.000000000000e+00
1052.5000    0.000000000000e+00
1052.7500    0.000000000000e+00
1053.0000    0.000000000000e+00
1053.2500    0.000000000000e+00
1053.5000    0.000000000000e+00
1053.7500    0.000000000000e+00
1054.0000    0.000000000000e+00
1054.2500    0.000000000000e+00
1054.5000    0.000000000000e+00
1054.7500    0.000000000000e+00
1055.0000    0.000000000000e+00
1055.2500    0.000000000000e+00
1055.5000    0.000000000000e+00
1055.7500    0.000000000000e+00
1056.0000    0.000000000000e+00
1056.2500    0.000000000000e+00
1056.5000    0.000000000000e+00
1056.7500    0.000000000000e+00
1057.0000    0.000000000000e+00
1057.2500    0.000000000000e+00
1057.5000    0.000000000000e+00
1057.7500    0.000000000000e+00
1058.0000    0.000000000000e+00
1058.2500    0.000000000000e+00
1058.5000    0.000000000000e+00
1058.7500    0.000000000000e+00
1059.0000    0.000000000000e+00
1059.2500    0.000000000000e+00
1059.5000    0.000000000000e+00
1059.7500    0.000000000000e+00
1060.0000    0.000000000000e+00
1060.2500    0.000000000000e+00
1060.5000    0.000000000000e+00
1060.7500    0.000000000000e+00
1061.0000    0.000000000000e+00
1061.2500    0.000000000000e+00
1061.5000    0.000000000000e+00
1061.7500    0.000000000000e+00
1062.0000    0.000000000000e+00
1062.2500    0.000000000000e+00
1062.5000    0.000000000000e+00
1062.7500    0.000000000000e+00
1063.0000    0.000000000000e+00
1063.2500    0.000000000000e+00
1063.5000    0.000000000000e+00
1063.7500    0.000000000000e+00
1064.0000    0.000000000000e+00
1064.2500    0.000000000000e+00
1064.5000    0.000000000000e+00
1064.7500    0.000000000000e+00
1065.0000    0.000000000000e+00
1065.2500    0.000000000000e+00
1065.5000    0.000000000000e+00
1065.7500    0.000000000000e+00
1066.0000    0.000000000000e+00
1066.2500    0.000000000000e+00
1066.5000    0.000000000000e+00
1066.7500    0.000000000000e+00
1067.0000    0.000000000000e+00
1067.2500    0.000000000000e+00
1067.5000    0.000000000000e+00
1067.7500    0.000000000000e+00
1068.0000    0.000000000000e+00
1068.2500    0.000000000000e+00
1068.5000    0.000000000000e+00
1068.7500    0.000000000000e+00
1069.0000    0.000000000000e+00
1069.2500    0.000000000000e+00
1069.5000    0.000000000000e+00
1069.7500    0.000000000000e+00
1070.0000    0.000000000000e+00
1070.2500    0.000000000000e+00
1070.5000    0.000000000000e+00
1070.7500    0.000000000000e+00
1071.0000    0.000000000000e+00
1071.2500    0.000000000000e+00
1071.5000    0.000000000000e+00
1071.7500    0.000000000000e+00
1072.0000    0.000000000000e+00
1072.2500    0.000000000000e+00
1072.5000    0.000000000000e+00
1072.7500    0.000000000000e+00
1073.0000    0.000000000000e+00
1073.2500    0.000000000000e+00
1073.5000    0.000000000000e+00
1073.7500    0.000000000000e+00
1074.0000    0.000000000000e+00
1074.2500    0.000000000000e+00
1074.5000    0.000000000000e+00
1074.7500    0.000000000000e+00
1075.0000    0.000000000000e+00
1075.2500    0.000000000000e+00
1075.5000    0.000000000000e+00
1075.7500    0.000000000000e+00
1076.0000    0.000000000000e+00
1076.2500    0.000000000000e+00
1076.5000    0.000000000000e+00
1076.7500    0.000000000000e+00
1077.0000    0.000000000000e+00
1077.2500    0.000000000000e+00
1077.5000    0.000000000000e+00
1077.7500    0.000000000000e+00
1078.0000    0.000000000000e+00
1078.2500    0.000000000000e+00
1078.5000    0.000000000000e+00
1078.7500    0.000000000000e+00
1079.0000    0.000000000000e+00
1079.2500    0.000000000000e+00
1079.5000    0.000000000000e+00
1079.7500    0.000000000000e+00
1080.0000    0.000000000000e+00
1080.2500    0.000000000000e+00
1080.5000    0.000000000000e+00
1080.7500    0.000000000000e+00
1081.0000    0.000000000000e+00
1081.2500    0.000000000000e+00
1081.5000    0.000000000000e+00
1081.7500    0.000000000000e+00
1082.0000    0.000000000000e+00
1082.2500    0.000000000000e+00
1082.5000    0.000000000000e+00
1082.7500    0.000000000000e+00
1083.0000    0.000000000000e+00
1083.2500    0.000000000000e+00
1083.5000    0.000000000000e+00
1083.7500    0.000000000000e+00
1084.0000    0.000000000000e+00
1084.2500    0.000000000000e+00
1084.5000    0.000000000000e+00
1084.7500    0.000000000000e+00
1085.0000    0.000000000000e+00
1085.2500    0.000000000000e+00
1085.5000    0.000000000000e+00
1085.7500    0.000000000000e+00
1086.0000    0.000000000000e+00
1086.2500    0.000000000000e+00
1086.5000    0.000000000000e+00
1086.7500    0.000000000000e+00
1087.0000    0.000000000000e+00
1087.2500    0.000000000000e+00
1087.5000    0.000000000000e+00
1087.7500    0.000000000000e+00
1088.0000    0.000000000000e+00
1088.2500    0.000000000000e+00
1088.5000    0.000000000000e+00
1088.7500    0.000000000000e+00
1089.0000    0.000000000000e+00
1089.2500    0.000000000000e+00
1089.5000    0.000000000000e+00
1089.7500    0.000000000000e+00
1090.0000    0.000000000000e+00
1090.2500    0.000000000000e+00
1090.5000    0.000000000000e+00
1090.7500    0.000000000000e+00
1091.0000    0.000000000000e+00
1091.2500    0.000000000000e+00
1091.5000    0.000000000000e+00
1091.7500    0.000000000000e+00
1092.0000    0.000000000000e+00
1092.2500    0.000000000000e+00
1092.5000    0.000000000000e+00
1092.7500    0.000000000000e+00
1093.0000    0.000000000000e+00
1093.2500    0.000000000000e+00
1093.5000    0.000000000000e+00
1093.7500    0.000000000000e+00
1094.0000    0.000000000000e+00
1094.2500    0.000000000000e+00
1094.5000    0.000000000000e+00
1094.7500    0.000000000000e+00
1095.0000    0.000000000000e+00
1095.2500    0.000000000000e+00
1095.5000    0.000000000000e+00
1095.7500    0.000000000000e+00
1096.0000    0.000000000000e+00
1096.2500    0.000000000000e+00
1096.5000    0.000000000000e+00
1096.7500    0.000000000000e+00
1097.0000    0.000000000000e+00
1097.2500    0.000000000000e+00
1097.5000    0.000000000000e+00
1097.7500    0.000000000000e+00
1098.0000    0.000000000000e+00
1098.2500    0.000000000000e+00
1098.5000    0.000000000000e+00
1098.7500    0.000000000000e+00
1099.0000    0.000000000000e+00
1099.2500    0.000000000000e+00
1099.5000    0.000000000000e+00
1099.7500    0.000000000000e+00
1100.0000    0.000000000000e+00
1100.2500    0.000000000000e+00
1100.5000    0.000000000000e+00
1100.7500    0.000000000000e+00
1101.0000    0.000000000000e+00
1101.2500    0.000000000000e+00
1101.5000    0.000000000000e+00
1101.7500    0.000000000000e+00
1102.0000    0.000000000000e+00
1102.2500    0.000000000000e+00
1102.5000    0.000000000000e+00
1102.7500    0.000000000000e+00
1103.0000    0.000000000000e+00
1103.2500    0.000000000000e+00
1103.5000    0.000000000000e+00
1103.7500    0.000000000000e+00
1104.0000    0.000000000000e+00
1104.2500    0.000000000000e+00
1104.5000    0.000000000000e+00
1104.7500    0.000000000000e+00
1105.0000    0.000000000000e+00
1105.2500    0.000000000000e+00
1105.5000    0.000000000000e+00
1105.7500    0.000000000000e+00
1106.0000    0.000000000000e+00
1106.2500    0.000000000000e+00
1106.5000    0.000000000000e+00
1106.7500    0.000000000000e+00
1107.0000    0.000000000000e+00
1107.2500    0.000000000000e+00
1107.5000    0.000000000000e+00
1107.7500    0.000000000000e+00
1108.0000    0.000000000000e+00
1108.2500    0.000000000000e+00
1108.5000    0.000000000000e+00
1108.7500    0.000000000000e+00
1109.0000    0.000000000000e+00
1109.2500    0.000000000000e+00
1109.5000    0.000000000000e+00
1109.7500    0.000000000000e+00
1110.0000    0.000000000000e+00
1110.2500    0.000000000000e+00
1110.5000    0.000000000000e+00
1110.7500    0.000000000000e+00
1111.0000    0.000000000000e+00
1111.2500    0.000000000000e+00
1111.5000    0.000000000000e+00
1111.7500    0.000000000000e+00
1112.0000    0.000000000000e+00
1112.2500    0.000000000000e+00
1112.5000    0.000000000000e+00
1112.7500    0.000000000000e+00
1113.0000    0.000000000000e+00
1113.2500    0.000000000000e+00
1113.5000    0.000000000000e+00
1113.7500    0.000000000000e+00
1114.0000    0.000000000000e+00
1114.2500    0.000000000000e+00
1114.5000    0.000000000000e+00
1114.7500    0.000000000000e+00
1115.0000    0.000000000000e+00
1115.2500    0.000000000000e+00
1115.5000    0.000000000000e+00
1115.7500    0.000000000000e+00
1116.0000    0.000000000000e+00
1116.2500    0.000000000000e+00
1116.5000    0.000000000000e+00
1116.7500    0.000000000000e+00
1117.0000    0.000000000000e+00
1117.2500    0.000000000000e+00
1117.5000    0.000000000000e+00
1117.7500    0.000000000000e+00
1118.0000    0.000000000000e+00
1118.2500    0.000000000000e+00
1118.5000    0.000000000000e+00
1118.7500    0.000000000000e+00
1119.0000    0.000000000000e+00
1119.2500    0.000000000000e+00
1119.5000    0.000000000000e+00
1119.7500    0.000000000000e+00
1120.0000    0.000000000000e+00
1120.2500    0.000000000000e+00
1120.5000    0.000000000000e+00
1120.7500    0.000000000000e+00
1121.0000    0.000000000000e+00
1121.2500    0.000000000000e+00
1121.5000    0.000000000000e+00
1121.7500    0.000000000000e+00
1122.0000    0.000000000000e+00
1122.2500    0.000000000000e+00
1122.5000    0.000000000000e+00
1122.7500    0.000000000000e+00
1123.0000    0.000000000000e+00
1123.2500    0.000000000000e+00
1123.5000    0.000000000000e+00
1123.7500    0.000000000000e+00
1124.0000    0.000000000000e+00
1124.2500    0.000000000000e+00
1124.5000    0.000000000000e+00
1124.7500    0.000000000000e+00
1125.0000    0.000000000000e+00
1125.2500    0.000000000000e+00
1125.5000    0.000000000000e+00
1125.7500    0.000000000000e+00
1126.0000    0.000000000000e+00
1126.2500    0.000000000000e+00
1126.5000    0.000000000000e+00
1126.7500    0.000000000000e+00
1127.0000    0.000000000000e+00
1127.2500    0.000000000000e+00
1127.5000    0.000000000000e+00
1127.7500    0.000000000000e+00
1128.0000    0.000000000000e+00
1128.2500    0.000000000000e+00
1128.5000    0.000000000000e+00
1128.7500    0.000000000000e+00
1129.0000    0.000000000000e+00
1129.2500    0.000000000000e+00
1129.5000    0.000000000000e+00
1129.7500    0.000000000000e+00
1130.0000    0.000000000000e+00
1130.2500    0.000000000000e+00
1130.5000    0.000000000000e+00
1130.7500    0.000000000000e+00
1131.0000    0.000000000000e+00
1131.2500    0.000000000000e+00
1131.5000    0.000000000000e+00
1131.7500    0.000000000000e+00
1132.0000    0.000000000000e+00
1132.2500    0.000000000000e+00
1132.5000    0.000000000000e+00
1132.7500    0.000000000000e+00
1133.0000    0.000000000000e+00
1133.2500    0.000000000000e+00
1133.5000    0.000000000000e+00
1133.7500    0.000000000000e+00
1134.0000    0.000000000000e+00
1134.2500    0.000000000000e+00
1134.5000    0.000000000000e+00
1134.7500    0.000000000000e+00
1135.0000    0.000000000000e+00
1135.2500    0.000000000000e+00
1135.5000    0.000000000000e+00
1135.7500    0.000000000000e+00
1136.0000    0.000000000000e+00
1136.2500    0.000000000000e+00
1136.5000    0.000000000000e+00
1136.7500    0.000000000000e+00
1137.0000    0.000000000000e+00
1137.2500    0.000000000000e+00
1137.5000    0.000000000000e+00
1137.7500    0.000000000000e+00
1138.0000    0.000000000000e+00
1138.2500    0.000000000000e+00
1138.5000    0.000000000000e+00
1138.7500    0.000000000000e+00
1139.0000    0.000000000000e+00
1139.2500    0.000000000000e+00
1139.5000    0.000000000000e+00
1139.7500    0.000000000000e+00
1140.0000    0.000000000000e+00
1140.2500    0.000000000000e+00
1140.5000    0.000000000000e+00
1140.7500    0.000000000000e+00
1141.0000    0.000000000000e+00
1141.2500    0.000000000000e+00
1141.5000    0.000000000000e+00
1141.7500    0.000000000000e+00
1142.0000    0.000000000000e+00
1142.2500    0.000000000000e+00
1142.5000    0.000000000000e+00
1142.7500    0.000000000000e+00
1143.0000    0.000000000000e+00
1143.2500    0.000000000000e+00
1143.5000    0.000000000000e+00
1143.7500    0.000000000000e+00
1144.0000    0.000000000000e+00
1144.2500    0.000000000000e+00
1144.5000    0.000000000000e+00
1144.7500    0.000000000000e+00
1145.0000    0.000000000000e+00
1145.2500    0.000000000000e+00
1145.5000    0.000000000000e+00
1145.7500    0.000000000000e+00
1146.0000    0.000000000000e+00
1146.2500    0.000000000000e+00
1146.5000    0.000000000000e+00
1146.7500    0.000000000000e+00
1147.0000    0.000000000000e+00
1147.2500    0.000000000000e+00
1147.5000    0.000000000000e+00
1147.7500    0.000000000000e+00
1148.0000    0.000000000000e+00
1148.2500    0.000000000000e+00
1148.5000    0.000000000000e+00
1148.7500    0.000000000000e+00
1149.0000    0.000000000000e+00
1149.2500    0.000000000000e+00
1149.5000    0.000000000000e+00
1149.7500    0.000000000000e+00
1150.0000    0.000000000000e+00
1150.2500    0.000000000000e+00
1150.5000    0.000000000000e+00
1150.7500    0.000000000000e+00
1151.0000    0.000000000000e+00
1151.2500    0.000000000000e+00
1151.5000    0.000000000000e+00
1151.7500    0.000000000000e+00
1152.0000    0.000000000000e+00
1152.2500    0.000000000000e+00
1152.5000    0.000000000000e+00
1152.7500    0.000000000000e+00
1153.0000    0.000000000000e+00
1153.2500    0.000000000000e+00
1153.5000    0.000000000000e+00
1153.7500    0.000000000000e+00
1154.0000    0.000000000000e+00
1154.2500    0.000000000000e+00
1154.5000    0.000000000000e+00
1154.7500    0.000000000000e+00
1155.0000    0.000000000000e+00
1155.2500    0.000000000000e+00
1155.5000    0.000000000000e+00
1155.7500    0.000000000000e+00
1156.0000    0.000000000000e+00
1156.2500    0.000000000000e+00
1156.5000    0.000000000000e+00
1156.7500    0.000000000000e+00
1157.0000    0.000000000000e+00
1157.2500    0.000000000000e+00
1157.5000    0.000000000000e+00
1157.7500    0.000000000000e+00
1158.0000    0.000000000000e+00
1158.2500    0.000000000000e+00
1158.5000    0.000000000000e+00
1158.7500    0.000000000000e+00
1159.0000    0.000000000000e+00
1159.2500    0.000000000000e+00
1159.5000    0.000000000000e+00
1159.7500    0.000000000000e+00
1160.0000    0.000000000000e+00
1160.2500    0.000000000000e+00
1160.5000    0.000000000000e+00
1160.7500    0.000000000000e+00
1161.0000    0.000000000000e+00
1161.2500    0.000000000000e+00
1161.5000    0.000000000000e+00
1161.7500    0.000000000000e+00
1162.0000    0.000000000000e+00
1162.2500    0.000000000000e+00
1162.5000    0.000000000000e+00
1162.7500    0.000000000000e+00
1163.0000    0.000000000000e+00
1163.2500    0.000000000000e+00
1163.5000    0.000000000000e+00
1163.7500    0.000000000000e+00
1164.0000    0.000000000000e+00
1164.2500    0.000000000000e+00
1164.5000    0.000000000000e+00
1164.7500    0.000000000000e+00
1165.0000    0.000000000000e+00
1165.2500    0.000000000000e+00
1165.5000    0.000000000000e+00
1165.7500    0.000000000000e+00
1166.0000    0.000000000000e+00
1166.2500    0.000000000000e+00
1166.5000    0.000000000000e+00
1166.7500    0.000000000000e+00
1167.0000    0.000000000000e+00
1167.2500    0.000000000000e+00
1167.5000    0.000000000000e+00
1167.7500    0.000000000000e+00
1168.0000    0.000000000000e+00
1168.2500    0.000000000000e+00
1168.5000    0.000000000000e+00
1168.7500    0.000000000000e+00
1169.0000    0.000000000000e+00
1169.2500    0.000000000000e+00
1169.5000    0.000000000000e+00
1169.7500    0.000000000000e+00
1170.0000    0.000000000000e+00
1170.2500    0.000000000000e+00
1170.5000    0.000000000000e+00
1170.7500    0.000000000000e+00
1171.0000    0.000000000000e+00
1171.2500    0.000000000000e+00
1171.5000    0.000000000000e+00
1171.7500    0.000000000000e+00
1172.0000    0.000000000000e+00
1172.2500    0.000000000000e+00
1172.5000    0.000000000000e+00
1172.7500    0.000000000000e+00
1173.0000    0.000000000000e+00
1173.2500    0.000000000000e+00
1173.5000    0.000000000000e+00
1173.7500    0.000000000000e+00
1174.0000    0.000000000000e+00
1174.2500    0.000000000000e+00
1174.5000    0.000000000000e+00
1174.7500    0.000000000000e+00
1175.0000    0.000000000000e+00
1175.2500    0.000000000000e+00
1175.5000    0.000000000000e+00
1175.7500    0.000000000000e+00
1176.0000    0.000000000000e+00
1176.2500    0.000000000000e+00
1176.5000    0.000000000000e+00
1176.7500    0.000000000000e+00
1177.0000    0.000000000000e+00
1177.2500    0.000000000000e+00
1177.5000    0.000000000000e+00
1177.7500    0.000000000000e+00
1178.0000    0.000000000000e+00
1178.2500    0.000000000000e+00
1178.5000    0.000000000000e+00
1178.7500    0.000000000000e+00
1179.0000    0.000000000000e+00
1179.2500    0.000000000000e+00
1179.5000    0.000000000000e+00
1179.7500    0.000000000000e+00
1180.0000    0.000000000000e+00
1180.2500    0.000000000000e+00
1180.5000    0.000000000000e+00
1180.7500    0.000000000000e+00
1181.0000    0.000000000000e+00
1181.2500    0.000000000000e+00
1181.5000    0.000000000000e+00
1181.7500    0.000000000000e+00
1182.0000    0.000000000000e+00
1182.2500    0.000000000000e+00
1182.5000    0.000000000000e+00
1182.7500    0.000000000000e+00
1183.0000    0.000000000000e+00
1183.2500    0.000000000000e+00
1183.5000    0.000000000000e+00
1183.7500    0.000000000000e+00
1184.0000    0.000000000000e+00
1184.2500    0.000000000000e+00
1184.5000    0.000000000000e+00
1184.7500    0.000000000000e+00
1185.0000    0.000000000000e+00
1185.2500    0.000000000000e+00
1185.5000    0.000000000000e+00
1185.7500    0.000000000000e+00
1186.0000    0.000000000000e+00
1186.2500    0.000000000000e+00
1186.5000    0.000000000000e+00
1186.7500    0.000000000000e+00
1187.0000    0.000000000000e+00
1187.2500    0.000000000000e+00
1187.5000    0.000000000000e+00
1187.7500    0.000000000000e+00
1188.0000    0.000000000000e+00
1188.2500    0.000000000000e+00
1188.5000    0.000000000000e+00
1188.7500    0.000000000000e+00
1189.0000    0.000000000000e+00
1189.2500    0.000000000000e+00
1189.5000    0.000000000000e+00
1189.7500    0.000000000000e+00
1190.0000    0.000000000000e+00
1190.2500    0.000000000000e+00
1190.5000    0.000000000000e+00
1190.7500    0.000000000000e+00
1191.0000    0.000000000000e+00
1191.2500    0.000000000000e+00
1191.5000    0.000000000000e+00
1191.7500    0.000000000000e+00
1192.0000    0.000000000000e+00
1192.2500    0.000000000000e+00
1192.5000    0.000000000000e+00
1192.7500    0.000000000000e+00
1193.0000    0.000000000000e+00
1193.2500    0.000000000000e+00
1193.5000    0.000000000000e+00
1193.7500    0.000000000000e+00
1194.0000    0.000000000000e+00
1194.2500    0.000000000000e+00
1194.5000    0.000000000000e+00
1194.7500    0.000000000000e+00
1195.0000    0.000000000000e+00
1195.2500    0.000000000000e+00
1195.5000    0.000000000000e+00
1195.7500    0.000000000000e+00
1196.0000    0.000000000000e+00
1196.2500    0.000000000000e+00
1196.5000    0.000000000000e+00
1196.7500    0.000000000000e+00
1197.0000    0.000000000000e+00
1197.2500    0.000000000000e+00
1197.5000    0.000000000000e+00
1197.7500    0.000000000000e+00
1198.0000    0.000000000000e+00
1198.2500    0.000000000000e+00
1198.5000    0.000000000000e+00
1198.7500    0.000000000000e+00
1199.0000    0.000000000000e+00
1199.2500    0.000000000000e+00
1199.5000    0.000000000000e+00
1199.7500    0.000000000000e+00
1200.0000    0.000000000000e+00
1200.2500    0.000000000000e+00
1200.5000    0.000000000000e+00
1200.7500    0.000000000000e+00
1201.0000    0.000000000000e+00
1201.2500    0.000000000000e+00
1201.5000    0.000000000000e+00
1201.7500    0.000000000000e+00
1202.0000    0.000000000000e+00
1202.2500    0.000000000000e+00
1202.5000    0.000000000000e+00
1202.7500    0.000000000000e+00
1203.0000    0.000000000000e+00
1203.2500    0.000000000000e+00
1203.5000    0.000000000000e+00
1203.7500    0.000000000000e+00
1204.0000    0.000000000000e+00
1204.2500    0.000000000000e+00
1204.5000    0.000000000000e+00
1204.7500    0.000000000000e+00
1205.0000    0.000000000000e+00
1205.2500    0.000000000000e+00
1205.5000    0.000000000000e+00
1205.7500    0.000000000000e+00
1206.0000    0.000000000000e+00
1206.2500    0.000000000000e+00
1206.5000    0.000000000000e+00
1206.7500    0.000000000000e+00
1207.0000    0.000000000000e+00
1207.2500    0.000000000000e+00
1207.5000    0.000000000000e+00
1207.7500    0.000000000000e+00
1208.0000    0.000000000000e+00
1208.2500    0.000000000000e+00
1208.5000    0.000000000000e+00
1208.7500    0.000000000000e+00
1209.0000    0.000000000000e+00
1209.2500    0.000000000000e+00
1209.5000    0.000000000000e+00
1209.7500    0.000000000000e+00
1210.0000    0.000000000000e+00
1210.2500    0.000000000000e+00
1210.5000    0.000000000000e+00
1210.7500    0.000000000000e+00
1211.0000    0.000000000000e+00
1211.2500    0.000000000000e+00
1211.5000    0.000000000000e+00
1211.7500    0.000000000000e+00
1212.0000    0.000000000000e+00
1212.2500    0.000000000000e+00
1212.5000    0.000000000000e+00
1212.7500    0.000000000000e+00
1213.0000    0.000000000000e+00
1213.2500    0.000000000000e+00
1213.5000    0.000000000000e+00
1213.7500    0.000000000000e+00
1214.0000    0.000000000000e+00
1214.2500    0.000000000000e+00
1214.5000    0.000000000000e+00
1214.7500    0.000000000000e+00
1215.0000    0.000000000000e+00
1215.2500    0.000000000000e+00
1215.5000    0.000000000000e+00
1215.7500    0.000000000000e+00
1216.0000    0.000000000000e+00
1216.2500    0.000000000000e+00
1216.5000    0.000000000000e+00
1216.7500    0.000000000000e+00
1217.0000    0.000000000000e+00
1217.2500    0.000000000000e+00
1217.5000    0.000000000000e+00
1217.7500    0.000000000000e+00
1218.0000    0.000000000000e+00
1218.2500    0.000000000000e+00
1218.5000    0.000000000000e+00
1218.7500    0.000000000000e+00
1219.0000    0.000000000000e+00
1219.2500    0.000000000000e+00
1219.5000    0.000000000000e+00
1219.7500    0.000000000000e+00
1220.0000    0.000000000000e+00
1220.2500    0.000000000000e+00
1220.5000    0.000000000000e+00
1220.7500    0.000000000000e+00
1221.0000    0.000000000000e+00
1221.2500    0.000000000000e+00
1221.5000    0.000000000000e+00
1221.7500    0.000000000000e+00
1222.0000    0.000000000000e+00
1222.2500    0.000000000000e+00
1222.5000    0.000000000000e+00
1222.7500    0.000000000000e+00
1223.0000    0.000000000000e+00
1223.2500    0.000000000000e+00
1223.5000    0.000000000000e+00
1223.7500    0.000000000000e+00
1224.0000    0.000000000000e+00
1224.2500    0.000000000000e+00
1224.5000    0.000000000000e+00
1224.7500    0.000000000000e+00
1225.0000    0.000000000000e+00
1225.2500    0.000000000000e+00
1225.5000    0.000000000000e+00
1225.7500    0.000000000000e+00
1226.0000    0.000000000000e+00
1226.2500    0.000000000000e+00
1226.5000    0.000000000000e+00
1226.7500    0.000000000000e+00
1227.0000    0.000000000000e+00
1227.2500    0.000000000000e+00
1227.5000    0.000000000000e+00
1227.7500    0.000000000000e+00
1228.0000    0.000000000000e+00
1228.2500    0.000000000000e+00
1228.5000    0.000000000000e+00
1228.7500    0.000000000000e+00
1229.0000    0.000000000000e+00
1229.2500    0.000000000000e+00
1229.5000    0.000000000000e+00
1229.7500    0.000000000000e+00
1230.0000    0.000000000000e+00
1230.2500    0.000000000000e+00
1230.5000    0.000000000000e+00
1230.7500    0.000000000000e+00
1231.0000    0.000000000000e+00
1231.2500    0.000000000000e+00
1231.5000    0.000000000000e+00
1231.7500    0.000000000000e+00
1232.0000    0.000000000000e+00
1232.2500    0.000000000000e+00
1232.5000    0.000000000000e+00
1232.7500    0.000000000000e+00
1233.0000    0.000000000000e+00
1233.2500    0.000000000000e+00
1233.5000    0.000000000000e+00
1233.7500    0.000000000000e+00
1234.0000    0.000000000000e+00
1234.2500    0.000000000000e+00
1234.5000    0.000000000000e+00
1234.7500    0.000000000000e+00
1235.0000    0.000000000000e+00
1235.2500    0.000000000000e+00
1235.5000    0.000000000000e+00
1235.7500    0.000000000000e+00
1236.0000    0.000000000000e+00
1236.2500    0.000000000000e+00
1236.5000    0.000000000000e+00
1236.7500    0.000000000000e+00
1237.0000    0.000000000000e+00
1237.2500    0.000000000000e+00
1237.5000    0.000000000000e+00
1237.7500    0.000000000000e+00
1238.0000    0.000000000000e+00
1238.2500    0.000000000000e+00
1238.5000    0.000000000000e+00
1238.7500    0.000000000000e+00
1239.0000    0.000000000000e+00
1239.2500    0.000000000000e+00
1239.5000    0.000000000000e+00
1239.7500    0.000000000000e+00
1240.0000    0.000000000000e+00
1240.2500    0.000000000000e+00
1240.5000    0.000000000000e+00
1240.7500    0.000000000000e+00
1241.0000    0.000000000000e+00
1241.2500    0.000000000000e+00
1241.5000    0.000000000000e+00
1241.7500    0.000000000000e+00
1242.0000    0.000000000000e+00
1242.2500    0.000000000000e+00
1242.5000    0.000000000000e+00
1242.7500    0.000000000000e+00
1243.0000    0.000000000000e+00
1243.2500    0.000000000000e+00
1243.5000    0.000000000000e+00
1243.7500    0.000000000000e+00
1244.0000    0.000000000000e+00
1244.2500    0.000000000000e+00
1244.5000    0.000000000000e+00
1244.7500    0.000000000000e+00
1245.0000    0.000000000000e+00
1245.2500    0.000000000000e+00
1245.5000    0.000000000000e+00
1245.7500    0.000000000000e+00
1246.0000    0.000000000000e+00
1246.2500    0.000000000000e+00
1246.5000    0.000000000000e+00
1246.7500    0.000000000000e+00
1247.0000    0.000000000000e+00
1247.2500    0.000000000000e+00
1247.5000    0.000000000000e+00
1247.7500    0.000000000000e+00
1248.0000    0.000000000000e+00
1248.2500    0.000000000000e+00
1248.5000    0.000000000000e+00
1248.7500    0.000000000000e+00
1249.0000    0.000000000000e+00
1249.2500    0.000000000000e+00
1249.5000    0.000000000000e+00
1249.7500    0.000000000000e+00
1250.0000    0.000000000000e+00
1250.2500    0.000000000000e+00
1250.5000    0.000000000000e+00
1250.7500    0.000000000000e+00
1251.0000    0.000000000000e+00
1251.2500    0.000000000000e+00
1251.5000    0.000000000000e+00
1251.7500    0.000000000000e+00
1252.0000    0.000000000000e+00
1252.2500    0.000000000000e+00
1252.5000    0.000000000000e+00
1252.7500    0.000000000000e+00
1253.0000    0.000000000000e+00
1253.2500    0.000000000000e+00
1253.5000    0.000000000000e+00
1253.7500    0.000000000000e+00
1254.0000    0.000000000000e+00
1254.2500    0.000000000000e+00
1254.5000    0.000000000000e+00
1254.7500    0.000000000000e+00
1255.0000    0.000000000000e+00
1255.2500    0.000000000000e+00
1255.5000    0.000000000000e+00
1255.7500    0.000000000000e+00
1256.0000    0.000000000000e+00
1256.2500    0.000000000000e+00
1256.5000    0.000000000000e+00
1256.7500    0.000000000000e+00
1257.0000    0.000000000000e+00
1257.2500    0.000000000000e+00
1257.5000    0.000000000000e+00
1257.7500    0.000000000000e+00
1258.0000    0.000000000000e+00
1258.2500    0.000000000000e+00
1258.5000    0.000000000000e+00
1258.7500    0.000000000000e+00
1259.0000    0.000000000000e+00
1259.2500    0.000000000000e+00
1259.5000    0.000000000000e+00
1259.7500    0.000000000000e+00
1260.0000    0.000000000000e+00
1260.2500    0.000000000000e+00
1260.5000    0.000000000000e+00
1260.7500    0.000000000000e+00
1261.0000    0.000000000000e+00
1261.2500    0.000000000000e+00
1261.5000    0.000000000000e+00
1261.7500    0.000000000000e+00
1262.0000    0.000000000000e+00
1262.2500    0.000000000000e+00
1262.5000    0.000000000000e+00
1262.7500    0.000000000000e+00
1263.0000    0.000000000000e+00
1263.2500    0.000000000000e+00
1263.5000    0.000000000000e+00
1263.7500    0.000000000000e+00
1264.0000    0.000000000000e+00
1264.2500    0.000000000000e+00
1264.5000    0.000000000000e+00
1264.7500    0.000000000000e+00
1265.0000    0.000000000000e+00
1265.2500    0.000000000000e+00
1265.5000    0.000000000000e+00
1265.7500    0.000000000000e+00
1266.0000    0.000000000000e+00
1266.2500    0.000000000000e+00
1266.5000    0.000000000000e+00
1266.7500    0.000000000000e+00
1267.0000    0.000000000000e+00
1267.2500    0.000000000000e+00
1267.5000    0.000000000000e+00
1267.7500    0.000000000000e+00
1268.0000    0.000000000000e+00
1268.2500    0.000000000000e+00
1268.5000    0.000000000000e+00
1268.7500    0.000000000000e+00
1269.0000    0.000000000000e+00
1269.2500    0.000000000000e+00
1269.5000    0.000000000000e+00
1269.7500    0.000000000000e+00
1270.0000    0.000000000000e+00
1270.2500    0.000000000000e+00
1270.5000    0.000000000000e+00
1270.7500    0.000000000000e+00
1271.0000    0.000000000000e+00
1271.2500    0.000000000000e+00
1271.5000    0.000000000000e+00
1271.7500    0.000000000000e+00
1272.0000    0.000000000000e+00
1272.2500    0.000000000000e+00
1272.5000    0.000000000000e+00
1272.7500    0.000000000000e+00
1273.0000    0.000000000000e+00
1273.2500    0.000000000000e+00
1273.5000    0.000000000000e+00
1273.7500    0.000000000000e+00
1274.0000    0.000000000000e+00
1274.2500    0.000000000000e+00
1274.5000    0.000000000000e+00
1274.7500    0.000000000000e+00
1275.0000    0.000000000000e+00
1275.2500    0.000000000000e+00
1275.5000    0.000000000000e+00
1275.7500    0.000000000000e+00
1276.0000    0.000000000000e+00
1276.2500    0.000000000000e+00
1276.5000    0.000000000000e+00
1276.7500    0.000000000000e+00
1277.0000    0.000000000000e+00
1277.2500    0.000000000000e+00
1277.5000    0.000000000000e+00
1277.7500    0.000000000000e+00
1278.0000    0.000000000000e+00
1278.2500    0.000000000000e+00
1278.5000    0.000000000000e+00
1278.7500    0.000000000000e+00
1279.0000    0.000000000000e+00
1279.2500    0.000000000000e+00
1279.5000    0.000000000000e+00
1279.7500    0.000000000000e+00
1280.0000    0.000000000000e+00
1280.2500    0.000000000000e+00
1280.5000    0.000000000000e+00
1280.7500    0.000000000000e+00
1281.0000    0.000000000000e+00
1281.2500    0.000000000000e+00
1281.5000    0.000000000000e+00
1281.7500    0.000000000000e+00
1282.0000    0.000000000000e+00
1282.2500    0.000000000000e+00
1282.5000    0.000000000000e+00
1282.7500    0.000000000000e+00
1283.0000    0.000000000000e+00
1283.2500    0.000000000000e+00
1283.5000    0.000000000000e+00
1283.7500    0.000000000000e+00
1284.0000    0.000000000000e+00
1284.2500    0.000000000000e+00
1284.5000    0.000000000000e+00
1284.7500    0.000000000000e+00
1285.0000    0.000000000000e+00
1285.2500    0.000000000000e+00
1285.5000    0.000000000000e+00
1285.7500    0.000000000000e+00
1286.0000    0.000000000000e+00
1286.2500    0.000000000000e+00
1286.5000    0.000000000000e+00
1286.7500    0.000000000000e+00
1287.0000    0.000000000000e+00
1287.2500    0.000000000000e+00
1287.5000    0.000000000000e+00
1287.7500    0.000000000000e+00
1288.0000    0.000000000000e+00
1288.2500    0.000000000000e+00
1288.5000    0.000000000000e+00
1288.7500    0.000000000000e+00
1289.0000    0.000000000000e+00
1289.2500    0.000000000000e+00
1289.5000    0.000000000000e+00
1289.7500    0.000000000000e+00
1290.0000    0.000000000000e+00
1290.2500    0.000000000000e+00
1290.5000    0.000000000000e+00
1290.7500    0.000000000000e+00
1291.0000    0.000000000000e+00
1291.2500    0.000000000000e+00
1291.5000    0.000000000000e+00
1291.7500    0.000000000000e+00
1292.0000    0.000000000000e+00
1292.2500    0.000000000000e+00
1292.5000    0.000000000000e+00
1292.7500    0.000000000000e+00
1293.0000    0.000000000000e+00
1293.2500    0.000000000000e+00
1293.5000    0.000000000000e+00
1293.7500    0.000000000000e+00
1294.0000    0.000000000000e+00
1294.2500    0.000000000000e+00
1294.5000    0.000000000000e+00
1294.7500    0.000000000000e+00
1295.0000    0.000000000000e+00
1295.2500    0.000000000000e+00
1295.5000    0.000000000000e+00
1295.7500    0.000000000000e+00
1296.0000    0.000000000000e+00
1296.2500    0.000000000000e+00
1296.5000    0.000000000000e+00
1296.7500    0.000000000000e+00
1297.0000    0.000000000000e+00
1297.2500    0.000000000000e+00
1297.5000    0.000000000000e+00
1297.7500    0.000000000000e+00
1298.0000    0.000000000000e+00
1298.2500    0.000000000000e+00
1298.5000    0.000000000000e+00
1298.7500    0.000000000000e+00
1299.0000    0.000000000000e+00
1299.2500    0.000000000000e+00
1299.5000    0.000000000000e+00
1299.7500    0.000000000000e+00
1300.0000    0.000000000000e+00
1300.2500    0.000000000000e+00
1300.5000    0.000000000000e+00
1300.7500    0.000000000000e+00
1301.0000    0.000000000000e+00
1301.2500    0.000000000000e+00
1301.5000    0.000000000000e+00
1301.7500    0.000000000000e+00
1302.0000    0.000000000000e+00
1302.2500    0.000000000000e+00
1302.5000    0.000000000000e+00
1302.7500    0.000000000000e+00
1303.0000    0.000000000000e+00
1303.2500    0.000000000000e+00
1303.5000    0.000000000000e+00
1303.7500    0.000000000000e+00
1304.0000    0.000000000000e+00
1304.2500    0.000000000000e+00
1304.5000    0.000000000000e+00
1304.7500    0.000000000000e+00
1305.0000    0.000000000000e+00
1305.2500    0.000000000000e+00
1305.5000    0.000000000000e+00
1305.7500    0.000000000000e+00
1306.0000    0.000000000000e+00
1306.2500    0.000000000000e+00
1306.5000    0.000000000000e+00
1306.7500    0.000000000000e+00
1307.0000    0.000000000000e+00
1307.2500    0.000000000000e+00
1307.5000    0.000000000000e+00
1307.7500    0.000000000000e+00
1308.0000    0.000000000000e+00
1308.2500    0.000000000000e+00
1308.5000    0.000000000000e+00
1308.7500    0.000000000000e+00
1309.0000    0.000000000000e+00
1309.2500    0.000000000000e+00
1309.5000    0.000000000000e+00
1309.7500    0.000000000000e+00
1310.0000    0.000000000000e+00
1310.2500    0.000000000000e+00
1310.5000    0.000000000000e+00
1310.7500    0.000000000000e+00
1311.0000    0.000000000000e+00
1311.2500    0.000000000000e+00
1311.5000    0.000000000000e+00
1311.7500    0.000000000000e+00
1312.0000    0.000000000000e+00
1312.2500    0.000000000000e+00
1312.5000    0.000000000000e+00
1312.7500    0.000000000000e+00
1313.0000    0.000000000000e+00
1313.2500    0.000000000000e+00
1313.5000    0.000000000000e+00
1313.7500    0.000000000000e+00
1314.0000    0.000000000000e+00
1314.2500    0.000000000000e+00
1314.5000    0.000000000000e+00
1314.7500    0.000000000000e+00
1315.0000    0.000000000000e+00
1315.2500    0.000000000000e+00
1315.5000    0.000000000000e+00
1315.7500    0.000000000000e+00
1316.0000    0.000000000000e+00
1316.2500    0.000000000000e+00
1316.5000    0.000000000000e+00
1316.7500    0.000000000000e+00
1317.0000    0.000000000000e+00
1317.2500    0.000000000000e+00
1317.5000    0.000000000000e+00
1317.7500    0.000000000000e+00
1318.0000    0.000000000000e+00
1318.2500    0.000000000000e+00
1318.5000    0.000000000000e+00
1318.7500    0.000000000000e+00
1319.0000    0.000000000000e+00
1319.2500    0.000000000000e+00
1319.5000    0.000000000000e+00
1319.7500    0.000000000000e+00
1320.0000    0.000000000000e+00
1320.2500    0.000000000000e+00
1320.5000    0.000000000000e+00
1320.7500    0.000000000000e+00
1321.0000    0.000000000000e+00
1321.2500    0.000000000000e+00
1321.5000    0.000000000000e+00
1321.7500    0.000000000000e+00
1322.0000    0.000000000000e+00
1322.2500    0.000000000000e+00
1322.5000    0.000000000000e+00
1322.7500    0.000000000000e+00
1323.0000    0.000000000000e+00
1323.2500    0.000000000000e+00
1323.5000    0.000000000000e+00
1323.7500    0.000000000000e+00
1324.0000    0.000000000000e+00
1324.2500    0.000000000000e+00
1324.5000    0.000000000000e+00
1324.7500    0.000000000000e+00
1325.0000    0.000000000000e+00
1325.2500    0.000000000000e+00
1325.5000    0.000000000000e+00
1325.7500    0.000000000000e+00
1326.0000    0.000000000000e+00
1326.2500    0.000000000000e+00
1326.5000    0.000000000000e+00
1326.7500    0.000000000000e+00
1327.0000    0.000000000000e+00
1327.2500    0.000000000000e+00
1327.5000    0.000000000000e+00
1327.7500    0.000000000000e+00
1328.0000    0.000000000000e+00
1328.2500    0.000000000000e+00
1328.5000    0.000000000000e+00
1328.7500    0.000000000000e+00
1329.0000    0.000000000000e+00
1329.2500    0.000000000000e+00
1329.5000    0.000000000000e+00
1329.7500    0.000000000000e+00
1330.0000    0.000000000000e+00
1330.2500    0.000000000000e+00
1330.5000    0.000000000000e+00
1330.7500    0.000000000000e+00
1331.0000    0.000000000000e+00
1331.2500    0.000000000000e+00
1331.5000    0.000000000000e+00
1331.7500    0.000000000000e+00
1332.0000    0.000000000000e+00
1332.2500    0.000000000000e+00
1332.5000    0.000000000000e+00
1332.7500    0.000000000000e+00
1333.0000    0.000000000000e+00
1333.2500    0.000000000000e+00
1333.5000    0.000000000000e+00
1333.7500    0.000000000000e+00
1334.0000    0.000000000000e+00
1334.2500    0.000000000000e+00
1334.5000    0.000000000000e+00
1334.7500    0.000000000000e+00
1335.0000    0.000000000000e+00
1335.2500    0.000000000000e+00
1335.5000    0.000000000000e+00
1335.7500    0.000000000000e+00
1336.0000    0.000000000000e+00
1336.2500    0.000000000000e+00
1336.5000    0.000000000000e+00
1336.7500    0.000000000000e+00
1337.0000    0.000000000000e+00
1337.2500    0.000000000000e+00
1337.5000    0.000000000000e+00
1337.7500    0.000000000000e+00
1338.0000    0.000000000000e+00
1338.2500    0.000000000000e+00
1338.5000    0.000000000000e+00
1338.7500    0.000000000000e+00
1339.0000    0.000000000000e+00
1339.2500    0.000000000000e+00
1339.5000    0.000000000000e+00
1339.7500    0.000000000000e+00
1340.0000    0.000000000000e+00
1340.2500    0.000000000000e+00
1340.5000    0.000000000000e+00
1340.7500    0.000000000000e+00
1341.0000    0.000000000000e+00
1341.2500    0.000000000000e+00
1341.5000    0.000000000000e+00
1341.7500    0.000000000000e+00
1342.0000    0.000000000000e+00
1342.2500    0.000000000000e+00
1342.5000    0.000000000000e+00
1342.7500    0.000000000000e+00
1343.0000    0.000000000000e+00
1343.2500    0.000000000000e+00
1343.5000    0.000000000000e+00
1343.7500    0.000000000000e+00
1344.0000    0.000000000000e+00
1344.2500    0.000000000000e+00
1344.5000    0.000000000000e+00
1344.7500    0.000000000000e+00
1345.0000    0.000000000000e+00
1345.2500    0.000000000000e+00
1345.5000    0.000000000000e+00
1345.7500    0.000000000000e+00
1346.0000    0.000000000000e+00
1346.2500    0.000000000000e+00
1346.5000    0.000000000000e+00
1346.7500    0.000000000000e+00
1347.0000    0.000000000000e+00
1347.2500    0.000000000000e+00
1347.5000    0.000000000000e+00
1347.7500    0.000000000000e+00
1348.0000    0.000000000000e+00
1348.2500    0.000000000000e+00
1348.5000    0.000000000000e+00
1348.7500    0.000000000000e+00
1349.0000    0.000000000000e+00
1349.2500    0.000000000000e+00
1349.5000    0.000000000000e+00
1349.7500    0.000000000000e+00
1350.0000    0.000000000000e+00
1350.2500    0.000000000000e+00
1350.5000    0.000000000000e+00
1350.7500    0.000000000000e+00
1351.0000    0.000000000000e+00
1351.2500    0.000000000000e+00
1351.5000    0.000000000000e+00
1351.7500    0.000000000000e+00
1352.0000    0.000000000000e+00
1352.2500    0.000000000000e+00
1352.5000    0.000000000000e+00
1352.7500    0.000000000000e+00
1353.0000    0.000000000000e+00
1353.2500    0.000000000000e+00
1353.5000    0.000000000000e+00
1353.7500    0.000000000000e+00
1354.0000    0.000000000000e+00
1354.2500    0.000000000000e+00
1354.5000    0.000000000000e+00
1354.7500    0.000000000000e+00
1355.0000    0.000000000000e+00
1355.2500    0.000000000000e+00
1355.5000    0.000000000000e+00
1355.7500    0.000000000000e+00
1356.0000    0.000000000000e+00
1356.2500    0.000000000000e+00
1356.5000    0.000000000000e+00
1356.7500    0.000000000000e+00
1357.0000    0.000000000000e+00
1357.2500    0.000000000000e+00
1357.5000    0.000000000000e+00
1357.7500    0.000000000000e+00
1358.0000    0.000000000000e+00
1358.2500    0.000000000000e+00
1358.5000    0.000000000000e+00
1358.7500    0.000000000000e+00
1359.0000    0.000000000000e+00
1359.2500    0.000000000000e+00
1359.5000    0.000000000000e+00
1359.7500    0.000000000000e+00
1360.0000    0.000000000000e+00
1360.2500    0.000000000000e+00
1360.5000    0.000000000000e+00
1360.7500    0.000000000000e+00
1361.0000    0.000000000000e+00
1361.2500    0.000000000000e+00
1361.5000    0.000000000000e+00
1361.7500    0.000000000000e+00
1362.0000    0.000000000000e+00
1362.2500    0.000000000000e+00
1362.5000    0.000000000000e+00
1362.7500    0.000000000000e+00
1363.0000    0.000000000000e+00
1363.2500    0.000000000000e+00
1363.5000    0.000000000000e+00
1363.7500    0.000000000000e+00
1364.0000    0.000000000000e+00
1364.2500    0.000000000000e+00
1364.5000    0.000000000000e+00
1364.7500    0.000000000000e+00
1365.0000    0.000000000000e+00
1365.2500    0.000000000000e+00
1365.5000    0.000000000000e+00
1365.7500    0.000000000000e+00
1366.0000    0.000000000000e+00
1366.2500    0.000000000000e+00
1366.5000    0.000000000000e+00
1366.7500    0.000000000000e+00
1367.0000    0.000000000000e+00
1367.2500    0.000000000000e+00
1367.5000    0.000000000000e+00
1367.7500    0.000000000000e+00
1368.0000    0.000000000000e+00
1368.2500    0.000000000000e+00
1368.5000    0.000000000000e+00
1368.7500    0.000000000000e+00
1369.0000    0.000000000000e+00
1369.2500    0.000000000000e+00
1369.5000    0.000000000000e+00
1369.7500    0.000000000000e+00
1370.0000    0.000000000000e+00
1370.2500    0.000000000000e+00
1370.5000    0.000000000000e+00
1370.7500    0.000000000000e+00
1371.0000    0.000000000000e+00
1371.2500    0.000000000000e+00
1371.5000    0.000000000000e+00
1371.7500    0.000000000000e+00
1372.0000    0.000000000000e+00
1372.2500    0.000000000000e+00
1372.5000    0.000000000000e+00
1372.7500    0.000000000000e+00
1373.0000    0.000000000000e+00
1373.2500    0.000000000000e+00
1373.5000    0.000000000000e+00
1373.7500    0.000000000000e+00
1374.0000    0.000000000000e+00
1374.2500    0.000000000000e+00
1374.5000    0.000000000000e+00
1374.7500    0.000000000000e+00
1375.0000    0.000000000000e+00
1375.2500    0.000000000000e+00
1375.5000    0.000000000000e+00
1375.7500    0.000000000000e+00
1376.0000    0.000000000000e+00
1376.2500    0.000000000000e+00
1376.5000    0.000000000000e+00
1376.7500    0.000000000000e+00
1377.0000    0.000000000000e+00
1377.2500    0.000000000000e+00
1377.5000    0.000000000000e+00
1377.7500    0.000000000000e+00
1378.0000    0.000000000000e+00
1378.2500    0.000000000000e+00
1378.5000    0.000000000000e+00
1378.7500    0.000000000000e+00
1379.0000    0.000000000000e+00
1379.2500    0.000000000000e+00
1379.5000    0.000000000000e+00
1379.7500    0.000000000000e+00
1380.0000    0.000000000000e+00
1380.2500    0.000000000000e+00
1380.5000    0.000000000000e+00
1380.7500    0.000000000000e+00
1381.0000    0.000000000000e+00
1381.2500    0.000000000000e+00
1381.5000    0.000000000000e+00
1381.7500    0.000000000000e+00
1382.0000    0.000000000000e+00
1382.2500    0.000000000000e+00
1382.5000    0.000000000000e+00
1382.7500    0.000000000000e+00
1383.0000    0.000000000000e+00
1383.2500    0.000000000000e+00
1383.5000    0.000000000000e+00
1383.7500    0.000000000000e+00
1384.0000    0.000000000000e+00
1384.2500    0.000000000000e+00
1384.5000    0.000000000000e+00
1384.7500    0.000000000000e+00
1385.0000    0.000000000000e+00
1385.2500    0.000000000000e+00
1385.5000    0.000000000000e+00
1385.7500    0.000000000000e+00
1386.0000    0.000000000000e+00
1386.2500    0.000000000000e+00
1386.5000    0.000000000000e+00
1386.7500    0.000000000000e+00
1387.0000    0.000000000000e+00
1387.2500    0.000000000000e+00
1387.5000    0.000000000000e+00
1387.7500    0.000000000000e+00
1388.0000    0.000000000000e+00
1388.2500    0.000000000000e+00
1388.5000    0.000000000000e+00
1388.7500    0.000000000000e+00
1389.0000    0.000000000000e+00
1389.2500    0.000000000000e+00
1389.5000    0.000000000000e+00
1389.7500    0.000000000000e+00
1390.0000    0.000000000000e+00
1390.2500    0.000000000000e+00
1390.5000    0.000000000000e+00
1390.7500    0.000000000000e+00
1391.0000    0.000000000000e+00
1391.2500    0.000000000000e+00
1391.5000    0.000000000000e+00
1391.7500    0.000000000000e+00
1392.0000    0.000000000000e+00
1392.2500    0.000000000000e+00
1392.5000    0.000000000000e+00
1392.7500    0.000000000000e+00
1393.0000    0.000000000000e+00
1393.2500    0.000000000000e+00
1393.5000    0.000000000000e+00
1393.7500    0.000000000000e+00
1394.0000    0.000000000000e+00
1394.2500    0.000000000000e+00
1394.5000    0.000000000000e+00
1394.7500    0.000000000000e+00
1395.0000    0.000000000000e+00
1395.2500    0.000000000000e+00
1395.5000    0.000000000000e+00
1395.7500    0.000000000000e+00
1396.0000    0.000000000000e+00
1396.2500    0.000000000000e+00
1396.5000    0.000000000000e+00
1396.7500    0.000000000000e+00
1397.0000    0.000000000000e+00
1397.2500    0.000000000000e+00
1397.5000    0.000000000000e+00
1397.7500    0.000000000000e+00
1398.0000    0.000000000000e+00
1398.2500    0.000000000000e+00
1398.5000    0.000000000000e+00
1398.7500    0.000000000000e+00
1399.0000    0.000000000000e+00
1399.2500    0.000000000000e+00
1399.5000    0.000000000000e+00
1399.7500    0.000000000000e+00
1400.0000    0.000000000000e+00
1400.2500    0.000000000000e+00
1400.5000    0.000000000000e+00
1400.7500    0.000000000000e+00
1401.0000    0.000000000000e+00
1401.2500    0.000000000000e+00
1401.5000    0.000000000000e+00
1401.7500    0.000000000000e+00
1402.0000    0.000000000000e+00
1402.2500    0.000000000000e+00
1402.5000    0.000000000000e+00
1402.7500    0.000000000000e+00
1403.0000    0.000000000000e+00
1403.2500    0.000000000000e+00
1403.5000    0.000000000000e+00
1403.7500    0.000000000000e+00
1404.0000    0.000000000000e+00
1404.2500    0.000000000000e+00
1404.5000    0.000000000000e+00
1404.7500    0.000000000000e+00
1405.0000    0.000000000000e+00
1405.2500    0.000000000000e+00
1405.5000    0.000000000000e+00
1405.7500    0.000000000000e+00
1406.0000    0.000000000000e+00
1406.2500    0.000000000000e+00
1406.5000    0.000000000000e+00
1406.7500    0.000000000000e+00
1407.0000    0.000000000000e+00
1407.2500    0.000000000000e+00
1407.5000    0.000000000000e+00
1407.7500    0.000000000000e+00
1408.0000    0.000000000000e+00
1408.2500    0.000000000000e+00
1408.5000    0.000000000000e+00
1408.7500    0.000000000000e+00
1409.0000    0.000000000000e+00
1409.2500    0.000000000000e+00
1409.5000    0.000000000000e+00
1409.7500    0.000000000000e+00
1410.0000    0.000000000000e+00
1410.2500    0.000000000000e+00
1410.5000    0.000000000000e+00
1410.7500    0.000000000000e+00
1411.0000    0.000000000000e+00
1411.2500    0.000000000000e+00
1411.5000    0.000000000000e+00
1411.7500    0.000000000000e+00
1412.0000    0.000000000000e+00
1412.2500    0.000000000000e+00
1412.5000    0.000000000000e+00
1412.7500    0.000000000000e+00
1413.0000    0.000000000000e+00
1413.2500    0.000000000000e+00
1413.5000    0.000000000000e+00
1413.7500    0.000000000000e+00
1414.0000    0.000000000000e+00
1414.2500    0.000000000000e+00
1414.5000    0.000000000000e+00
1414.7500    0.000000000000e+00
1415.0000    0.000000000000e+00
1415.2500    0.000000000000e+00
1415.5000    0.000000000000e+00
1415.7500    0.000000000000e+00
1416.0000    0.000000000000e+00
1416.2500    0.000000000000e+00
1416.5000    0.000000000000e+00
1416.7500    0.000000000000e+00
1417.0000    0.000000000000e+00
1417.2500    0.000000000000e+00
1417.5000    0.000000000000e+00
1417.7500    0.000000000000e+00
1418.0000    0.000000000000e+00
1418.2500    0.000000000000e+00
1418.5000    0.000000000000e+00
1418.7500    0.000000000000e+00
1419.0000    0.000000000000e+00
1419.2500    0.000000000000e+00
1419.5000    0.000000000000e+00
1419.7500    0.000000000000e+00
1420.0000    0.000000000000e+00
1420.2500    0.000000000000e+00
1420.5000    0.000000000000e+00
1420.7500    0.000000000000e+00
1421.0000    0.000000000000e+00
1421.2500    0.000000000000e+00
1421.5000    0.000000000000e+00
1421.7500    0.000000000000e+00
1422.0000    0.000000000000e+00
1422.2500    0.000000000000e+00
1422.5000    0.000000000000e+00
1422.7500    0.000000000000e+00
1423.0000    0.000000000000e+00
1423.2500    0.000000000000e+00
1423.5000    0.000000000000e+00
1423.7500    0.000000000000e+00
1424.0000    0.000000000000e+00
1424.2500    0.000000000000e+00
1424.5000    0.000000000000e+00
1424.7500    0.000000000000e+00
1425.0000    0.000000000000e+00
1425.2500    0.000000000000e+00
1425.5000    0.000000000000e+00
1425.7500    0.000000000000e+00
1426.0000    0.000000000000e+00
1426.2500    0.000000000000e+00
1426.5000    0.000000000000e+00
1426.7500    0.000000000000e+00
1427.0000    0.000000000000e+00
1427.2500    0.000000000000e+00
1427.5000    0.000000000000e+00
1427.7500    0.000000000000e+00
1428.0000    0.000000000000e+00
1428.2500    0.000000000000e+00
1428.5000    0.000000000000e+00
1428.7500    0.000000000000e+00
1429.0000    0.000000000000e+00
1429.2500    0.000000000000e+00
1429.5000    0.000000000000e+00
1429.7500    0.000000000000e+00
1430.0000    0.000000000000e+00
1430.2500    0.000000000000e+00
1430.5000    0.000000000000e+00
1430.7500    0.000000000000e+00
1431.0000    0.000000000000e+00
1431.2500    0.000000000000e+00
1431.5000    0.000000000000e+00
1431.7500    0.000000000000e+00
1432.0000    0.000000000000e+00
1432.2500    0.000000000000e+00
1432.5000    0.000000000000e+00
1432.7500    0.000000000000e+00
1433.0000    0.000000000000e+00
1433.2500    0.000000000000e+00
1433.5000    0.000000000000e+00
1433.7500    0.000000000000e+00
1434.0000    0.000000000000e+00
1434.2500    0.000000000000e+00
1434.5000    0.000000000000e+00
1434.7500    0.000000000000e+00
1435.0000    0.000000000000e+00
1435.2500    0.000000000000e+00
1435.5000    0.000000000000e+00
1435.7500    0.000000000000e+00
1436.0000    0.000000000000e+00
1436.2500    0.000000000000e+00
1436.5000    0.000000000000e+00
1436.7500    0.000000000000e+00
1437.0000    0.000000000000e+00
1437.2500    0.000000000000e+00
1437.5000    0.000000000000e+00
1437.7500    0.000000000000e+00
1438.0000    0.000000000000e+00
1438.2500    0.000000000000e+00
1438.5000    0.000000000000e+00
1438.7500    0.000000000000e+00
1439.0000    0.000000000000e+00
1439.2500    0.000000000000e+00
1439.5000    0.000000000000e+00
1439.7500    0.000000000000e+00
1440.0000    0.000000000000e+00
1440.2500    0.000000000000e+00
1440.5000    0.000000000000e+00
1440.7500    0.000000000000e+00
1441.0000    0.000000000000e+00
1441.2500    0.000000000000e+00
1441.5000    0.000000000000e+00
1441.7500    0.000000000000e+00
1442.0000    0.000000000000e+00
1442.2500    0.000000000000e+00
1442.5000    0.000000000000e+00
1442.7500    0.000000000000e+00
1443.0000    0.000000000000e+00
1443.2500    0.000000000000e+00
1443.5000    0.000000000000e+00
1443.7500    0.000000000000e+00
1444.0000    0.000000000000e+00
1444.2500    0.000000000000e+00
1444.5000    0.000000000000e+00
1444.7500    0.000000000000e+00
1445.0000    0.000000000000e+00
1445.2500    0.000000000000e+00
1445.5000    0.000000000000e+00
1445.7500    0.000000000000e+00
1446.0000    0.000000000000e+00
1446.2500    0.000000000000e+00
1446.5000    0.000000000000e+00
1446.7500    0.000000000000e+00
1447.0000    0.000000000000e+00
1447.2500    0.000000000000e+00
1447.5000    0.000000000000e+00
1447.7500    0.000000000000e+00
1448.0000    0.000000000000e+00
1448.2500    0.000000000000e+00
1448.5000    0.000000000000e+00
1448.7500    0.000000000000e+00
1449.0000    0.000000000000e+00
1449.2500    0.000000000000e+00
1449.5000    0.000000000000e+00
1449.7500    0.000000000000e+00
1450.0000    0.000000000000e+00
1450.2500    0.000000000000e+00
1450.5000    0.000000000000e+00
1450.7500    0.000000000000e+00
1451.0000    0.000000000000e+00
1451.2500    0.000000000000e+00
1451.5000    0.000000000000e+00
1451.7500    0.000000000000e+00
1452.0000    0.000000000000e+00
1452.2500    0.000000000000e+00
1452.5000    0.000000000000e+00
1452.7500    0.000000000000e+00
1453.0000    0.000000000000e+00
1453.2500    0.000000000000e+00
1453.5000    0.000000000000e+00
1453.7500    0.000000000000e+00
1454.0000    0.000000000000e+00
1454.2500    0.000000000000e+00
1454.5000    0.000000000000e+00
1454.7500    0.000000000000e+00
1455.0000    0.000000000000e+00
1455.2500    0.000000000000e+00
1455.5000    0.000000000000e+00
1455.7500    0.000000000000e+00
1456.0000    0.000000000000e+00
1456.2500    0.000000000000e+00
1456.5000    0.000000000000e+00
1456.7500    0.000000000000e+00
1457.0000    0.000000000000e+00
1457.2500    0.000000000000e+00
1457.5000    0.000000000000e+00
1457.7500    0.000000000000e+00
1458.0000    0.000000000000e+00
1458.2500    0.000000000000e+00
1458.5000    0.000000000000e+00
1458.7500    0.000000000000e+00
1459.0000    0.000000000000e+00
1459.2500    0.000000000000e+00
1459.5000    0.000000000000e+00
1459.7500    0.000000000000e+00
1460.0000    0.000000000000e+00
1460.2500    0.000000000000e+00
1460.5000    0.000000000000e+00
1460.7500    0.000000000000e+00
1461.0000    0.000000000000e+00
1461.2500    0.000000000000e+00
1461.5000    0.000000000000e+00
1461.7500    0.000000000000e+00
1462.0000    0.000000000000e+00
1462.2500    0.000000000000e+00
1462.5000    0.000000000000e+00
1462.7500    0.000000000000e+00
1463.0000    0.000000000000e+00
1463.2500    0.000000000000e+00
1463.5000    0.000000000000e+00
1463.7500    0.000000000000e+00
1464.0000    0.000000000000e+00
1464.2500    0.000000000000e+00
1464.5000    0.000000000000e+00
1464.7500    0.000000000000e+00
1465.0000    0.000000000000e+00
1465.2500    0.000000000000e+00
1465.5000    0.000000000000e+00
1465.7500    0.000000000000e+00
1466.0000    0.000000000000e+00
1466.2500    0.000000000000e+00
1466.5000    0.000000000000e+00
1466.7500    0.000000000000e+00
1467.0000    0.000000000000e+00
1467.2500    0.000000000000e+00
1467.5000    0.000000000000e+00
1467.7500    0.000000000000e+00
1468.0000    0.000000000000e+00
1468.2500    0.000000000000e+00
1468.5000    0.000000000000e+00
1468.7500    0.000000000000e+00
1469.0000    0.000000000000e+00
1469.2500    0.000000000000e+00
1469.5000    0.000000000000e+00
1469.7500    0.000000000000e+00
1470.0000    0.000000000000e+00
1470.2500    0.000000000000e+00
1470.5000    0.000000000000e+00
1470.7500    0.000000000000e+00
1471.0000    0.000000000000e+00
1471.2500    0.000000000000e+00
1471.5000    0.000000000000e+00
1471.7500    0.000000000000e+00
1472.0000    0.000000000000e+00
1472.2500    0.000000000000e+00
1472.5000    0.000000000000e+00
1472.7500    0.000000000000e+00
1473.0000    0.000000000000e+00
1473.2500    0.000000000000e+00
1473.5000    0.000000000000e+00
1473.7500    0.000000000000e+00
1474.0000    0.000000000000e+00
1474.2500    0.000000000000e+00
1474.5000    0.000000000000e+00
1474.7500    0.000000000000e+00
1475.0000    0.000000000000e+00
1475.2500    0.000000000000e+00
1475.5000    0.000000000000e+00
1475.7500    0.000000000000e+00
1476.0000    0.000000000000e+00
1476.2500    0.000000000000e+00
1476.5000    0.000000000000e+00
1476.7500    0.000000000000e+00
1477.0000    0.000000000000e+00
1477.2500    0.000000000000e+00
1477.5000    0.000000000000e+00
1477.7500    0.000000000000e+00
1478.0000    0.000000000000e+00
1478.2500    0.000000000000e+00
1478.5000    0.000000000000e+00
1478.7500    0.000000000000e+00
1479.0000    0.000000000000e+00
1479.2500    0.000000000000e+00
1479.5000    0.000000000000e+00
1479.7500    0.000000000000e+00
1480.0000    0.000000000000e+00
1480.2500    0.000000000000e+00
1480.5000    0.000000000000e+00
1480.7500    0.000000000000e+00
1481.0000    0.000000000000e+00
1481.2500    0.000000000000e+00
1481.5000    0.000000000000e+00
1481.7500    0.000000000000e+00
1482.0000    0.000000000000e+00
1482.2500    0.000000000000e+00
1482.5000    0.000000000000e+00
1482.7500    0.000000000000e+00
1483.0000    0.000000000000e+00
1483.2500    0.000000000000e+00
1483.5000    0.000000000000e+00
1483.7500    0.000000000000e+00
1484.0000    0.000000000000e+00
1484.2500    0.000000000000e+00
1484.5000    0.000000000000e+00
1484.7500    0.000000000000e+00
1485.0000    0.000000000000e+00
1485.2500    0.000000000000e+00
1485.5000    0.000000000000e+00
1485.7500    0.000000000000e+00
1486.0000    0.000000000000e+00
1486.2500    0.000000000000e+00
1486.5000    0.000000000000e+00
1486.7500    0.000000000000e+00
1487.0000    0.000000000000e+00
1487.2500    0.000000000000e+00
1487.5000    0.000000000000e+00
1487.7500    0.000000000000e+00
1488.0000    0.000000000000e+00
1488.2500    0.000000000000e+00
1488.5000    0.000000000000e+00
1488.7500    0.000000000000e+00
1489.0000    0.000000000000e+00
1489.2500    0.000000000000e+00
1489.5000    0.000000000000e+00
1489.7500    0.000000000000e+00
1490.0000    0.000000000000e+00
1490.2500    0.000000000000e+00
1490.5000    0.000000000000e+00
1490.7500    0.000000000000e+00
1491.0000    0.000000000000e+00
1491.2500    0.000000000000e+00
1491.5000    0.000000000000e+00
1491.7500    0.000000000000e+00
1492.0000    0.000000000000e+00
1492.2500    0.000000000000e+00
1492.5000    0.000000000000e+00
1492.7500    0.000000000000e+00
1493.0000    0.000000000000e+00
1493.2500    0.000000000000e+00
1493.5000    0.000000000000e+00
1493.7500    0.000000000000e+00
1494.0000    0.000000000000e+00
1494.2500    0.000000000000e+00
1494.5000    0.000000000000e+00
1494.7500    0.000000000000e+00
1495.0000    0.000000000000e+00
1495.2500    0.000000000000e+00
1495.5000    0.000000000000e+00
1495.7500    0.000000000000e+00
1496.0000    0.000000000000e+00
1496.2500    0.000000000000e+00
1496.5000    0.000000000000e+00
1496.7500    0.000000000000e+00
1497.0000    0.000000000000e+00
1497.2500    0.000000000000e+00
1497.5000    0.000000000000e+00
1497.7500    0.000000000000e+00
1498.0000    0.000000000000e+00
1498.2500    0.000000000000e+00
1498.5000    0.000000000000e+00
1498.7500    0.000000000000e+00
1499.0000    0.000000000000e+00
1499.2500    0.000000000000e+00
1499.5000    0.000000000000e+00
1499.7500    0.000000000000e+00
1500.0000    0.000000000000e+00
1500.2500    0.000000000000e+00
1500.5000    0.000000000000e+00
1500.7500    0.000000000000e+00
1501.0000    0.000000000000e+00
1501.2500    0.000000000000e+00
1501.5000    0.000000000000e+00
1501.7500    0.000000000000e+00
1502.0000    0.000000000000e+00
1502.2500    0.000000000000e+00
1502.5000    0.000000000000e+00
1502.7500    0.000000000000e+00
1503.0000    0.000000000000e+00
1503.2500    0.000000000000e+00
1503.5000    0.000000000000e+00
1503.7500    0.000000000000e+00
1504.0000    0.000000000000e+00
1504.2500    0.000000000000e+00
1504.5000    0.000000000000e+00
1504.7500    0.000000000000e+00
1505.0000    0.000000000000e+00
1505.2500    0.000000000000e+00
1505.5000    0.000000000000e+00
1505.7500    0.000000000000e+00
1506.0000    0.000000000000e+00
1506.2500    0.000000000000e+00
1506.5000    0.000000000000e+00
1506.7500    0.000000000000e+00
1507.0000    0.000000000000e+00
1507.2500    0.000000000000e+00
1507.5000    0.000000000000e+00
1507.7500    0.000000000000e+00
1508.0000    0.000000000000e+00
1508.2500    0.000000000000e+00
1508.5000    0.000000000000e+00
1508.7500    0.000000000000e+00
1509.0000    0.000000000000e+00
1509.2500    0.000000000000e+00
1509.5000    0.000000000000e+00
1509.7500    0.000000000000e+00
1510.0000    0.000000000000e+00
1510.2500    0.000000000000e+00
1510.5000    0.000000000000e+00
1510.7500    0.000000000000e+00
1511.0000    0.000000000000e+00
1511.2500    0.000000000000e+00
1511.5000    0.000000000000e+00
1511.7500    0.000000000000e+00
1512.0000    0.000000000000e+00
1512.2500    0.000000000000e+00
1512.5000    0.000000000000e+00
1512.7500    0.000000000000e+00
1513.0000    0.000000000000e+00
1513.2500    0.000000000000e+00
1513.5000    0.000000000000e+00
1513.7500    0.000000000000e+00
1514.0000    0.000000000000e+00
1514.2500    0.000000000000e+00
1514.5000    0.000000000000e+00
1514.7500    0.000000000000e+00
1515.0000    0.000000000000e+00
1515.2500    0.000000000000e+00
1515.5000    0.000000000000e+00
1515.7500    0.000000000000e+00
1516.0000    0.000000000000e+00
1516.2500    0.000000000000e+00
1516.5000    0.000000000000e+00
1516.7500    0.000000000000e+00
1517.0000    0.000000000000e+00
1517.2500    0.000000000000e+00
1517.5000    0.000000000000e+00
1517.7500    0.000000000000e+00
1518.0000    0.000000000000e+00
1518.2500    0.000000000000e+00
1518.5000    0.000000000000e+00
1518.7500    0.000000000000e+00
1519.0000    0.000000000000e+00
1519.2500    0.000000000000e+00
1519.5000    0.000000000000e+00
1519.7500    0.000000000000e+00
1520.0000    0.000000000000e+00
1520.2500    0.000000000000e+00
1520.5000    0.000000000000e+00
1520.7500    0.000000000000e+00
1521.0000    0.000000000000e+00
1521.2500    0.000000000000e+00
1521.5000    0.000000000000e+00
1521.7500    0.000000000000e+00
1522.0000    0.000000000000e+00
1522.2500    0.000000000000e+00
1522.5000    0.000000000000e+00
1522.7500    0.000000000000e+00
1523.0000    0.000000000000e+00
1523.2500    0.000000000000e+00
1523.5000    0.000000000000e+00
1523.7500    0.000000000000e+00
1524.0000    0.000000000000e+00
1524.2500    0.000000000000e+00
1524.5000    0.000000000000e+00
1524.7500    0.000000000000e+00
1525.0000    0.000000000000e+00
1525.2500    0.000000000000e+00
1525.5000    0.000000000000e+00
1525.7500    0.000000000000e+00
1526.0000    0.000000000000e+00
1526.2500    0.000000000000e+00
1526.5000    0.000000000000e+00
1526.7500    0.000000000000e+00
1527.0000    0.000000000000e+00
1527.2500    0.000000000000e+00
1527.5000    0.000000000000e+00
1527.7500    0.000000000000e+00
1528.0000    0.000000000000e+00
1528.2500    0.000000000000e+00
1528.5000    0.000000000000e+00
1528.7500    0.000000000000e+00
1529.0000    0.000000000000e+00
1529.2500    0.000000000000e+00
1529.5000    0.000000000000e+00
1529.7500    0.000000000000e+00
1530.0000    0.000000000000e+00
1530.2500    0.000000000000e+00
1530.5000    0.000000000000e+00
1530.7500    0.000000000000e+00
1531.0000    0.000000000000e+00
1531.2500    0.000000000000e+00
1531.5000    0.000000000000e+00
1531.7500    0.000000000000e+00
1532.0000    0.000000000000e+00
1532.2500    0.000000000000e+00
1532.5000    0.000000000000e+00
1532.7500    0.000000000000e+00
1533.0000    0.000000000000e+00
1533.2500    0.000000000000e+00
1533.5000    0.000000000000e+00
1533.7500    0.000000000000e+00
1534.0000    0.000000000000e+00
1534.2500    0.000000000000e+00
1534.5000    0.000000000000e+00
1534.7500    0.000000000000e+00
1535.0000    0.000000000000e+00
1535.2500    0.000000000000e+00
1535.5000    0.000000000000e+00
1535.7500    0.000000000000e+00
1536.0000    0.000000000000e+00
1536.2500    0.000000000000e+00
1536.5000    0.000000000000e+00
1536.7500    0.000000000000e+00
1537.0000    0.000000000000e+00
1537.2500    0.000000000000e+00
1537.5000    0.000000000000e+00
1537.7500    0.000000000000e+00
1538.0000    0.000000000000e+00
1538.2500    0.000000000000e+00
1538.5000    0.000000000000e+00
1538.7500    0.000000000000e+00
1539.0000    0.000000000000e+00
1539.2500    0.000000000000e+00
1539.5000    0.000000000000e+00
1539.7500    0.000000000000e+00
1540.0000    0.000000000000e+00
1540.2500    0.000000000000e+00
1540.5000    0.000000000000e+00
1540.7500    0.000000000000e+00
1541.0000    0.000000000000e+00
1541.2500    0.000000000000e+00
1541.5000    0.000000000000e+00
1541.7500    0.000000000000e+00
1542.0000    0.000000000000e+00
1542.2500    0.000000000000e+00
1542.5000    0.000000000000e+00
1542.7500    0.000000000000e+00
1543.0000    0.000000000000e+00
1543.2500    0.000000000000e+00
1543.5000    0.000000000000e+00
1543.7500    0.000000000000e+00
1544.0000    0.000000000000e+00
1544.2500    0.000000000000e+00
1544.5000    0.000000000000e+00
1544.7500    0.000000000000e+00
1545.0000    0.000000000000e+00
1545.2500    0.000000000000e+00
1545.5000    0.000000000000e+00
1545.7500    0.000000000000e+00
1546.0000    0.000000000000e+00
1546.2500    0.000000000000e+00
1546.5000    0.000000000000e+00
1546.7500    0.000000000000e+00
1547.0000    0.000000000000e+00
1547.2500    0.000000000000e+00
1547.5000    0.000000000000e+00
1547.7500    0.000000000000e+00
1548.0000    0.000000000000e+00
1548.2500    0.000000000000e+00
1548.5000    0.000000000000e+00
1548.7500    0.000000000000e+00
1549.0000    0.000000000000e+00
1549.2500    0.000000000000e+00
1549.5000    0.000000000000e+00
1549.7500    0.000000000000e+00
1550.0000    0.000000000000e+00
1550.2500    0.000000000000e+00
1550.5000    0.000000000000e+00
1550.7500    0.000000000000e+00
1551.0000    0.000000000000e+00
1551.2500    0.000000000000e+00
1551.5000    0.000000000000e+00
1551.7500    0.000000000000e+00
1552.0000    0.000000000000e+00
1552.2500    0.000000000000e+00
1552.5000    0.000000000000e+00
1552.7500    0.000000000000e+00
1553.0000    0.000000000000e+00
1553.2500    0.000000000000e+00
1553.5000    0.000000000000e+00
1553.7500    0.000000000000e+00
1554.0000    0.000000000000e+00
1554.2500    0.000000000000e+00
1554.5000    0.000000000000e+00
1554.7500    0.000000000000e+00
1555.0000    0.000000000000e+00
1555.2500    0.000000000000e+00
1555.5000    0.000000000000e+00
1555.7500    0.000000000000e+00
1556.0000    0.000000000000e+00
1556.2500    0.000000000000e+00
1556.5000    0.000000000000e+00
1556.7500    0.000000000000e+00
1557.0000    0.000000000000e+00
1557.2500    0.000000000000e+00
1557.5000    0.000000000000e+00
1557.7500    0.000000000000e+00
1558.0000    0.000000000000e+00
1558.2500    0.000000000000e+00
1558.5000    0.000000000000e+00
1558.7500    0.000000000000e+00
1559.0000    0.000000000000e+00
1559.2500    0.000000000000e+00
1559.5000    0.000000000000e+00
1559.7500    0.000000000000e+00
1560.0000    0.000000000000e+00
1560.2500    0.000000000000e+00
1560.5000    0.000000000000e+00
1560.7500    0.000000000000e+00
1561.0000    0.000000000000e+00
1561.2500    0.000000000000e+00
1561.5000    0.000000000000e+00
1561.7500    0.000000000000e+00
1562.0000    0.000000000000e+00
1562.2500    0.000000000000e+00
1562.5000    0.000000000000e+00
1562.7500    0.000000000000e+00
1563.0000    0.000000000000e+00
1563.2500    0.000000000000e+00
1563.5000    0.000000000000e+00
1563.7500    0.000000000000e+00
1564.0000    0.000000000000e+00
1564.2500    0.000000000000e+00
1564.5000    0.000000000000e+00
1564.7500    0.000000000000e+00
1565.0000    0.000000000000e+00
1565.2500    0.000000000000e+00
1565.5000    0.000000000000e+00
1565.7500    0.000000000000e+00
1566.0000    0.000000000000e+00
1566.2500    0.000000000000e+00
1566.5000    0.000000000000e+00
1566.7500    0.000000000000e+00
1567.0000    0.000000000000e+00
1567.2500    0.000000000000e+00
1567.5000    0.000000000000e+00
1567.7500    0.000000000000e+00
1568.0000    0.000000000000e+00
1568.2500    0.000000000000e+00
1568.5000    0.000000000000e+00
1568.7500    0.000000000000e+00
1569.0000    0.000000000000e+00
1569.2500    0.000000000000e+00
1569.5000    0.000000000000e+00
1569.7500    0.000000000000e+00
1570.0000    0.000000000000e+00
1570.2500    0.000000000000e+00
1570.5000    0.000000000000e+00
1570.7500    0.000000000000e+00
1571.0000    0.000000000000e+00
1571.2500    0.000000000000e+00
1571.5000    0.000000000000e+00
1571.7500    0.000000000000e+00
1572.0000    0.000000000000e+00
1572.2500    0.000000000000e+00
1572.5000    0.000000000000e+00
1572.7500    0.000000000000e+00
1573.0000    0.000000000000e+00
1573.2500    0.000000000000e+00
1573.5000    0.000000000000e+00
1573.7500    0.000000000000e+00
1574.0000    0.000000000000e+00
1574.2500    0.000000000000e+00
1574.5000    0.000000000000e+00
1574.7500    0.000000000000e+00
1575.0000    0.000000000000e+00
1575.2500    0.000000000000e+00
1575.5000    0.000000000000e+00
1575.7500    0.000000000000e+00
1576.0000    0.000000000000e+00
1576.2500    0.000000000000e+00
1576.5000    0.000000000000e+00
1576.7500    0.000000000000e+00
1577.0000    0.000000000000e+00
1577.2500    0.000000000000e+00
1577.5000    0.000000000000e+00
1577.7500    0.000000000000e+00
1578.0000    0.000000000000e+00
1578.2500    0.000000000000e+00
1578.5000    0.000000000000e+00
1578.7500    0.000000000000e+00
1579.0000    0.000000000000e+00
1579.2500    0.000000000000e+00
1579.5000    0.000000000000e+00
1579.7500    0.000000000000e+00
1580.0000    0.000000000000e+00
1580.2500    0.000000000000e+00
1580.5000    0.000000000000e+00
1580.7500    0.000000000000e+00
1581.0000    0.000000000000e+00
1581.2500    0.000000000000e+00
1581.5000    0.000000000000e+00
1581.7500    0.000000000000e+00
1582.0000    0.000000000000e+00
1582.2500    0.000000000000e+00
1582.5000    0.000000000000e+00
1582.7500    0.000000000000e+00
1583.0000    0.000000000000e+00
1583.2500    0.000000000000e+00
1583.5000    0.000000000000e+00
1583.7500    0.000000000000e+00
1584.0000    0.000000000000e+00
1584.2500    0.000000000000e+00
1584.5000    0.000000000000e+00
1584.7500    0.000000000000e+00
1585.0000    0.000000000000e+00
1585.2500    0.000000000000e+00
1585.5000    0.000000000000e+00
1585.7500    0.000000000000e+00
1586.0000    0.000000000000e+00
1586.2500    0.000000000000e+00
1586.5000    0.000000000000e+00
1586.7500    0.000000000000e+00
1587.0000    0.000000000000e+00
1587.2500    0.000000000000e+00
1587.5000    0.000000000000e+00
1587.7500    0.000000000000e+00
1588.0000    0.000000000000e+00
1588.2500    0.000000000000e+00
1588.5000    0.000000000000e+00
1588.7500    0.000000000000e+00
1589.0000    0.000000000000e+00
1589.2500    0.000000000000e+00
1589.5000    0.000000000000e+00
1589.7500    0.000000000000e+00
1590.0000    0.000000000000e+00
1590.2500    0.000000000000e+00
1590.5000    0.000000000000e+00
1590.7500    0.000000000000e+00
1591.0000    0.000000000000e+00
1591.2500    0.000000000000e+00
1591.5000    0.000000000000e+00
1591.7500    0.000000000000e+00
1592.0000    0.000000000000e+00
1592.2500    0.000000000000e+00
1592.5000    0.000000000000e+00
1592.7500    0.000000000000e+00
1593.0000    0.000000000000e+00
1593.2500    0.000000000000e+00
1593.5000    0.000000000000e+00
1593.7500    0.000000000000e+00
1594.0000    0.000000000000e+00
1594.2500    0.000000000000e+00
1594.5000    0.000000000000e+00
1594.7500    0.000000000000e+00
1595.0000    0.000000000000e+00
1595.2500    0.000000000000e+00
1595.5000    0.000000000000e+00
1595.7500    0.000000000000e+00
1596.0000    0.000000000000e+00
1596.2500    0.000000000000e+00
1596.5000    0.000000000000e+00
1596.7500    0.000000000000e+00
1597.0000    0.000000000000e+00
1597.2500    0.000000000000e+00
1597.5000    0.000000000000e+00
1597.7500    0.000000000000e+00
1598.0000    0.000000000000e+00
1598.2500    0.000000000000e+00
1598.5000    0.000000000000e+00
1598.7500    0.000000000000e+00
1599.0000    0.000000000000e+00
1599.2500    0.000000000000e+00
1599.5000    0.000000000000e+00
1599.7500    0.000000000000e+00
1600.0000    0.000000000000e+00
1600.2500    0.000000000000e+00
1600.5000    0.000000000000e+00
1600.7500    0.000000000000e+00
1601.0000    0.000000000000e+00
1601.2500    0.000000000000e+00
1601.5000    0.000000000000e+00
1601.7500    0.000000000000e+00
1602.0000    0.000000000000e+00
1602.2500    0.000000000000e+00
1602.5000    0.000000000000e+00
1602.7500    0.000000000000e+00
1603.0000    0.000000000000e+00
1603.2500    0.000000000000e+00
1603.5000    0.000000000000e+00
1603.7500    0.000000000000e+00
1604.0000    0.000000000000e+00
1604.2500    0.000000000000e+00
1604.5000    0.000000000000e+00
1604.7500    0.000000000000e+00
1605.0000    0.000000000000e+00
1605.2500    0.000000000000e+00
1605.5000    0.000000000000e+00
1605.7500    0.000000000000e+00
1606.0000    0.000000000000e+00
1606.2500    0.000000000000e+00
1606.5000    0.000000000000e+00
1606.7500    0.000000000000e+00
1607.0000    0.000000000000e+00
1607.2500    0.000000000000e+00
1607.5000    0.000000000000e+00
1607.7500    0.000000000000e+00
1608.0000    0.000000000000e+00
1608.2500    0.000000000000e+00
1608.5000    0.000000000000e+00
1608.7500    0.000000000000e+00
1609.0000    0.000000000000e+00
1609.2500    0.000000000000e+00
1609.5000    0.000000000000e+00
1609.7500    0.000000000000e+00
1610.0000    0.000000000000e+00
1610.2500    0.000000000000e+00
1610.5000    0.000000000000e+00
1610.7500    0.000000000000e+00
1611.0000    0.000000000000e+00
1611.2500    0.000000000000e+00
1611.5000    0.000000000000e+00
1611.7500    0.000000000000e+00
1612.0000    0.000000000000e+00
1612.2500    0.000000000000e+00
1612.5000    0.000000000000e+00
1612.7500    0.000000000000e+00
1613.0000    0.000000000000e+00
1613.2500    0.000000000000e+00
1613.5000    0.000000000000e+00
1613.7500    0.000000000000e+00
1614.0000    0.000000000000e+00
1614.2500    0.000000000000e+00
1614.5000    0.000000000000e+00
1614.7500    0.000000000000e+00
1615.0000    0.000000000000e+00
1615.2500    0.000000000000e+00
1615.5000    0.000000000000e+00
1615.7500    0.000000000000e+00
1616.0000    0.000000000000e+00
1616.2500    0.000000000000e+00
1616.5000    0.000000000000e+00
1616.7500    0.000000000000e+00
1617.0000    0.000000000000e+00
1617.2500    0.000000000000e+00
1617.5000    0.000000000000e+00
1617.7500    0.000000000000e+00
1618.0000    0.000000000000e+00
1618.2500    0.000000000000e+00
1618.5000    0.000000000000e+00
1618.7500    0.000000000000e+00
1619.0000    0.000000000000e+00
1619.2500    0.000000000000e+00
1619.5000    0.000000000000e+00
1619.7500    0.000000000000e+00
1620.0000    0.000000000000e+00
1620.2500    0.000000000000e+00
1620.5000    0.000000000000e+00
1620.7500    0.000000000000e+00
1621.0000    0.000000000000e+00
1621.2500    0.000000000000e+00
1621.5000    0.000000000000e+00
1621.7500    0.000000000000e+00
1622.0000    0.000000000000e+00
1622.2500    0.000000000000e+00
1622.5000    0.000000000000e+00
1622.7500    0.000000000000e+00
1623.0000    0.000000000000e+00
1623.2500    0.000000000000e+00
1623.5000    0.000000000000e+00
1623.7500    0.000000000000e+00
1624.0000    0.000000000000e+00
1624.2500    0.000000000000e+00
1624.5000    0.000000000000e+00
1624.7500    0.000000000000e+00
1625.0000    0.000000000000e+00
1625.2500    0.000000000000e+00
1625.5000    0.000000000000e+00
1625.7500    0.000000000000e+00
1626.0000    0.000000000000e+00
1626.2500    0.000000000000e+00
1626.5000    0.000000000000e+00
1626.7500    0.000000000000e+00
1627.0000    0.000000000000e+00
1627.2500    0.000000000000e+00
1627.5000    0.000000000000e+00
1627.7500    0.000000000000e+00
1628.0000    0.000000000000e+00
1628.2500    0.000000000000e+00
1628.5000    0.000000000000e+00
1628.7500    0.000000000000e+00
1629.0000    0.000000000000e+00
1629.2500    0.000000000000e+00
1629.5000    0.000000000000e+00
1629.7500    0.000000000000e+00
1630.0000    0.000000000000e+00
1630.2500    0.000000000000e+00
1630.5000    0.000000000000e+00
1630.7500    0.000000000000e+00
1631.0000    0.000000000000e+00
1631.2500    0.000000000000e+00
1631.5000    0.000000000000e+00
1631.7500    0.000000000000e+00
1632.0000    0.000000000000e+00
1632.2500    0.000000000000e+00
1632.5000    0.000000000000e+00
1632.7500    0.000000000000e+00
1633.0000    0.000000000000e+00
1633.2500    0.000000000000e+00
1633.5000    0.000000000000e+00
1633.7500    0.000000000000e+00
1634.0000    0.000000000000e+00
1634.2500    0.000000000000e+00
1634.5000    0.000000000000e+00
1634.7500    0.000000000000e+00
1635.0000    0.000000000000e+00
1635.2500    0.000000000000e+00
1635.5000    0.000000000000e+00
1635.7500    0.000000000000e+00
1636.0000    0.000000000000e+00
1636.2500    0.000000000000e+00
1636.5000    0.000000000000e+00
1636.7500    0.000000000000e+00
1637.0000    0.000000000000e+00
1637.2500    0.000000000000e+00
1637.5000    0.000000000000e+00
1637.7500    0.000000000000e+00
1638.0000    0.000000000000e+00
1638.2500    0.000000000000e+00
1638.5000    0.000000000000e+00
1638.7500    0.000000000000e+00
1639.0000    0.000000000000e+00
1639.2500    0.000000000000e+00
1639.5000    0.000000000000e+00
1639.7500    0.000000000000e+00
1640.0000    0.000000000000e+00
1640.2500    0.000000000000e+00
1640.5000    0.000000000000e+00
1640.7500    0.000000000000e+00
1641.0000    0.000000000000e+00
1641.2500    0.000000000000e+00
1641.5000    0.000000000000e+00
1641.7500    0.000000000000e+00
1642.0000    0.000000000000e+00
1642.2500    0.000000000000e+00
1642.5000    0.000000000000e+00
1642.7500    0.000000000000e+00
1643.0000    0.000000000000e+00
1643.2500    0.000000000000e+00
1643.5000    0.000000000000e+00
1643.7500    0.000000000000e+00
1644.0000    0.000000000000e+00
1644.2500    0.000000000000e+00
1644.5000    0.000000000000e+00
1644.7500    0.000000000000e+00
1645.0000    0.000000000000e+00
1645.2500    0.000000000000e+00
1645.5000    0.000000000000e+00
1645.7500    0.000000000000e+00
1646.0000    0.000000000000e+00
1646.2500    0.000000000000e+00
1646.5000    0.000000000000e+00
1646.7500    0.000000000000e+00
1647.0000    0.000000000000e+00
1647.2500    0.000000000000e+00
1647.5000    0.000000000000e+00
1647.7500    0.000000000000e+00
1648.0000    0.000000000000e+00
1648.2500    0.000000000000e+00
1648.5000    0.000000000000e+00
1648.7500    0.000000000000e+00
1649.0000    0.000000000000e+00
1649.2500    0.000000000000e+00
1649.5000    0.000000000000e+00
1649.7500    0.000000000000e+00
1650.0000    0.000000000000e+00
1650.2500    0.000000000000e+00
1650.5000    0.000000000000e+00
1650.7500    0.000000000000e+00
1651.0000    0.000000000000e+00
1651.2500    0.000000000000e+00
1651.5000    0.000000000000e+00
1651.7500    0.000000000000e+00
1652.0000    0.000000000000e+00
1652.2500    0.000000000000e+00
1652.5000    0.000000000000e+00
1652.7500    0.000000000000e+00
1653.0000    0.000000000000e+00
1653.2500    0.000000000000e+00
1653.5000    0.000000000000e+00
1653.7500    0.000000000000e+00
1654.0000    0.000000000000e+00
1654.2500    0.000000000000e+00
1654.5000    0.000000000000e+00
1654.7500    0.000000000000e+00
1655.0000    0.000000000000e+00
1655.2500    0.000000000000e+00
1655.5000    0.000000000000e+00
1655.7500    0.000000000000e+00
1656.0000    0.000000000000e+00
1656.2500    0.000000000000e+00
1656.5000    0.000000000000e+00
1656.7500    0.000000000000e+00
1657.0000    0.000000000000e+00
1657.2500    0.000000000000e+00
1657.5000    0.000000000000e+00
1657.7500    0.000000000000e+00
1658.0000    0.000000000000e+00
1658.2500    0.000000000000e+00
1658.5000    0.000000000000e+00
1658.7500    0.000000000000e+00
1659.0000    0.000000000000e+00
1659.2500    0.000000000000e+00
1659.5000    0.000000000000e+00
1659.7500    0.000000000000e+00
1660.0000    0.000000000000e+00
1660.2500    0.000000000000e+00
1660.5000    0.000000000000e+00
1660.7500    0.000000000000e+00
1661.0000    0.000000000000e+00
1661.2500    0.000000000000e+00
1661.5000    0.000000000000e+00
1661.7500    0.000000000000e+00
1662.0000    0.000000000000e+00
1662.2500    0.000000000000e+00
1662.5000    0.000000000000e+00
1662.7500    0.000000000000e+00
1663.0000    0.000000000000e+00
1663.2500    0.000000000000e+00
1663.5000    0.000000000000e+00
1663.7500    0.000000000000e+00
1664.0000    0.000000000000e+00
1664.2500    0.000000000000e+00
1664.5000    0.000000000000e+00
1664.7500    0.000000000000e+00
1665.0000    0.000000000000e+00
1665.2500    0.000000000000e+00
1665.5000    0.000000000000e+00
1665.7500    0.000000000000e+00
1666.0000    0.000000000000e+00
1666.2500    0.000000000000e+00
1666.5000    0.000000000000e+00
1666.7500    0.000000000000e+00
1667.0000    0.000000000000e+00
1667.2500    0.000000000000e+00
1667.5000    0.000000000000e+00
1667.7500    0.000000000000e+00
1668.0000    0.000000000000e+00
1668.2500    0.000000000000e+00
1668.5000    0.000000000000e+00
1668.7500    0.000000000000e+00
1669.0000    0.000000000000e+00
1669.2500    0.000000000000e+00
1669.5000    0.000000000000e+00
1669.7500    0.000000000000e+00
1670.0000    0.000000000000e+00
1670.2500    0.000000000000e+00
1670.5000    0.000000000000e+00
1670.7500    0.000000000000e+00
1671.0000    0.000000000000e+00
1671.2500    0.000000000000e+00
1671.5000    0.000000000000e+00
1671.7500    0.000000000000e+00
1672.0000    0.000000000000e+00
1672.2500    0.000000000000e+00
1672.5000    0.000000000000e+00
1672.7500    0.000000000000e+00
1673.0000    0.000000000000e+00
1673.2500    0.000000000000e+00
1673.5000    0.000000000000e+00
1673.7500    0.000000000000e+00
1674.0000    0.000000000000e+00
1674.2500    0.000000000000e+00
1674.5000    0.000000000000e+00
1674.7500    0.000000000000e+00
1675.0000    0.000000000000e+00
1675.2500    0.000000000000e+00
1675.5000    0.000000000000e+00
1675.7500    0.000000000000e+00
1676.0000    0.000000000000e+00
1676.2500    0.000000000000e+00
1676.5000    0.000000000000e+00
1676.7500    0.000000000000e+00
1677.0000    0.000000000000e+00
1677.2500    0.000000000000e+00
1677.5000    0.000000000000e+00
1677.7500    0.000000000000e+00
1678.0000    0.000000000000e+00
1678.2500    0.000000000000e+00
1678.5000    0.000000000000e+00
1678.7500    0.000000000000e+00
1679.0000    0.000000000000e+00
1679.2500    0.000000000000e+00
1679.5000    0.000000000000e+00
1679.7500    0.000000000000e+00
1680.0000    0.000000000000e+00
1680.2500    0.000000000000e+00
1680.5000    0.000000000000e+00
1680.7500    0.000000000000e+00
1681.0000    0.000000000000e+00
1681.2500    0.000000000000e+00
1681.5000    0.000000000000e+00
1681.7500    0.000000000000e+00
1682.0000    0.000000000000e+00
1682.2500    0.000000000000e+00
1682.5000    0.000000000000e+00
1682.7500    0.000000000000e+00
1683.0000    0.000000000000e+00
1683.2500    0.000000000000e+00
1683.5000    0.000000000000e+00
1683.7500    0.000000000000e+00
1684.0000    0.000000000000e+00
1684.2500    0.000000000000e+00
1684.5000    0.000000000000e+00
1684.7500    0.000000000000e+00
1685.0000    0.000000000000e+00
1685.2500    0.000000000000e+00
1685.5000    0.000000000000e+00
1685.7500    0.000000000000e+00
1686.0000    0.000000000000e+00
1686.2500    0.000000000000e+00
1686.5000    0.000000000000e+00
1686.7500    0.000000000000e+00
1687.0000    0.000000000000e+00
1687.2500    0.000000000000e+00
1687.5000    0.000000000000e+00
1687.7500    0.000000000000e+00
1688.0000    0.000000000000e+00
1688.2500    0.000000000000e+00
1688.5000    0.000000000000e+00
1688.7500    0.000000000000e+00
1689.0000    0.000000000000e+00
1689.2500    0.000000000000e+00
1689.5000    0.000000000000e+00
1689.7500    0.000000000000e+00
1690.0000    0.000000000000e+00
1690.2500    0.000000000000e+00
1690.5000    0.000000000000e+00
1690.7500    0.000000000000e+00
1691.0000    0.000000000000e+00
1691.2500    0.000000000000e+00
1691.5000    0.000000000000e+00
1691.7500    0.000000000000e+00
1692.0000    0.000000000000e+00
1692.2500    0.000000000000e+00
1692.5000    0.000000000000e+00
1692.7500    0.000000000000e+00
1693.0000    0.000000000000e+00
1693.2500    0.000000000000e+00
1693.5000    0.000000000000e+00
1693.7500    0.000000000000e+00
1694.0000    0.000000000000e+00
1694.2500    0.000000000000e+00
1694.5000    0.000000000000e+00
1694.7500    0.000000000000e+00
1695.0000    0.000000000000e+00
1695.2500    0.000000000000e+00
1695.5000    0.000000000000e+00
1695.7500    0.000000000000e+00
1696.0000    0.000000000000e+00
1696.2500    0.000000000000e+00
1696.5000    0.000000000000e+00
1696.7500    0.000000000000e+00
1697.0000    0.000000000000e+00
1697.2500    0.000000000000e+00
1697.5000    0.000000000000e+00
1697.7500    0.000000000000e+00
1698.0000    0.000000000000e+00
1698.2500    0.000000000000e+00
1698.5000    0.000000000000e+00
1698.7500    0.000000000000e+00
1699.0000    0.000000000000e+00
1699.2500    0.000000000000e+00
1699.5000    0.000000000000e+00
1699.7500    0.000000000000e+00
1700.0000    0.000000000000e+00
1700.2500    0.000000000000e+00
1700.5000    0.000000000000e+00
1700.7500    0.000000000000e+00
1701.0000    0.000000000000e+00
1701.2500    0.000000000000e+00
1701.5000    0.000000000000e+00
1701.7500    0.000000000000e+00
1702.0000    0.000000000000e+00
1702.2500    0.000000000000e+00
1702.5000    0.000000000000e+00
1702.7500    0.000000000000e+00
1703.0000    0.000000000000e+00
1703.2500    0.000000000000e+00
1703.5000    0.000000000000e+00
1703.7500    0.000000000000e+00
1704.0000    0.000000000000e+00
1704.2500    0.000000000000e+00
1704.5000    0.000000000000e+00
1704.7500    0.000000000000e+00
1705.0000    0.000000000000e+00
1705.2500    0.000000000000e+00
1705.5000    0.000000000000e+00
1705.7500    0.000000000000e+00
1706.0000    0.000000000000e+00
1706.2500    0.000000000000e+00
1706.5000    0.000000000000e+00
1706.7500    0.000000000000e+00
1707.0000    0.000000000000e+00
1707.2500    0.000000000000e+00
1707.5000    0.000000000000e+00
1707.7500    0.000000000000e+00
1708.0000    0.000000000000e+00
1708.2500    0.000000000000e+00
1708.5000    0.000000000000e+00
1708.7500    0.000000000000e+00
1709.0000    0.000000000000e+00
1709.2500    0.000000000000e+00
1709.5000    0.000000000000e+00
1709.7500    0.000000000000e+00
1710.0000    0.000000000000e+00
1710.2500    0.000000000000e+00
1710.5000    0.000000000000e+00
1710.7500    0.000000000000e+00
1711.0000    0.000000000000e+00
1711.2500    0.000000000000e+00
1711.5000    0.000000000000e+00
1711.7500    0.000000000000e+00
1712.0000    0.000000000000e+00
1712.2500    0.000000000000e+00
1712.5000    0.000000000000e+00
1712.7500    0.000000000000e+00
1713.0000    0.000000000000e+00
1713.2500    0.000000000000e+00
1713.5000    0.000000000000e+00
1713.7500    0.000000000000e+00
1714.0000    0.000000000000e+00
1714.2500    0.000000000000e+00
1714.5000    0.000000000000e+00
1714.7500    0.000000000000e+00
1715.0000    0.000000000000e+00
1715.2500    0.000000000000e+00
1715.5000    0.000000000000e+00
1715.7500    0.000000000000e+00
1716.0000    0.000000000000e+00
1716.2500    0.000000000000e+00
1716.5000    0.000000000000e+00
1716.7500    0.000000000000e+00
1717.0000    0.000000000000e+00
1717.2500    0.000000000000e+00
1717.5000    0.000000000000e+00
1717.7500    0.000000000000e+00
1718.0000    0.000000000000e+00
1718.2500    0.000000000000e+00
1718.5000    0.000000000000e+00
1718.7500    0.000000000000e+00
1719.0000    0.000000000000e+00
1719.2500    0.000000000000e+00
1719.5000    0.000000000000e+00
1719.7500    0.000000000000e+00
1720.0000    0.000000000000e+00
1720.2500    0.000000000000e+00
1720.5000    0.000000000000e+00
1720.7500    0.000000000000e+00
1721.0000    0.000000000000e+00
1721.2500    0.000000000000e+00
1721.5000    0.000000000000e+00
1721.7500    0.000000000000e+00
1722.0000    0.000000000000e+00
1722.2500    0.000000000000e+00
1722.5000    0.000000000000e+00
1722.7500    0.000000000000e+00
1723.0000    0.000000000000e+00
1723.2500    0.000000000000e+00
1723.5000    0.000000000000e+00
1723.7500    0.000000000000e+00
1724.0000    0.000000000000e+00
1724.2500    0.000000000000e+00
1724.5000    0.000000000000e+00
1724.7500    0.000000000000e+00
1725.0000    0.000000000000e+00
1725.2500    0.000000000000e+00
1725.5000    0.000000000000e+00
1725.7500    0.000000000000e+00
1726.0000    0.000000000000e+00
1726.2500    0.000000000000e+00
1726.5000    0.000000000000e+00
1726.7500    0.000000000000e+00
1727.0000    0.000000000000e+00
1727.2500    0.000000000000e+00
1727.5000    0.000000000000e+00
1727.7500    0.000000000000e+00
1728.0000    0.000000000000e+00
1728.2500    0.000000000000e+00
1728.5000    0.000000000000e+00
1728.7500    0.000000000000e+00
1729.0000    0.000000000000e+00
1729.2500    0.000000000000e+00
1729.5000    0.000000000000e+00
1729.7500    0.000000000000e+00
1730.0000    0.000000000000e+00
1730.2500    0.000000000000e+00
1730.5000    0.000000000000e+00
1730.7500    0.000000000000e+00
1731.0000    0.000000000000e+00
1731.2500    0.000000000000e+00
1731.5000    0.000000000000e+00
1731.7500    0.000000000000e+00
1732.0000    0.000000000000e+00
1732.2500    0.000000000000e+00
1732.5000    0.000000000000e+00
1732.7500    0.000000000000e+00
1733.0000    0.000000000000e+00
1733.2500    0.000000000000e+00
1733.5000    0.000000000000e+00
1733.7500    0.000000000000e+00
1734.0000    0.000000000000e+00
1734.2500    0.000000000000e+00
1734.5000    0.000000000000e+00
1734.7500    0.000000000000e+00
1735.0000    0.000000000000e+00
1735.2500    0.000000000000e+00
1735.5000    0.000000000000e+00
1735.7500    0.000000000000e+00
1736.0000    0.000000000000e+00
1736.2500    0.000000000000e+00
1736.5000    0.000000000000e+00
1736.7500    0.000000000000e+00
1737.0000    0.000000000000e+00
1737.2500    0.000000000000e+00
1737.5000    0.000000000000e+00
1737.7500    0.000000000000e+00
1738.0000    0.000000000000e+00
1738.2500    0.000000000000e+00
1738.5000    0.000000000000e+00
1738.7500    0.000000000000e+00
1739.0000    0.000000000000e+00
1739.2500    0.000000000000e+00
1739.5000    0.000000000000e+00
1739.7500    0.000000000000e+00
1740.0000    0.000000000000e+00
1740.2500    0.000000000000e+00
1740.5000    0.000000000000e+00
1740.7500    0.000000000000e+00
1741.0000    0.000000000000e+00
1741.2500    0.000000000000e+00
1741.5000    0.000000000000e+00
1741.7500    0.000000000000e+00
1742.0000    0.000000000000e+00
1742.2500    0.000000000000e+00
1742.5000    0.000000000000e+00
1742.7500    0.000000000000e+00
1743.0000    0.000000000000e+00
1743.2500    0.000000000000e+00
1743.5000    0.000000000000e+00
1743.7500    0.000000000000e+00
1744.0000    0.000000000000e+00
1744.2500    0.000000000000e+00
1744.5000    0.000000000000e+00
1744.7500    0.000000000000e+00
1745.0000    0.000000000000e+00
1745.2500    0.000000000000e+00
1745.5000    0.000000000000e+00
1745.7500    0.000000000000e+00
1746.0000    0.000000000000e+00
1746.2500    0.000000000000e+00
1746.5000    0.000000000000e+00
1746.7500    0.000000000000e+00
1747.0000    0.000000000000e+00
1747.2500    0.000000000000e+00
1747.5000    0.000000000000e+00
1747.7500    0.000000000000e+00
1748.0000    0.000000000000e+00
1748.2500    0.000000000000e+00
1748.5000    0.000000000000e+00
1748.7500    0.000000000000e+00
1749.0000    0.000000000000e+00
1749.2500    0.000000000000e+00
1749.5000    0.000000000000e+00
1749.7500    0.000000000000e+00
1750.0000    0.000000000000e+00
1750.2500    0.000000000000e+00
1750.5000    0.000000000000e+00
1750.7500    0.000000000000e+00
1751.0000    0.000000000000e+00
1751.2500    0.000000000000e+00
1751.5000    0.000000000000e+00
1751.7500    0.000000000000e+00
1752.0000    0.000000000000e+00
1752.2500    0.000000000000e+00
1752.5000    0.000000000000e+00
1752.7500    0.000000000000e+00
1753.0000    0.000000000000e+00
1753.2500    0.000000000000e+00
1753.5000    0.000000000000e+00
1753.7500    0.000000000000e+00
1754.0000    0.000000000000e+00
1754.2500    0.000000000000e+00
1754.5000    0.000000000000e+00
1754.7500    0.000000000000e+00
1755.0000    0.000000000000e+00
1755.2500    0.000000000000e+00
1755.5000    0.000000000000e+00
1755.7500    0.000000000000e+00
1756.0000    0.000000000000e+00
1756.2500    0.000000000000e+00
1756.5000    0.000000000000e+00
1756.7500    0.000000000000e+00
1757.0000    0.000000000000e+00
1757.2500    0.000000000000e+00
1757.5000    0.000000000000e+00
1757.7500    0.000000000000e+00
1758.0000    0.000000000000e+00
1758.2500    0.000000000000e+00
1758.5000    0.000000000000e+00
1758.7500    0.000000000000e+00
1759.0000    0.000000000000e+00
1759.2500    0.000000000000e+00
1759.5000    0.000000000000e+00
1759.7500    0.000000000000e+00
1760.0000    0.000000000000e+00
1760.2500    0.000000000000e+00
1760.5000    0.000000000000e+00
1760.7500    0.000000000000e+00
1761.0000    0.000000000000e+00
1761.2500    0.000000000000e+00
1761.5000    0.000000000000e+00
1761.7500    0.000000000000e+00
1762.0000    0.000000000000e+00
1762.2500    0.000000000000e+00
1762.5000    0.000000000000e+00
1762.7500    0.000000000000e+00
1763.0000    0.000000000000e+00
1763.2500    0.000000000000e+00
1763.5000    0.000000000000e+00
1763.7500    0.000000000000e+00
1764.0000    0.000000000000e+00
1764.2500    0.000000000000e+00
1764.5000    0.000000000000e+00
1764.7500    0.000000000000e+00
1765.0000    0.000000000000e+00
1765.2500    0.000000000000e+00
1765.5000    0.000000000000e+00
1765.7500    0.000000000000e+00
1766.0000    0.000000000000e+00
1766.2500    0.000000000000e+00
1766.5000    0.000000000000e+00
1766.7500    0.000000000000e+00
1767.0000    0.000000000000e+00
1767.2500    0.000000000000e+00
1767.5000    0.000000000000e+00
1767.7500    0.000000000000e+00
1768.0000    0.000000000000e+00
1768.2500    0.000000000000e+00
1768.5000    0.000000000000e+00
1768.7500    0.000000000000e+00
1769.0000    0.000000000000e+00
1769.2500    0.000000000000e+00
1769.5000    0.000000000000e+00
1769.7500    0.000000000000e+00
1770.0000    0.000000000000e+00
1770.2500    0.000000000000e+00
1770.5000    0.000000000000e+00
1770.7500    0.000000000000e+00
1771.0000    0.000000000000e+00
1771.2500    0.000000000000e+00
1771.5000    0.000000000000e+00
1771.7500    0.000000000000e+00
1772.0000    0.000000000000e+00
1772.2500    0.000000000000e+00
1772.5000    0.000000000000e+00
1772.7500    0.000000000000e+00
1773.0000    0.000000000000e+00
1773.2500    0.000000000000e+00
1773.5000    0.000000000000e+00
1773.7500    0.000000000000e+00
1774.0000    0.000000000000e+00
1774.2500    0.000000000000e+00
1774.5000    0.000000000000e+00
1774.7500    0.000000000000e+00
1775.0000    0.000000000000e+00
1775.2500    0.000000000000e+00
1775.5000    0.000000000000e+00
1775.7500    0.000000000000e+00
1776.0000    0.000000000000e+00
1776.2500    0.000000000000e+00
1776.5000    0.000000000000e+00
1776.7500    0.000000000000e+00
1777.0000    0.000000000000e+00
1777.2500    0.000000000000e+00
1777.5000    0.000000000000e+00
1777.7500    0.000000000000e+00
1778.0000    0.000000000000e+00
1778.2500    0.000000000000e+00
1778.5000    0.000000000000e+00
1778.7500    0.000000000000e+00
1779.0000    0.000000000000e+00
1779.2500    0.000000000000e+00
1779.5000    0.000000000000e+00
1779.7500    0.000000000000e+00
1780.0000    0.000000000000e+00
1780.2500    0.000000000000e+00
1780.5000    0.000000000000e+00
1780.7500    0.000000000000e+00
1781.0000    0.000000000000e+00
1781.2500    0.000000000000e+00
1781.5000    0.000000000000e+00
1781.7500    0.000000000000e+00
1782.0000    0.000000000000e+00
1782.2500    0.000000000000e+00
1782.5000    0.000000000000e+00
1782.7500    0.000000000000e+00
1783.0000    0.000000000000e+00
1783.2500    0.000000000000e+00
1783.5000    0.000000000000e+00
1783.7500    0.000000000000e+00
1784.0000    0.000000000000e+00
1784.2500    0.000000000000e+00
1784.5000    0.000000000000e+00
1784.7500    0.000000000000e+00
1785.0000    0.000000000000e+00
1785.2500    0.000000000000e+00
1785.5000    0.000000000000e+00
1785.7500    0.000000000000e+00
1786.0000    0.000000000000e+00
1786.2500    0.000000000000e+00
1786.5000    0.000000000000e+00
1786.7500    0.000000000000e+00
1787.0000    0.000000000000e+00
1787.2500    0.000000000000e+00
1787.5000    0.000000000000e+00
1787.7500    0.000000000000e+00
1788.0000    0.000000000000e+00
1788.2500    0.000000000000e+00
1788.5000    0.000000000000e+00
1788.7500    0.000000000000e+00
1789.0000    0.000000000000e+00
1789.2500    0.000000000000e+00
1789.5000    0.000000000000e+00
1789.7500    0.000000000000e+00
1790.0000    0.000000000000e+00
1790.2500    0.000000000000e+00
1790.5000    0.000000000000e+00
1790.7500    0.000000000000e+00
1791.0000    0.000000000000e+00
1791.2500    0.000000000000e+00
1791.5000    0.000000000000e+00
1791.7500    0.000000000000e+00
1792.0000    0.000000000000e+00
1792.2500    0.000000000000e+00
1792.5000    0.000000000000e+00
1792.7500    0.000000000000e+00
1793.0000    0.000000000000e+00
1793.2500    0.000000000000e+00
1793.5000    0.000000000000e+00
1793.7500    0.000000000000e+00
1794.0000    0.000000000000e+00
1794.2500    0.000000000000e+00
1794.5000    0.000000000000e+00
1794.7500    0.000000000000e+00
1795.0000    0.000000000000e+00
1795.2500    0.000000000000e+00
1795.5000    0.000000000000e+00
1795.7500    0.000000000000e+00
1796.0000    0.000000000000e+00
1796.2500    0.000000000000e+00
1796.5000    0.000000000000e+00
1796.7500    0.000000000000e+00
1797.0000    0.000000000000e+00
1797.2500    0.000000000000e+00
1797.5000    0.000000000000e+00
1797.7500    0.000000000000e+00
1798.0000    0.000000000000e+00
1798.2500    0.000000000000e+00
1798.5000    0.000000000000e+00
1798.7500    0.000000000000e+00
1799.0000    0.000000000000e+00
1799.2500    0.000000000000e+00
1799.5000    0.000000000000e+00
1799.7500    0.000000000000e+00
1800.0000    0.000000000000e+00
1800.2500    0.000000000000e+00
1800.5000    0.000000000000e+00
1800.7500    0.000000000000e+00
1801.0000    0.000000000000e+00
1801.2500    0.000000000000e+00
1801.5000    0.000000000000e+00
1801.7500    0.000000000000e+00
1802.0000    0.000000000000e+00
1802.2500    0.000000000000e+00
1802.5000    0.000000000000e+00
1802.7500    0.000000000000e+00
1803.0000    0.000000000000e+00
1803.2500    0.000000000000e+00
1803.5000    0.000000000000e+00
1803.7500    0.000000000000e+00
1804.0000    0.000000000000e+00
1804.2500    0.000000000000e+00
1804.5000    0.000000000000e+00
1804.7500    0.000000000000e+00
1805.0000    0.000000000000e+00
1805.2500    0.000000000000e+00
1805.5000    0.000000000000e+00
1805.7500    0.000000000000e+00
1806.0000    0.000000000000e+00
1806.2500    0.000000000000e+00
1806.5000    0.000000000000e+00
1806.7500    0.000000000000e+00
1807.0000    0.000000000000e+00
1807.2500    0.000000000000e+00
1807.5000    0.000000000000e+00
1807.7500    0.000000000000e+00
1808.0000    0.000000000000e+00
1808.2500    0.000000000000e+00
1808.5000    0.000000000000e+00
1808.7500    0.000000000000e+00
1809.0000    0.000000000000e+00
1809.2500    0.000000000000e+00
1809.5000    0.000000000000e+00
1809.7500    0.000000000000e+00
1810.0000    0.000000000000e+00
1810.2500    0.000000000000e+00
1810.5000    0.000000000000e+00
1810.7500    0.000000000000e+00
1811.0000    0.000000000000e+00
1811.2500    0.000000000000e+00
1811.5000    0.000000000000e+00
1811.7500    0.000000000000e+00
1812.0000    0.000000000000e+00
1812.2500    0.000000000000e+00
1812.5000    0.000000000000e+00
1812.7500    0.000000000000e+00
1813.0000    0.000000000000e+00
1813.2500    0.000000000000e+00
1813.5000    0.000000000000e+00
1813.7500    0.000000000000e+00
1814.0000    0.000000000000e+00
1814.2500    0.000000000000e+00
1814.5000    0.000000000000e+00
1814.7500    0.000000000000e+00
1815.0000    0.000000000000e+00
1815.2500    0.000000000000e+00
1815.5000    0.000000000000e+00
1815.7500    0.000000000000e+00
1816.0000    0.000000000000e+00
1816.2500    0.000000000000e+00
1816.5000    0.000000000000e+00
1816.7500    0.000000000000e+00
1817.0000    0.000000000000e+00
1817.2500    0.000000000000e+00
1817.5000    0.000000000000e+00
1817.7500    0.000000000000e+00
1818.0000    0.000000000000e+00
1818.2500    0.000000000000e+00
1818.5000    0.000000000000e+00
1818.7500    0.000000000000e+00
1819.0000    0.000000000000e+00
1819.2500    0.000000000000e+00
1819.5000    0.000000000000e+00
1819.7500    0.000000000000e+00
1820.0000    0.000000000000e+00
1820.2500    0.000000000000e+00
1820.5000    0.000000000000e+00
1820.7500    0.000000000000e+00
1821.0000    0.000000000000e+00
1821.2500    0.000000000000e+00
1821.5000    0.000000000000e+00
1821.7500    0.000000000000e+00
1822.0000    0.000000000000e+00
1822.2500    0.000000000000e+00
1822.5000    0.000000000000e+00
1822.7500    0.000000000000e+00
1823.0000    0.000000000000e+00
1823.2500    0.000000000000e+00
1823.5000    0.000000000000e+00
1823.7500    0.000000000000e+00
1824.0000    0.000000000000e+00
1824.2500    0.000000000000e+00
1824.5000    0.000000000000e+00
1824.7500    0.000000000000e+00
1825.0000    0.000000000000e+00
1825.2500    0.000000000000e+00
1825.5000    0.000000000000e+00
1825.7500    0.000000000000e+00
1826.0000    0.000000000000e+00
1826.2500    0.000000000000e+00
1826.5000    0.000000000000e+00
1826.7500    0.000000000000e+00
1827.0000    0.000000000000e+00
1827.2500    0.000000000000e+00
1827.5000    0.000000000000e+00
1827.7500    0.000000000000e+00
1828.0000    0.000000000000e+00
1828.2500    0.000000000000e+00
1828.5000    0.000000000000e+00
1828.7500    0.000000000000e+00
1829.0000    0.000000000000e+00
1829.2500    0.000000000000e+00
1829.5000    0.000000000000e+00
1829.7500    0.000000000000e+00
1830.0000    0.000000000000e+00
1830.2500    0.000000000000e+00
1830.5000    0.000000000000e+00
1830.7500    0.000000000000e+00
1831.0000    0.000000000000e+00
1831.2500    0.000000000000e+00
1831.5000    0.000000000000e+00
1831.7500    0.000000000000e+00
1832.0000    0.000000000000e+00
1832.2500    0.000000000000e+00
1832.5000    0.000000000000e+00
1832.7500    0.000000000000e+00
1833.0000    0.000000000000e+00
1833.2500    0.000000000000e+00
1833.5000    0.000000000000e+00
1833.7500    0.000000000000e+00
1834.0000    0.000000000000e+00
1834.2500    0.000000000000e+00
1834.5000    0.000000000000e+00
1834.7500    0.000000000000e+00
1835.0000    0.000000000000e+00
1835.2500    0.000000000000e+00
1835.5000    0.000000000000e+00
1835.7500    0.000000000000e+00
1836.0000    0.000000000000e+00
1836.2500    0.000000000000e+00
1836.5000    0.000000000000e+00
1836.7500    0.000000000000e+00
1837.0000    0.000000000000e+00
1837.2500    0.000000000000e+00
1837.5000    0.000000000000e+00
1837.7500    0.000000000000e+00
1838.0000    0.000000000000e+00
1838.2500    0.000000000000e+00
1838.5000    0.000000000000e+00
1838.7500    0.000000000000e+00
1839.0000    0.000000000000e+00
1839.2500    0.000000000000e+00
1839.5000    0.000000000000e+00
1839.7500    0.000000000000e+00
1840.0000    0.000000000000e+00
1840.2500    0.000000000000e+00
1840.5000    0.000000000000e+00
1840.7500    0.000000000000e+00
1841.0000    0.000000000000e+00
1841.2500    0.000000000000e+00
1841.5000    0.000000000000e+00
1841.7500    0.000000000000e+00
1842.0000    0.000000000000e+00
1842.2500    0.000000000000e+00
1842.5000    0.000000000000e+00
1842.7500    0.000000000000e+00
1843.0000    0.000000000000e+00
1843.2500    0.000000000000e+00
1843.5000    0.000000000000e+00
1843.7500    0.000000000000e+00
1844.0000    0.000000000000e+00
1844.2500    0.000000000000e+00
1844.5000    0.000000000000e+00
1844.7500    0.000000000000e+00
1845.0000    0.000000000000e+00
1845.2500    0.000000000000e+00
1845.5000    0.000000000000e+00
1845.7500    0.000000000000e+00
1846.0000    0.000000000000e+00
1846.2500    0.000000000000e+00
1846.5000    0.000000000000e+00
1846.7500    0.000000000000e+00
1847.0000    0.000000000000e+00
1847.2500    0.000000000000e+00
1847.5000    0.000000000000e+00
1847.7500    0.000000000000e+00
1848.0000    0.000000000000e+00
1848.2500    0.000000000000e+00
1848.5000    0.000000000000e+00
1848.7500    0.000000000000e+00
1849.0000    0.000000000000e+00
1849.2500    0.000000000000e+00
1849.5000    0.000000000000e+00
1849.7500    0.000000000000e+00
1850.0000    0.000000000000e+00
1850.2500    0.000000000000e+00
1850.5000    0.000000000000e+00
1850.7500    0.000000000000e+00
1851.0000    0.000000000000e+00
1851.2500    0.000000000000e+00
1851.5000    0.000000000000e+00
1851.7500    0.000000000000e+00
1852.0000    0.000000000000e+00
1852.2500    0.000000000000e+00
1852.5000    0.000000000000e+00
1852.7500    0.000000000000e+00
1853.0000    0.000000000000e+00
1853.2500    0.000000000000e+00
1853.5000    0.000000000000e+00
1853.7500    0.000000000000e+00
1854.0000    0.000000000000e+00
1854.2500    0.000000000000e+00
1854.5000    0.000000000000e+00
1854.7500    0.000000000000e+00
1855.0000    0.000000000000e+00
1855.2500    0.000000000000e+00
1855.5000    0.000000000000e+00
1855.7500    0.000000000000e+00
1856.0000    0.000000000000e+00
1856.2500    0.000000000000e+00
1856.5000    0.000000000000e+00
1856.7500    0.000000000000e+00
1857.0000    0.000000000000e+00
1857.2500    0.000000000000e+00
1857.5000    0.000000000000e+00
1857.7500    0.000000000000e+00
1858.0000    0.000000000000e+00
1858.2500    0.000000000000e+00
1858.5000    0.000000000000e+00
1858.7500    0.000000000000e+00
1859.0000    0.000000000000e+00
1859.2500    0.000000000000e+00
1859.5000    0.000000000000e+00
1859.7500    0.000000000000e+00
1860.0000    0.000000000000e+00
1860.2500    0.000000000000e+00
1860.5000    0.000000000000e+00
1860.7500    0.000000000000e+00
1861.0000    0.000000000000e+00
1861.2500    0.000000000000e+00
1861.5000    0.000000000000e+00
1861.7500    0.000000000000e+00
1862.0000    0.000000000000e+00
1862.2500    0.000000000000e+00
1862.5000    0.000000000000e+00
1862.7500    0.000000000000e+00
1863.0000    0.000000000000e+00
1863.2500    0.000000000000e+00
1863.5000    0.000000000000e+00
1863.7500    0.000000000000e+00
1864.0000    0.000000000000e+00
1864.2500    0.000000000000e+00
1864.5000    0.000000000000e+00
1864.7500    0.000000000000e+00
1865.0000    0.000000000000e+00
1865.2500    0.000000000000e+00
1865.5000    0.000000000000e+00
1865.7500    0.000000000000e+00
1866.0000    0.000000000000e+00
1866.2500    0.000000000000e+00
1866.5000    0.000000000000e+00
1866.7500    0.000000000000e+00
1867.0000    0.000000000000e+00
1867.2500    0.000000000000e+00
1867.5000    0.000000000000e+00
1867.7500    0.000000000000e+00
1868.0000    0.000000000000e+00
1868.2500    0.000000000000e+00
1868.5000    0.000000000000e+00
1868.7500    0.000000000000e+00
1869.0000    0.000000000000e+00
1869.2500    0.000000000000e+00
1869.5000    0.000000000000e+00
1869.7500    0.000000000000e+00
1870.0000    0.000000000000e+00
1870.2500    0.000000000000e+00
1870.5000    0.000000000000e+00
1870.7500    0.000000000000e+00
1871.0000    0.000000000000e+00
1871.2500    0.000000000000e+00
1871.5000    0.000000000000e+00
1871.7500    0.000000000000e+00
1872.0000    0.000000000000e+00
1872.2500    0.000000000000e+00
1872.5000    0.000000000000e+00
1872.7500    0.000000000000e+00
1873.0000    0.000000000000e+00
1873.2500    0.000000000000e+00
1873.5000    0.000000000000e+00
1873.7500    0.000000000000e+00
1874.0000    0.000000000000e+00
1874.2500    0.000000000000e+00
1874.5000    0.000000000000e+00
1874.7500    0.000000000000e+00
1875.0000    0.000000000000e+00
1875.2500    0.000000000000e+00
1875.5000    0.000000000000e+00
1875.7500    0.000000000000e+00
1876.0000    0.000000000000e+00
1876.2500    0.000000000000e+00
1876.5000    0.000000000000e+00
1876.7500    0.000000000000e+00
1877.0000    0.000000000000e+00
1877.2500    0.000000000000e+00
1877.5000    0.000000000000e+00
1877.7500    0.000000000000e+00
1878.0000    0.000000000000e+00
1878.2500    0.000000000000e+00
1878.5000    0.000000000000e+00
1878.7500    0.000000000000e+00
1879.0000    0.000000000000e+00
1879.2500    0.000000000000e+00
1879.5000    0.000000000000e+00
1879.7500    0.000000000000e+00
1880.0000    0.000000000000e+00
1880.2500    0.000000000000e+00
1880.5000    0.000000000000e+00
1880.7500    0.000000000000e+00
1881.0000    0.000000000000e+00
1881.2500    0.000000000000e+00
1881.5000    0.000000000000e+00
1881.7500    0.000000000000e+00
1882.0000    0.000000000000e+00
1882.2500    0.000000000000e+00
1882.5000    0.000000000000e+00
1882.7500    0.000000000000e+00
1883.0000    0.000000000000e+00
1883.2500    0.000000000000e+00
1883.5000    0.000000000000e+00
1883.7500    0.000000000000e+00
1884.0000    0.000000000000e+00
1884.2500    0.000000000000e+00
1884.5000    0.000000000000e+00
1884.7500    0.000000000000e+00
1885.0000    0.000000000000e+00
1885.2500    0.000000000000e+00
1885.5000    0.000000000000e+00
1885.7500    0.000000000000e+00
1886.0000    0.000000000000e+00
1886.2500    0.000000000000e+00
1886.5000    0.000000000000e+00
1886.7500    0.000000000000e+00
1887.0000    0.000000000000e+00
1887.2500    0.000000000000e+00
1887.5000    0.000000000000e+00
1887.7500    0.000000000000e+00
1888.0000    0.000000000000e+00
1888.2500    0.000000000000e+00
1888.5000    0.000000000000e+00
1888.7500    0.000000000000e+00
1889.0000    0.000000000000e+00
1889.2500    0.000000000000e+00
1889.5000    0.000000000000e+00
1889.7500    0.000000000000e+00
1890.0000    0.000000000000e+00
1890.2500    0.000000000000e+00
1890.5000    0.000000000000e+00
1890.7500    0.000000000000e+00
1891.0000    0.000000000000e+00
1891.2500    0.000000000000e+00
1891.5000    0.000000000000e+00
1891.7500    0.000000000000e+00
1892.0000    0.000000000000e+00
1892.2500    0.000000000000e+00
1892.5000    0.000000000000e+00
1892.7500    0.000000000000e+00
1893.0000    0.000000000000e+00
1893.2500    0.000000000000e+00
1893.5000    0.000000000000e+00
1893.7500    0.000000000000e+00
1894.0000    0.000000000000e+00
1894.2500    0.000000000000e+00
1894.5000    0.000000000000e+00
1894.7500    0.000000000000e+00
1895.0000    0.000000000000e+00
1895.2500    0.000000000000e+00
1895.5000    0.000000000000e+00
1895.7500    0.000000000000e+00
1896.0000    0.000000000000e+00
1896.2500    0.000000000000e+00
1896.5000    0.000000000000e+00
1896.7500    0.000000000000e+00
1897.0000    0.000000000000e+00
1897.2500    0.000000000000e+00
1897.5000    0.000000000000e+00
1897.7500    0.000000000000e+00
1898.0000    0.000000000000e+00
1898.2500    0.000000000000e+00
1898.5000    0.000000000000e+00
1898.7500    0.000000000000e+00
1899.0000    0.000000000000e+00
1899.2500    0.000000000000e+00
1899.5000    0.000000000000e+00
1899.7500    0.000000000000e+00
1900.0000    0.000000000000e+00
1900.2500    0.000000000000e+00
1900.5000    0.000000000000e+00
1900.7500    0.000000000000e+00
1901.0000    0.000000000000e+00
1901.2500    0.000000000000e+00
1901.5000    0.000000000000e+00
1901.7500    0.000000000000e+00
1902.0000    0.000000000000e+00
1902.2500    0.000000000000e+00
1902.5000    0.000000000000e+00
1902.7500    0.000000000000e+00
1903.0000    0.000000000000e+00
1903.2500    0.000000000000e+00
1903.5000    0.000000000000e+00
1903.7500    0.000000000000e+00
1904.0000    0.000000000000e+00
1904.2500    0.000000000000e+00
1904.5000    0.000000000000e+00
1904.7500    0.000000000000e+00
1905.0000    0.000000000000e+00
1905.2500    0.000000000000e+00
1905.5000    0.000000000000e+00
1905.7500    0.000000000000e+00
1906.0000    0.000000000000e+00
1906.2500    0.000000000000e+00
1906.5000    0.000000000000e+00
1906.7500    0.000000000000e+00
1907.0000    0.000000000000e+00
1907.2500    0.000000000000e+00
1907.5000    0.000000000000e+00
1907.7500    0.000000000000e+00
1908.0000    0.000000000000e+00
1908.2500    0.000000000000e+00
1908.5000    0.000000000000e+00
1908.7500    0.000000000000e+00
1909.0000    0.000000000000e+00
1909.2500    0.000000000000e+00
1909.5000    0.000000000000e+00
1909.7500    0.000000000000e+00
1910.0000    0.000000000000e+00
1910.2500    0.000000000000e+00
1910.5000    0.000000000000e+00
1910.7500    0.000000000000e+00
1911.0000    0.000000000000e+00
1911.2500    0.000000000000e+00
1911.5000    0.000000000000e+00
1911.7500    0.000000000000e+00
1912.0000    0.000000000000e+00
1912.2500    0.000000000000e+00
1912.5000    0.000000000000e+00
1912.7500    0.000000000000e+00
1913.0000    0.000000000000e+00
1913.2500    0.000000000000e+00
1913.5000    0.000000000000e+00
1913.7500    0.000000000000e+00
1914.0000    0.000000000000e+00
1914.2500    0.000000000000e+00
1914.5000    0.000000000000e+00
1914.7500    0.000000000000e+00
1915.0000    0.000000000000e+00
1915.2500    0.000000000000e+00
1915.5000    0.000000000000e+00
1915.7500    0.000000000000e+00
1916.0000    0.000000000000e+00
1916.2500    0.000000000000e+00
1916.5000    0.000000000000e+00
1916.7500    0.000000000000e+00
1917.0000    0.000000000000e+00
1917.2500    0.000000000000e+00
1917.5000    0.000000000000e+00
1917.7500    0.000000000000e+00
1918.0000    0.000000000000e+00
1918.2500    0.000000000000e+00
1918.5000    0.000000000000e+00
1918.7500    0.000000000000e+00
1919.0000    0.000000000000e+00
1919.2500    0.000000000000e+00
1919.5000    0.000000000000e+00
1919.7500    0.000000000000e+00
1920.0000    0.000000000000e+00
1920.2500    0.000000000000e+00
1920.5000    0.000000000000e+00
1920.7500    0.000000000000e+00
1921.0000    0.000000000000e+00
1921.2500    0.000000000000e+00
1921.5000    0.000000000000e+00
1921.7500    0.000000000000e+00
1922.0000    0.000000000000e+00
1922.2500    0.000000000000e+00
1922.5000    0.000000000000e+00
1922.7500    0.000000000000e+00
1923.0000    0.000000000000e+00
1923.2500    0.000000000000e+00
1923.5000    0.000000000000e+00
1923.7500    0.000000000000e+00
1924.0000    0.000000000000e+00
1924.2500    0.000000000000e+00
1924.5000    0.000000000000e+00
1924.7500    0.000000000000e+00
1925.0000    0.000000000000e+00
1925.2500    0.000000000000e+00
1925.5000    0.000000000000e+00
1925.7500    0.000000000000e+00
1926.0000    0.000000000000e+00
1926.2500    0.000000000000e+00
1926.5000    0.000000000000e+00
1926.7500    0.000000000000e+00
1927.0000    0.000000000000e+00
1927.2500    0.000000000000e+00
1927.5000    0.000000000000e+00
1927.7500    0.000000000000e+00
1928.0000    0.000000000000e+00
1928.2500    0.000000000000e+00
1928.5000    0.000000000000e+00
1928.7500    0.000000000000e+00
1929.0000    0.000000000000e+00
1929.2500    0.000000000000e+00
1929.5000    0.000000000000e+00
1929.7500    0.000000000000e+00
1930.0000    0.000000000000e+00
1930.2500    0.000000000000e+00
1930.5000    0.000000000000e+00
1930.7500    0.000000000000e+00
1931.0000    0.000000000000e+00
1931.2500    0.000000000000e+00
1931.5000    0.000000000000e+00
1931.7500    0.000000000000e+00
1932.0000    0.000000000000e+00
1932.2500    0.000000000000e+00
1932.5000    0.000000000000e+00
1932.7500    0.000000000000e+00
1933.0000    0.000000000000e+00
1933.2500    0.000000000000e+00
1933.5000    0.000000000000e+00
1933.7500    0.000000000000e+00
1934.0000    0.000000000000e+00
1934.2500    0.000000000000e+00
1934.5000    0.000000000000e+00
1934.7500    0.000000000000e+00
1935.0000    0.000000000000e+00
1935.2500    0.000000000000e+00
1935.5000    0.000000000000e+00
1935.7500    0.000000000000e+00
1936.0000    0.000000000000e+00
1936.2500    0.000000000000e+00
1936.5000    0.000000000000e+00
1936.7500    0.000000000000e+00
1937.0000    0.000000000000e+00
1937.2500    0.000000000000e+00
1937.5000    0.000000000000e+00
1937.7500    0.000000000000e+00
1938.0000    0.000000000000e+00
1938.2500    0.000000000000e+00
1938.5000    0.000000000000e+00
1938.7500    0.000000000000e+00
1939.0000    0.000000000000e+00
1939.2500    0.000000000000e+00
1939.5000    0.000000000000e+00
1939.7500    0.000000000000e+00
1940.0000    0.000000000000e+00
1940.2500    0.000000000000e+00
1940.5000    0.000000000000e+00
1940.7500    0.000000000000e+00
1941.0000    0.000000000000e+00
1941.2500    0.000000000000e+00
1941.5000    0.000000000000e+00
1941.7500    0.000000000000e+00
1942.0000    0.000000000000e+00
1942.2500    0.000000000000e+00
1942.5000    0.000000000000e+00
1942.7500    0.000000000000e+00
1943.0000    0.000000000000e+00
1943.2500    0.000000000000e+00
1943.5000    0.000000000000e+00
1943.7500    0.000000000000e+00
1944.0000    0.000000000000e+00
1944.2500    0.000000000000e+00
1944.5000    0.000000000000e+00
1944.7500    0.000000000000e+00
1945.0000    0.000000000000e+00
1945.2500    0.000000000000e+00
1945.5000    0.000000000000e+00
1945.7500    0.000000000000e+00
1946.0000    0.000000000000e+00
1946.2500    0.000000000000e+00
1946.5000    0.000000000000e+00
1946.7500    0.000000000000e+00
1947.0000    0.000000000000e+00
1947.2500    0.000000000000e+00
1947.5000    0.000000000000e+00
1947.7500    0.000000000000e+00
1948.0000    0.000000000000e+00
1948.2500    0.000000000000e+00
1948.5000    0.000000000000e+00
1948.7500    0.000000000000e+00
1949.0000    0.000000000000e+00
1949.2500    0.000000000000e+00
1949.5000    0.000000000000e+00
1949.7500    0.000000000000e+00
1950.0000    0.000000000000e+00
1950.2500    0.000000000000e+00
1950.5000    0.000000000000e+00
1950.7500    0.000000000000e+00
1951.0000    0.000000000000e+00
1951.2500    0.000000000000e+00
1951.5000    0.000000000000e+00
1951.7500    0.000000000000e+00
1952.0000    0.000000000000e+00
1952.2500    0.000000000000e+00
1952.5000    0.000000000000e+00
1952.7500    0.000000000000e+00
1953.0000    0.000000000000e+00
1953.2500    0.000000000000e+00
1953.5000    0.000000000000e+00
1953.7500    0.000000000000e+00
1954.0000    0.000000000000e+00
1954.2500    0.000000000000e+00
1954.5000    0.000000000000e+00
1954.7500    0.000000000000e+00
1955.0000    0.000000000000e+00
1955.2500    0.000000000000e+00
1955.5000    0.000000000000e+00
1955.7500    0.000000000000e+00
1956.0000    0.000000000000e+00
1956.2500    0.000000000000e+00
1956.5000    0.000000000000e+00
1956.7500    0.000000000000e+00
1957.0000    0.000000000000e+00
1957.2500    0.000000000000e+00
1957.5000    0.000000000000e+00
1957.7500    0.000000000000e+00
1958.0000    0.000000000000e+00
1958.2500    0.000000000000e+00
1958.5000    0.000000000000e+00
1958.7500    0.000000000000e+00
1959.0000    0.000000000000e+00
1959.2500    0.000000000000e+00
1959.5000    0.000000000000e+00
1959.7500    0.000000000000e+00
1960.0000    0.000000000000e+00
1960.2500    0.000000000000e+00
1960.5000    0.000000000000e+00
1960.7500    0.000000000000e+00
1961.0000    0.000000000000e+00
1961.2500    0.000000000000e+00
1961.5000    0.000000000000e+00
1961.7500    0.000000000000e+00
1962.0000    0.000000000000e+00
1962.2500    0.000000000000e+00
1962.5000    0.000000000000e+00
1962.7500    0.000000000000e+00
1963.0000    0.000000000000e+00
1963.2500    0.000000000000e+00
1963.5000    0.000000000000e+00
1963.7500    0.000000000000e+00
1964.0000    0.000000000000e+00
1964.2500    0.000000000000e+00
1964.5000    0.000000000000e+00
1964.7500    0.000000000000e+00
1965.0000    0.000000000000e+00
1965.2500    0.000000000000e+00
1965.5000    0.000000000000e+00
1965.7500    0.000000000000e+00
1966.0000    0.000000000000e+00
1966.2500    0.000000000000e+00
1966.5000    0.000000000000e+00
1966.7500    0.000000000000e+00
1967.0000    0.000000000000e+00
1967.2500    0.000000000000e+00
1967.5000    0.000000000000e+00
1967.7500    0.000000000000e+00
1968.0000    0.000000000000e+00
1968.2500    0.000000000000e+00
1968.5000    0.000000000000e+00
1968.7500    0.000000000000e+00
1969.0000    0.000000000000e+00
1969.2500    0.000000000000e+00
1969.5000    0.000000000000e+00
1969.7500    0.000000000000e+00
1970.0000    0.000000000000e+00
1970.2500    0.000000000000e+00
1970.5000    0.000000000000e+00
1970.7500    0.000000000000e+00
1971.0000    0.000000000000e+00
1971.2500    0.000000000000e+00
1971.5000    0.000000000000e+00
1971.7500    0.000000000000e+00
1972.0000    0.000000000000e+00
1972.2500    0.000000000000e+00
1972.5000    0.000000000000e+00
1972.7500    0.000000000000e+00
1973.0000    0.000000000000e+00
1973.2500    0.000000000000e+00
1973.5000    0.000000000000e+00
1973.7500    0.000000000000e+00
1974.0000    0.000000000000e+00
1974.2500    0.000000000000e+00
1974.5000    0.000000000000e+00
1974.7500    0.000000000000e+00
1975.0000    0.000000000000e+00
1975.2500    0.000000000000e+00
1975.5000    0.000000000000e+00
1975.7500    0.000000000000e+00
1976.0000    0.000000000000e+00
1976.2500    0.000000000000e+00
1976.5000    0.000000000000e+00
1976.7500    0.000000000000e+00
1977.0000    0.000000000000e+00
1977.2500    0.000000000000e+00
1977.5000    0.000000000000e+00
1977.7500    0.000000000000e+00
1978.0000    0.000000000000e+00
1978.2500    0.000000000000e+00
1978.5000    0.000000000000e+00
1978.7500    0.000000000000e+00
1979.0000    0.000000000000e+00
1979.2500    0.000000000000e+00
1979.5000    0.000000000000e+00
1979.7500    0.000000000000e+00
1980.0000    0.000000000000e+00
1980.2500    0.000000000000e+00
1980.5000    0.000000000000e+00
1980.7500    0.000000000000e+00
1981.0000    0.000000000000e+00
1981.2500    0.000000000000e+00
1981.5000    0.000000000000e+00
1981.7500    0.000000000000e+00
1982.0000    0.000000000000e+00
1982.2500    0.000000000000e+00
1982.5000    0.000000000000e+00
1982.7500    0.000000000000e+00
1983.0000    0.000000000000e+00
1983.2500    0.000000000000e+00
1983.5000    0.000000000000e+00
1983.7500    0.000000000000e+00
1984.0000    0.000000000000e+00
1984.2500    0.000000000000e+00
1984.5000    0.000000000000e+00
1984.7500    0.000000000000e+00
1985.0000    0.000000000000e+00
1985.2500    0.000000000000e+00
1985.5000    0.000000000000e+00
1985.7500    0.000000000000e+00
1986.0000    0.000000000000e+00
1986.2500    0.000000000000e+00
1986.5000    0.000000000000e+00
1986.7500    0.000000000000e+00
1987.0000    0.000000000000e+00
1987.2500    0.000000000000e+00
1987.5000    0.000000000000e+00
1987.7500    0.000000000000e+00
1988.0000    0.000000000000e+00
1988.2500    0.000000000000e+00
1988.5000    0.000000000000e+00
1988.7500    0.000000000000e+00
1989.0000    0.000000000000e+00
1989.2500    0.000000000000e+00
1989.5000    0.000000000000e+00
1989.7500    0.000000000000e+00
1990.0000    0.000000000000e+00
1990.2500    0.000000000000e+00
1990.5000    0.000000000000e+00
1990.7500    0.000000000000e+00
1991.0000    0.000000000000e+00
1991.2500    0.000000000000e+00
1991.5000    0.000000000000e+00
1991.7500    0.000000000000e+00
1992.0000    0.000000000000e+00
1992.2500    0.000000000000e+00
1992.5000    0.000000000000e+00
1992.7500    0.000000000000e+00
1993.0000    0.000000000000e+00
1993.2500    0.000000000000e+00
1993.5000    0.000000000000e+00
1993.7500    0.000000000000e+00
1994.0000    0.000000000000e+00
1994.2500    0.000000000000e+00
1994.5000    0.000000000000e+00
1994.7500    0.000000000000e+00
1995.0000    0.000000000000e+00
1995.2500    0.000000000000e+00
1995.5000    0.000000000000e+00
1995.7500    0.000000000000e+00
1996.0000    0.000000000000e+00
1996.2500    0.000000000000e+00
1996.5000    0.000000000000e+00
1996.7500    0.000000000000e+00
1997.0000    0.000000000000e+00
1997.2500    0.000000000000e+00
1997.5000    0.000000000000e+00
1997.7500    0.000000000000e+00
1998.0000    0.000000000000e+00
1998.2500    0.000000000000e+00
1998.5000    0.000000000000e+00
1998.7500    0.000000000000e+00
1999.0000    0.000000000000e+00
1999.2500    0.000000000000e+00
1999.5000    0.000000000000e+00
1999.7500    0.000000000000e+00
2000.0000    0.000000000000e+00
2000.2500    0.000000000000e+00
2000.5000    0.000000000000e+00
2000.7500    0.000000000000e+00
2001.0000    0.000000000000e+00
2001.2500    0.000000000000e+00
2001.5000    0.000000000000e+00
2001.7500    0.000000000000e+00
2002.0000    0.000000000000e+00
2002.2500    0.000000000000e+00
2002.5000    0.000000000000e+00
2002.7500    0.000000000000e+00
2003.0000    0.000000000000e+00
2003.2500    0.000000000000e+00
2003.5000    0.000000000000e+00
2003.7500    0.000000000000e+00
2004.0000    0.000000000000e+00
2004.2500    0.000000000000e+00
2004.5000    0.000000000000e+00
2004.7500    0.000000000000e+00
2005.0000    0.000000000000e+00
2005.2500    0.000000000000e+00
2005.5000    0.000000000000e+00
2005.7500    0.000000000000e+00
2006.0000    0.000000000000e+00
2006.2500    0.000000000000e+00
2006.5000    0.000000000000e+00
2006.7500    0.000000000000e+00
2007.0000    0.000000000000e+00
2007.2500    0.000000000000e+00
2007.5000    0.000000000000e+00
2007.7500    0.000000000000e+00
2008.0000    0.000000000000e+00
2008.2500    0.000000000000e+00
2008.5000    0.000000000000e+00
2008.7500    0.000000000000e+00
2009.0000    0.000000000000e+00
2009.2500    0.000000000000e+00
2009.5000    0.000000000000e+00
2009.7500    0.000000000000e+00
2010.0000    0.000000000000e+00
2010.2500    0.000000000000e+00
2010.5000    0.000000000000e+00
2010.7500    0.000000000000e+00
2011.0000    0.000000000000e+00
2011.2500    0.000000000000e+00
2011.5000    0.000000000000e+00
2011.7500    0.000000000000e+00
2012.0000    0.000000000000e+00
2012.2500    0.000000000000e+00
2012.5000    0.000000000000e+00
2012.7500    0.000000000000e+00
2013.0000    0.000000000000e+00
2013.2500    0.000000000000e+00
2013.5000    0.000000000000e+00
2013.7500    0.000000000000e+00
2014.0000    0.000000000000e+00
2014.2500    0.000000000000e+00
2014.5000    0.000000000000e+00
2014.7500    0.000000000000e+00
2015.0000    0.000000000000e+00
2015.2500    0.000000000000e+00
2015.5000    0.000000000000e+00
2015.7500    0.000000000000e+00
2016.0000    0.000000000000e+00
2016.2500    0.000000000000e+00
2016.5000    0.000000000000e+00
2016.7500    0.000000000000e+00
2017.0000    0.000000000000e+00
2017.2500    0.000000000000e+00
2017.5000    0.000000000000e+00
2017.7500    0.000000000000e+00
2018.0000    0.000000000000e+00
2018.2500    0.000000000000e+00
2018.5000    0.000000000000e+00
2018.7500    0.000000000000e+00
2019.0000    0.000000000000e+00
2019.2500    0.000000000000e+00
2019.5000    0.000000000000e+00
2019.7500    0.000000000000e+00
2020.0000    0.000000000000e+00
2020.2500    0.000000000000e+00
2020.5000    0.000000000000e+00
2020.7500    0.000000000000e+00
2021.0000    0.000000000000e+00
2021.2500    0.000000000000e+00
2021.5000    0.000000000000e+00
2021.7500    0.000000000000e+00
2022.0000    0.000000000000e+00
2022.2500    0.000000000000e+00
2022.5000    0.000000000000e+00
2022.7500    0.000000000000e+00
2023.0000    0.000000000000e+00
2023.2500    0.000000000000e+00
2023.5000    0.000000000000e+00
2023.7500    0.000000000000e+00
2024.0000    0.000000000000e+00
2024.2500    0.000000000000e+00
2024.5000    0.000000000000e+00
2024.7500    0.000000000000e+00
2025.0000    0.000000000000e+00
2025.2500    0.000000000000e+00
2025.5000    0.000000000000e+00
2025.7500    0.000000000000e+00
2026.0000    0.000000000000e+00
2026.2500    0.000000000000e+00
2026.5000    0.000000000000e+00
2026.7500    0.000000000000e+00
2027.0000    0.000000000000e+00
2027.2500    0.000000000000e+00
2027.5000    0.000000000000e+00
2027.7500    0.000000000000e+00
2028.0000    0.000000000000e+00
2028.2500    0.000000000000e+00
2028.5000    0.000000000000e+00
2028.7500    0.000000000000e+00
2029.0000    0.000000000000e+00
2029.2500    0.000000000000e+00
2029.5000    0.000000000000e+00
2029.7500    0.000000000000e+00
2030.0000    0.000000000000e+00
2030.2500    0.000000000000e+00
2030.5000    0.000000000000e+00
2030.7500    0.000000000000e+00
2031.0000    0.000000000000e+00
2031.2500    0.000000000000e+00
2031.5000    0.000000000000e+00
2031.7500    0.000000000000e+00
2032.0000    0.000000000000e+00
2032.2500    0.000000000000e+00
2032.5000    0.000000000000e+00
2032.7500    0.000000000000e+00
2033.0000    0.000000000000e+00
2033.2500    0.000000000000e+00
2033.5000    0.000000000000e+00
2033.7500    0.000000000000e+00
2034.0000    0.000000000000e+00
2034.2500    0.000000000000e+00
2034.5000    0.000000000000e+00
2034.7500    0.000000000000e+00
2035.0000    0.000000000000e+00
2035.2500    0.000000000000e+00
2035.5000    0.000000000000e+00
2035.7500    0.000000000000e+00
2036.0000    0.000000000000e+00
2036.2500    0.000000000000e+00
2036.5000    0.000000000000e+00
2036.7500    0.000000000000e+00
2037.0000    0.000000000000e+00
2037.2500    0.000000000000e+00
2037.5000    0.000000000000e+00
2037.7500    0.000000000000e+00
2038.0000    0.000000000000e+00
2038.2500    0.000000000000e+00
2038.5000    0.000000000000e+00
2038.7500    0.000000000000e+00
2039.0000    0.000000000000e+00
2039.2500    0.000000000000e+00
2039.5000    0.000000000000e+00
2039.7500    0.000000000000e+00
2040.0000    0.000000000000e+00
2040.2500    0.000000000000e+00
2040.5000    0.000000000000e+00
2040.7500    0.000000000000e+00
2041.0000    0.000000000000e+00
2041.2500    0.000000000000e+00
2041.5000    0.000000000000e+00
2041.7500    0.000000000000e+00
2042.0000    0.000000000000e+00
2042.2500    0.000000000000e+00
2042.5000    0.000000000000e+00
2042.7500    0.000000000000e+00
2043.0000    0.000000000000e+00
2043.2500    0.000000000000e+00
2043.5000    0.000000000000e+00
2043.7500    0.000000000000e+00
2044.0000    0.000000000000e+00
2044.2500    0.000000000000e+00
2044.5000    0.000000000000e+00
2044.7500    0.000000000000e+00
2045.0000    0.000000000000e+00
2045.2500    0.000000000000e+00
2045.5000    0.000000000000e+00
2045.7500    0.000000000000e+00
2046.0000    0.000000000000e+00
2046.2500    0.000000000000e+00
2046.5000    0.000000000000e+00
2046.7500    0.000000000000e+00
2047.0000    0.000000000000e+00
2047.2500    0.000000000000e+00
2047.5000    0.000000000000e+00
2047.7500    0.000000000000e+00
2048.0000    0.000000000000e+00
2048.2500    0.000000000000e+00
2048.5000    0.000000000000e+00
2048.7500    0.000000000000e+00
2049.0000    0.000000000000e+00
2049.2500    0.000000000000e+00
2049.5000    0.000000000000e+00
2049.7500    0.000000000000e+00
2050.0000    0.000000000000e+00
2050.2500    0.000000000000e+00
2050.5000    0.000000000000e+00
2050.7500    0.000000000000e+00
2051.0000    0.000000000000e+00
2051.2500    0.000000000000e+00
2051.5000    0.000000000000e+00
2051.7500    0.000000000000e+00
2052.0000    0.000000000000e+00
2052.2500    0.000000000000e+00
2052.5000    0.000000000000e+00
2052.7500    0.000000000000e+00
2053.0000    0.000000000000e+00
2053.2500    0.000000000000e+00
2053.5000    0.000000000000e+00
2053.7500    0.000000000000e+00
2054.0000    0.000000000000e+00
2054.2500    0.000000000000e+00
2054.5000    0.000000000000e+00
2054.7500    0.000000000000e+00
2055.0000    0.000000000000e+00
2055.2500    0.000000000000e+00
2055.5000    0.000000000000e+00
2055.7500    0.000000000000e+00
2056.0000    0.000000000000e+00
2056.2500    0.000000000000e+00
2056.5000    0.000000000000e+00
2056.7500    0.000000000000e+00
2057.0000    0.000000000000e+00
2057.2500    0.000000000000e+00
2057.5000    0.000000000000e+00
2057.7500    0.000000000000e+00
2058.0000    0.000000000000e+00
2058.2500    0.000000000000e+00
2058.5000    0.000000000000e+00
2058.7500    0.000000000000e+00
2059.0000    0.000000000000e+00
2059.2500    0.000000000000e+00
2059.5000    0.000000000000e+00
2059.7500    0.000000000000e+00
2060.0000    0.000000000000e+00
2060.2500    0.000000000000e+00
2060.5000    0.000000000000e+00
2060.7500    0.000000000000e+00
2061.0000    0.000000000000e+00
2061.2500    0.000000000000e+00
2061.5000    0.000000000000e+00
2061.7500    0.000000000000e+00
2062.0000    0.000000000000e+00
2062.2500    0.000000000000e+00
2062.5000    0.000000000000e+00
2062.7500    0.000000000000e+00
2063.0000    0.000000000000e+00
2063.2500    0.000000000000e+00
2063.5000    0.000000000000e+00
2063.7500    0.000000000000e+00
2064.0000    0.000000000000e+00
2064.2500    0.000000000000e+00
2064.5000    0.000000000000e+00
2064.7500    0.000000000000e+00
2065.0000    0.000000000000e+00
2065.2500    0.000000000000e+00
2065.5000    0.000000000000e+00
2065.7500    0.000000000000e+00
2066.0000    0.000000000000e+00
2066.2500    0.000000000000e+00
2066.5000    0.000000000000e+00
2066.7500    0.000000000000e+00
2067.0000    0.000000000000e+00
2067.2500    0.000000000000e+00
2067.5000    0.000000000000e+00
2067.7500    0.000000000000e+00
2068.0000    0.000000000000e+00
2068.2500    0.000000000000e+00
2068.5000    0.000000000000e+00
2068.7500    0.000000000000e+00
2069.0000    0.000000000000e+00
2069.2500    0.000000000000e+00
2069.5000    0.000000000000e+00
2069.7500    0.000000000000e+00
2070.0000    0.000000000000e+00
2070.2500    0.000000000000e+00
2070.5000    0.000000000000e+00
2070.7500    0.000000000000e+00
2071.0000    0.000000000000e+00
2071.2500    0.000000000000e+00
2071.5000    0.000000000000e+00
2071.7500    0.000000000000e+00
2072.0000    0.000000000000e+00
2072.2500    0.000000000000e+00
2072.5000    0.000000000000e+00
2072.7500    0.000000000000e+00
2073.0000    0.000000000000e+00
2073.2500    0.000000000000e+00
2073.5000    0.000000000000e+00
2073.7500    0.000000000000e+00
2074.0000    0.000000000000e+00
2074.2500    0.000000000000e+00
2074.5000    0.000000000000e+00
2074.7500    0.000000000000e+00
2075.0000    0.000000000000e+00
2075.2500    0.000000000000e+00
2075.5000    0.000000000000e+00
2075.7500    0.000000000000e+00
2076.0000    0.000000000000e+00
2076.2500    0.000000000000e+00
2076.5000    0.000000000000e+00
2076.7500    0.000000000000e+00
2077.0000    0.000000000000e+00
2077.2500    0.000000000000e+00
2077.5000    0.000000000000e+00
2077.7500    0.000000000000e+00
2078.0000    0.000000000000e+00
2078.2500    0.000000000000e+00
2078.5000    0.000000000000e+00
2078.7500    0.000000000000e+00
2079.0000    0.000000000000e+00
2079.2500    0.000000000000e+00
2079.5000    0.000000000000e+00
2079.7500    0.000000000000e+00
2080.0000    0.000000000000e+00
2080.2500    0.000000000000e+00
2080.5000    0.000000000000e+00
2080.7500    0.000000000000e+00
2081.0000    0.000000000000e+00
2081.2500    0.000000000000e+00
2081.5000    0.000000000000e+00
2081.7500    0.000000000000e+00
2082.0000    0.000000000000e+00
2082.2500    0.000000000000e+00
2082.5000    0.000000000000e+00
2082.7500    0.000000000000e+00
2083.0000    0.000000000000e+00
2083.2500    0.000000000000e+00
2083.5000    0.000000000000e+00
2083.7500    0.000000000000e+00
2084.0000    0.000000000000e+00
2084.2500    0.000000000000e+00
2084.5000    0.000000000000e+00
2084.7500    0.000000000000e+00
2085.0000    0.000000000000e+00
2085.2500    0.000000000000e+00
2085.5000    0.000000000000e+00
2085.7500    0.000000000000e+00
2086.0000    0.000000000000e+00
2086.2500    0.000000000000e+00
2086.5000    0.000000000000e+00
2086.7500    0.000000000000e+00
2087.0000    0.000000000000e+00
2087.2500    0.000000000000e+00
2087.5000    0.000000000000e+00
2087.7500    0.000000000000e+00
2088.0000    0.000000000000e+00
2088.2500    0.000000000000e+00
2088.5000    0.000000000000e+00
2088.7500    0.000000000000e+00
2089.0000    0.000000000000e+00
2089.2500    0.000000000000e+00
2089.5000    0.000000000000e+00
2089.7500    0.000000000000e+00
2090.0000    0.000000000000e+00
2090.2500    0.000000000000e+00
2090.5000    0.000000000000e+00
2090.7500    0.000000000000e+00
2091.0000    0.000000000000e+00
2091.2500    0.000000000000e+00
2091.5000    0.000000000000e+00
2091.7500    0.000000000000e+00
2092.0000    0.000000000000e+00
2092.2500    0.000000000000e+00
2092.5000    0.000000000000e+00
2092.7500    0.000000000000e+00
2093.0000    0.000000000000e+00
2093.2500    0.000000000000e+00
2093.5000    0.000000000000e+00
2093.7500    0.000000000000e+00
2094.0000    0.000000000000e+00
2094.2500    0.000000000000e+00
2094.5000    0.000000000000e+00
2094.7500    0.000000000000e+00
2095.0000    0.000000000000e+00
2095.2500    0.000000000000e+00
2095.5000    0.000000000000e+00
2095.7500    0.000000000000e+00
2096.0000    0.000000000000e+00
2096.2500    0.000000000000e+00
2096.5000    0.000000000000e+00
2096.7500    0.000000000000e+00
2097.0000    0.000000000000e+00
2097.2500    0.000000000000e+00
2097.5000    0.000000000000e+00
2097.7500    0.000000000000e+00
2098.0000    0.000000000000e+00
2098.2500    0.000000000000e+00
2098.5000    0.000000000000e+00
2098.7500    0.000000000000e+00
2099.0000    0.000000000000e+00
2099.2500    0.000000000000e+00
2099.5000    0.000000000000e+00
2099.7500    0.000000000000e+00
2100.0000    0.000000000000e+00
2100.2500    0.000000000000e+00
2100.5000    0.000000000000e+00
2100.7500    0.000000000000e+00
2101.0000    0.000000000000e+00
2101.2500    0.000000000000e+00
2101.5000    0.000000000000e+00
2101.7500    0.000000000000e+00
2102.0000    0.000000000000e+00
2102.2500    0.000000000000e+00
2102.5000    0.000000000000e+00
2102.7500    0.000000000000e+00
2103.0000    0.000000000000e+00
2103.2500    0.000000000000e+00
2103.5000    0.000000000000e+00
2103.7500    0.000000000000e+00
2104.0000    0.000000000000e+00
2104.2500    0.000000000000e+00
2104.5000    0.000000000000e+00
2104.7500    0.000000000000e+00
2105.0000    0.000000000000e+00
2105.2500    0.000000000000e+00
2105.5000    0.000000000000e+00
2105.7500    0.000000000000e+00
2106.0000    0.000000000000e+00
2106.2500    0.000000000000e+00
2106.5000    0.000000000000e+00
2106.7500    0.000000000000e+00
2107.0000    0.000000000000e+00
2107.2500    0.000000000000e+00
2107.5000    0.000000000000e+00
2107.7500    0.000000000000e+00
2108.0000    0.000000000000e+00
2108.2500    0.000000000000e+00
2108.5000    0.000000000000e+00
2108.7500    0.000000000000e+00
2109.0000    0.000000000000e+00
2109.2500    0.000000000000e+00
2109.5000    0.000000000000e+00
2109.7500    0.000000000000e+00
2110.0000    0.000000000000e+00
2110.2500    0.000000000000e+00
2110.5000    0.000000000000e+00
2110.7500    0.000000000000e+00
2111.0000    0.000000000000e+00
2111.2500    0.000000000000e+00
2111.5000    0.000000000000e+00
2111.7500    0.000000000000e+00
2112.0000    0.000000000000e+00
2112.2500    0.000000000000e+00
2112.5000    0.000000000000e+00
2112.7500    0.000000000000e+00
2113.0000    0.000000000000e+00
2113.2500    0.000000000000e+00
2113.5000    0.000000000000e+00
2113.7500    0.000000000000e+00
2114.0000    0.000000000000e+00
2114.2500    0.000000000000e+00
2114.5000    0.000000000000e+00
2114.7500    0.000000000000e+00
2115.0000    0.000000000000e+00
2115.2500    0.000000000000e+00
2115.5000    0.000000000000e+00
2115.7500    0.000000000000e+00
2116.0000    0.000000000000e+00
2116.2500    0.000000000000e+00
2116.5000    0.000000000000e+00
2116.7500    0.000000000000e+00
2117.0000    0.000000000000e+00
2117.2500    0.000000000000e+00
2117.5000    0.000000000000e+00
2117.7500    0.000000000000e+00
2118.0000    0.000000000000e+00
2118.2500    0.000000000000e+00
2118.5000    0.000000000000e+00
2118.7500    0.000000000000e+00
2119.0000    0.000000000000e+00
2119.2500    0.000000000000e+00
2119.5000    0.000000000000e+00
2119.7500    0.000000000000e+00
2120.0000    0.000000000000e+00
2120.2500    0.000000000000e+00
2120.5000    0.000000000000e+00
2120.7500    0.000000000000e+00
2121.0000    0.000000000000e+00
2121.2500    0.000000000000e+00
2121.5000    0.000000000000e+00
2121.7500    0.000000000000e+00
2122.0000    0.000000000000e+00
2122.2500    0.000000000000e+00
2122.5000    0.000000000000e+00
2122.7500    0.000000000000e+00
2123.0000    0.000000000000e+00
2123.2500    0.000000000000e+00
2123.5000    0.000000000000e+00
2123.7500    0.000000000000e+00
2124.0000    0.000000000000e+00
2124.2500    0.000000000000e+00
2124.5000    0.000000000000e+00
2124.7500    0.000000000000e+00
2125.0000    0.000000000000e+00
2125.2500    0.000000000000e+00
2125.5000    0.000000000000e+00
2125.7500    0.000000000000e+00
2126.0000    0.000000000000e+00
2126.2500    0.000000000000e+00
2126.5000    0.000000000000e+00
2126.7500    0.000000000000e+00
2127.0000    0.000000000000e+00
2127.2500    0.000000000000e+00
2127.5000    0.000000000000e+00
2127.7500    0.000000000000e+00
2128.0000    0.000000000000e+00
2128.2500    0.000000000000e+00
2128.5000    0.000000000000e+00
2128.7500    0.000000000000e+00
2129.0000    0.000000000000e+00
2129.2500    0.000000000000e+00
2129.5000    0.000000000000e+00
2129.7500    0.000000000000e+00
2130.0000    0.000000000000e+00
2130.2500    0.000000000000e+00
2130.5000    0.000000000000e+00
2130.7500    0.000000000000e+00
2131.0000    0.000000000000e+00
2131.2500    0.000000000000e+00
2131.5000    0.000000000000e+00
2131.7500    0.000000000000e+00
2132.0000    0.000000000000e+00
2132.2500    0.000000000000e+00
2132.5000    0.000000000000e+00
2132.7500    0.000000000000e+00
2133.0000    0.000000000000e+00
2133.2500    0.000000000000e+00
2133.5000    0.000000000000e+00
2133.7500    0.000000000000e+00
2134.0000    0.000000000000e+00
2134.2500    0.000000000000e+00
2134.5000    0.000000000000e+00
2134.7500    0.000000000000e+00
2135.0000    0.000000000000e+00
2135.2500    0.000000000000e+00
2135.5000    0.000000000000e+00
2135.7500    0.000000000000e+00
2136.0000    0.000000000000e+00
2136.2500    0.000000000000e+00
2136.5000    0.000000000000e+00
2136.7500    0.000000000000e+00
2137.0000    0.000000000000e+00
2137.2500    0.000000000000e+00
2137.5000    0.000000000000e+00
2137.7500    0.000000000000e+00
2138.0000    0.000000000000e+00
2138.2500    0.000000000000e+00
2138.5000    0.000000000000e+00
2138.7500    0.000000000000e+00
2139.0000    0.000000000000e+00
2139.2500    0.000000000000e+00
2139.5000    0.000000000000e+00
2139.7500    0.000000000000e+00
2140.0000    0.000000000000e+00
2140.2500    0.000000000000e+00
2140.5000    0.000000000000e+00
2140.7500    0.000000000000e+00
2141.0000    0.000000000000e+00
2141.2500    0.000000000000e+00
2141.5000    0.000000000000e+00
2141.7500    0.000000000000e+00
2142.0000    0.000000000000e+00
2142.2500    0.000000000000e+00
2142.5000    0.000000000000e+00
2142.7500    0.000000000000e+00
2143.0000    0.000000000000e+00
2143.2500    0.000000000000e+00
2143.5000    0.000000000000e+00
2143.7500    0.000000000000e+00
2144.0000    0.000000000000e+00
2144.2500    0.000000000000e+00
2144.5000    0.000000000000e+00
2144.7500    0.000000000000e+00
2145.0000    0.000000000000e+00
2145.2500    0.000000000000e+00
2145.5000    0.000000000000e+00
2145.7500    0.000000000000e+00
2146.0000    0.000000000000e+00
2146.2500    0.000000000000e+00
2146.5000    0.000000000000e+00
2146.7500    0.000000000000e+00
2147.0000    0.000000000000e+00
2147.2500    0.000000000000e+00
2147.5000    0.000000000000e+00
2147.7500    0.000000000000e+00
2148.0000    0.000000000000e+00
2148.2500    0.000000000000e+00
2148.5000    0.000000000000e+00
2148.7500    0.000000000000e+00
2149.0000    0.000000000000e+00
2149.2500    0.000000000000e+00
2149.5000    0.000000000000e+00
2149.7500    0.000000000000e+00
2150.0000    0.000000000000e+00
2150.2500    0.000000000000e+00
2150.5000    0.000000000000e+00
2150.7500    0.000000000000e+00
2151.0000    0.000000000000e+00
2151.2500    0.000000000000e+00
2151.5000    0.000000000000e+00
2151.7500    0.000000000000e+00
2152.0000    0.000000000000e+00
2152.2500    0.000000000000e+00
2152.5000    0.000000000000e+00
2152.7500    0.000000000000e+00
2153.0000    0.000000000000e+00
2153.2500    0.000000000000e+00
2153.5000    0.000000000000e+00
2153.7500    0.000000000000e+00
2154.0000    0.000000000000e+00
2154.2500    0.000000000000e+00
2154.5000    0.000000000000e+00
2154.7500    0.000000000000e+00
2155.0000    0.000000000000e+00
2155.2500    0.000000000000e+00
2155.5000    0.000000000000e+00
2155.7500    0.000000000000e+00
2156.0000    0.000000000000e+00
2156.2500    0.000000000000e+00
2156.5000    0.000000000000e+00
2156.7500    0.000000000000e+00
2157.0000    0.000000000000e+00
2157.2500    0.000000000000e+00
2157.5000    0.000000000000e+00
2157.7500    0.000000000000e+00
2158.0000    0.000000000000e+00
2158.2500    0.000000000000e+00
2158.5000    0.000000000000e+00
2158.7500    0.000000000000e+00
2159.0000    0.000000000000e+00
2159.2500    0.000000000000e+00
2159.5000    0.000000000000e+00
2159.7500    0.000000000000e+00
2160.0000    0.000000000000e+00
2160.2500    0.000000000000e+00
2160.5000    0.000000000000e+00
2160.7500    0.000000000000e+00
2161.0000    0.000000000000e+00
2161.2500    0.000000000000e+00
2161.5000    0.000000000000e+00
2161.7500    0.000000000000e+00
2162.0000    0.000000000000e+00
2162.2500    0.000000000000e+00
2162.5000    0.000000000000e+00
2162.7500    0.000000000000e+00
2163.0000    0.000000000000e+00
2163.2500    0.000000000000e+00
2163.5000    0.000000000000e+00
2163.7500    0.000000000000e+00
2164.0000    0.000000000000e+00
2164.2500    0.000000000000e+00
2164.5000    0.000000000000e+00
2164.7500    0.000000000000e+00
2165.0000    0.000000000000e+00
2165.2500    0.000000000000e+00
2165.5000    0.000000000000e+00
2165.7500    0.000000000000e+00
2166.0000    0.000000000000e+00
2166.2500    0.000000000000e+00
2166.5000    0.000000000000e+00
2166.7500    0.000000000000e+00
2167.0000    0.000000000000e+00
2167.2500    0.000000000000e+00
2167.5000    0.000000000000e+00
2167.7500    0.000000000000e+00
2168.0000    0.000000000000e+00
2168.2500    0.000000000000e+00
2168.5000    0.000000000000e+00
2168.7500    0.000000000000e+00
2169.0000    0.000000000000e+00
2169.2500    0.000000000000e+00
2169.5000    0.000000000000e+00
2169.7500    0.000000000000e+00
2170.0000    0.000000000000e+00
2170.2500    0.000000000000e+00
2170.5000    0.000000000000e+00
2170.7500    0.000000000000e+00
2171.0000    0.000000000000e+00
2171.2500    0.000000000000e+00
2171.5000    0.000000000000e+00
2171.7500    0.000000000000e+00
2172.0000    0.000000000000e+00
2172.2500    0.000000000000e+00
2172.5000    0.000000000000e+00
2172.7500    0.000000000000e+00
2173.0000    0.000000000000e+00
2173.2500    0.000000000000e+00
2173.5000    0.000000000000e+00
2173.7500    0.000000000000e+00
2174.0000    0.000000000000e+00
2174.2500    0.000000000000e+00
2174.5000    0.000000000000e+00
2174.7500    0.000000000000e+00
2175.0000    0.000000000000e+00
2175.2500    0.000000000000e+00
2175.5000    0.000000000000e+00
2175.7500    0.000000000000e+00
2176.0000    0.000000000000e+00
2176.2500    0.000000000000e+00
2176.5000    0.000000000000e+00
2176.7500    0.000000000000e+00
2177.0000    0.000000000000e+00
2177.2500    0.000000000000e+00
2177.5000    0.000000000000e+00
2177.7500    0.000000000000e+00
2178.0000    0.000000000000e+00
2178.2500    0.000000000000e+00
2178.5000    0.000000000000e+00
2178.7500    0.000000000000e+00
2179.0000    0.000000000000e+00
2179.2500    0.000000000000e+00
2179.5000    0.000000000000e+00
2179.7500    0.000000000000e+00
2180.0000    0.000000000000e+00
2180.2500    0.000000000000e+00
2180.5000    0.000000000000e+00
2180.7500    0.000000000000e+00
2181.0000    0.000000000000e+00
2181.2500    0.000000000000e+00
2181.5000    0.000000000000e+00
2181.7500    0.000000000000e+00
2182.0000    0.000000000000e+00
2182.2500    0.000000000000e+00
2182.5000    0.000000000000e+00
2182.7500    0.000000000000e+00
2183.0000    0.000000000000e+00
2183.2500    0.000000000000e+00
2183.5000    0.000000000000e+00
2183.7500    0.000000000000e+00
2184.0000    0.000000000000e+00
2184.2500    0.000000000000e+00
2184.5000    0.000000000000e+00
2184.7500    0.000000000000e+00
2185.0000    0.000000000000e+00
2185.2500    0.000000000000e+00
2185.5000    0.000000000000e+00
2185.7500    0.000000000000e+00
2186.0000    0.000000000000e+00
2186.2500    0.000000000000e+00
2186.5000    0.000000000000e+00
2186.7500    0.000000000000e+00
2187.0000    0.000000000000e+00
2187.2500    0.000000000000e+00
2187.5000    0.000000000000e+00
2187.7500    0.000000000000e+00
2188.0000    0.000000000000e+00
2188.2500    0.000000000000e+00
2188.5000    0.000000000000e+00
2188.7500    0.000000000000e+00
2189.0000    0.000000000000e+00
2189.2500    0.000000000000e+00
2189.5000    0.000000000000e+00
2189.7500    0.000000000000e+00
2190.0000    0.000000000000e+00
2190.2500    0.000000000000e+00
2190.5000    0.000000000000e+00
2190.7500    0.000000000000e+00
2191.0000    0.000000000000e+00
2191.2500    0.000000000000e+00
2191.5000    0.000000000000e+00
2191.7500    0.000000000000e+00
2192.0000    0.000000000000e+00
2192.2500    0.000000000000e+00
2192.5000    0.000000000000e+00
2192.7500    0.000000000000e+00
2193.0000    0.000000000000e+00
2193.2500    0.000000000000e+00
2193.5000    0.000000000000e+00
2193.7500    0.000000000000e+00
2194.0000    0.000000000000e+00
2194.2500    0.000000000000e+00
2194.5000    0.000000000000e+00
2194.7500    0.000000000000e+00
2195.0000    0.000000000000e+00
2195.2500    0.000000000000e+00
2195.5000    0.000000000000e+00
2195.7500    0.000000000000e+00
2196.0000    0.000000000000e+00
2196.2500    0.000000000000e+00
2196.5000    0.000000000000e+00
2196.7500    0.000000000000e+00
2197.0000    0.000000000000e+00
2197.2500    0.000000000000e+00
2197.5000    0.000000000000e+00
2197.7500    0.000000000000e+00
2198.0000    0.000000000000e+00
2198.2500    0.000000000000e+00
2198.5000    0.000000000000e+00
2198.7500    0.000000000000e+00
2199.0000    0.000000000000e+00
2199.2500    0.000000000000e+00
2199.5000    0.000000000000e+00
2199.7500    0.000000000000e+00
2200.0000    0.000000000000e+00
2200.2500    0.000000000000e+00
2200.5000    0.000000000000e+00
2200.7500    0.000000000000e+00
2201.0000    0.000000000000e+00
2201.2500    0.000000000000e+00
2201.5000    0.000000000000e+00
2201.7500    0.000000000000e+00
2202.0000    0.000000000000e+00
2202.2500    0.000000000000e+00
2202.5000    0.000000000000e+00
2202.7500    0.000000000000e+00
2203.0000    0.000000000000e+00
2203.2500    0.000000000000e+00
2203.5000    0.000000000000e+00
2203.7500    0.000000000000e+00
2204.0000    0.000000000000e+00
2204.2500    0.000000000000e+00
2204.5000    0.000000000000e+00
2204.7500    0.000000000000e+00
2205.0000    0.000000000000e+00
2205.2500    0.000000000000e+00
2205.5000    0.000000000000e+00
2205.7500    0.000000000000e+00
2206.0000    0.000000000000e+00
2206.2500    0.000000000000e+00
2206.5000    0.000000000000e+00
2206.7500    0.000000000000e+00
2207.0000    0.000000000000e+00
2207.2500    0.000000000000e+00
2207.5000    0.000000000000e+00
2207.7500    0.000000000000e+00
2208.0000    0.000000000000e+00
2208.2500    0.000000000000e+00
2208.5000    0.000000000000e+00
2208.7500    0.000000000000e+00
2209.0000    0.000000000000e+00
2209.2500    0.000000000000e+00
2209.5000    0.000000000000e+00
2209.7500    0.000000000000e+00
2210.0000    0.000000000000e+00
2210.2500    0.000000000000e+00
2210.5000    0.000000000000e+00
2210.7500    0.000000000000e+00
2211.0000    0.000000000000e+00
2211.2500    0.000000000000e+00
2211.5000    0.000000000000e+00
2211.7500    0.000000000000e+00
2212.0000    0.000000000000e+00
2212.2500    0.000000000000e+00
2212.5000    0.000000000000e+00
2212.7500    0.000000000000e+00
2213.0000    0.000000000000e+00
2213.2500    0.000000000000e+00
2213.5000    0.000000000000e+00
2213.7500    0.000000000000e+00
2214.0000    0.000000000000e+00
2214.2500    0.000000000000e+00
2214.5000    0.000000000000e+00
2214.7500    0.000000000000e+00
2215.0000    0.000000000000e+00
2215.2500    0.000000000000e+00
2215.5000    0.000000000000e+00
2215.7500    0.000000000000e+00
2216.0000    0.000000000000e+00
2216.2500    0.000000000000e+00
2216.5000    0.000000000000e+00
2216.7500    0.000000000000e+00
2217.0000    0.000000000000e+00
2217.2500    0.000000000000e+00
2217.5000    0.000000000000e+00
2217.7500    0.000000000000e+00
2218.0000    0.000000000000e+00
2218.2500    0.000000000000e+00
2218.5000    0.000000000000e+00
2218.7500    0.000000000000e+00
2219.0000    0.000000000000e+00
2219.2500    0.000000000000e+00
2219.5000    0.000000000000e+00
2219.7500    0.000000000000e+00
2220.0000    0.000000000000e+00
2220.2500    0.000000000000e+00
2220.5000    0.000000000000e+00
2220.7500    0.000000000000e+00
2221.0000    0.000000000000e+00
2221.2500    0.000000000000e+00
2221.5000    0.000000000000e+00
2221.7500    0.000000000000e+00
2222.0000    0.000000000000e+00
2222.2500    0.000000000000e+00
2222.5000    0.000000000000e+00
2222.7500    0.000000000000e+00
2223.0000    0.000000000000e+00
2223.2500    0.000000000000e+00
2223.5000    0.000000000000e+00
2223.7500    0.000000000000e+00
2224.0000    0.000000000000e+00
2224.2500    0.000000000000e+00
2224.5000    0.000000000000e+00
2224.7500    0.000000000000e+00
2225.0000    0.000000000000e+00
2225.2500    0.000000000000e+00
2225.5000    0.000000000000e+00
2225.7500    0.000000000000e+00
2226.0000    0.000000000000e+00
2226.2500    0.000000000000e+00
2226.5000    0.000000000000e+00
2226.7500    0.000000000000e+00
2227.0000    0.000000000000e+00
2227.2500    0.000000000000e+00
2227.5000    0.000000000000e+00
2227.7500    0.000000000000e+00
2228.0000    0.000000000000e+00
2228.2500    0.000000000000e+00
2228.5000    0.000000000000e+00
2228.7500    0.000000000000e+00
2229.0000    0.000000000000e+00
2229.2500    0.000000000000e+00
2229.5000    0.000000000000e+00
2229.7500    0.000000000000e+00
2230.0000    0.000000000000e+00
2230.2500    0.000000000000e+00
2230.5000    0.000000000000e+00
2230.7500    0.000000000000e+00
2231.0000    0.000000000000e+00
2231.2500    0.000000000000e+00
2231.5000    0.000000000000e+00
2231.7500    0.000000000000e+00
2232.0000    0.000000000000e+00
2232.2500    0.000000000000e+00
2232.5000    0.000000000000e+00
2232.7500    0.000000000000e+00
2233.0000    0.000000000000e+00
2233.2500    0.000000000000e+00
2233.5000    0.000000000000e+00
2233.7500    0.000000000000e+00
2234.0000    0.000000000000e+00
2234.2500    0.000000000000e+00
2234.5000    0.000000000000e+00
2234.7500    0.000000000000e+00
2235.0000    0.000000000000e+00
2235.2500    0.000000000000e+00
2235.5000    0.000000000000e+00
2235.7500    0.000000000000e+00
2236.0000    0.000000000000e+00
2236.2500    0.000000000000e+00
2236.5000    0.000000000000e+00
2236.7500    0.000000000000e+00
2237.0000    0.000000000000e+00
2237.2500    0.000000000000e+00
2237.5000    0.000000000000e+00
2237.7500    0.000000000000e+00
2238.0000    0.000000000000e+00
2238.2500    0.000000000000e+00
2238.5000    0.000000000000e+00
2238.7500    0.000000000000e+00
2239.0000    0.000000000000e+00
2239.2500    0.000000000000e+00
2239.5000    0.000000000000e+00
2239.7500    0.000000000000e+00
2240.0000    0.000000000000e+00
2240.2500    0.000000000000e+00
2240.5000    0.000000000000e+00
2240.7500    0.000000000000e+00
2241.0000    0.000000000000e+00
2241.2500    0.000000000000e+00
2241.5000    0.000000000000e+00
2241.7500    0.000000000000e+00
2242.0000    0.000000000000e+00
2242.2500    0.000000000000e+00
2242.5000    0.000000000000e+00
2242.7500    0.000000000000e+00
2243.0000    0.000000000000e+00
2243.2500    0.000000000000e+00
2243.5000    0.000000000000e+00
2243.7500    0.000000000000e+00
2244.0000    0.000000000000e+00
2244.2500    0.000000000000e+00
2244.5000    0.000000000000e+00
2244.7500    0.000000000000e+00
2245.0000    0.000000000000e+00
2245.2500    0.000000000000e+00
2245.5000    0.000000000000e+00
2245.7500    0.000000000000e+00
2246.0000    0.000000000000e+00
2246.2500    0.000000000000e+00
2246.5000    0.000000000000e+00
2246.7500    0.000000000000e+00
2247.0000    0.000000000000e+00
2247.2500    0.000000000000e+00
2247.5000    0.000000000000e+00
2247.7500    0.000000000000e+00
2248.0000    0.000000000000e+00
2248.2500    0.000000000000e+00
2248.5000    0.000000000000e+00
2248.7500    0.000000000000e+00
2249.0000    0.000000000000e+00
2249.2500    0.000000000000e+00
2249.5000    0.000000000000e+00
2249.7500    0.000000000000e+00
2250.0000    0.000000000000e+00
2250.2500    0.000000000000e+00
2250.5000    0.000000000000e+00
2250.7500    0.000000000000e+00
2251.0000    0.000000000000e+00
2251.2500    0.000000000000e+00
2251.5000    0.000000000000e+00
2251.7500    0.000000000000e+00
2252.0000    0.000000000000e+00
2252.2500    0.000000000000e+00
2252.5000    0.000000000000e+00
2252.7500    0.000000000000e+00
2253.0000    0.000000000000e+00
2253.2500    0.000000000000e+00
2253.5000    0.000000000000e+00
2253.7500    0.000000000000e+00
2254.0000    0.000000000000e+00
2254.2500    0.000000000000e+00
2254.5000    0.000000000000e+00
2254.7500    0.000000000000e+00
2255.0000    0.000000000000e+00
2255.2500    0.000000000000e+00
2255.5000    0.000000000000e+00
2255.7500    0.000000000000e+00
2256.0000    0.000000000000e+00
2256.2500    0.000000000000e+00
2256.5000    0.000000000000e+00
2256.7500    0.000000000000e+00
2257.0000    0.000000000000e+00
2257.2500    0.000000000000e+00
2257.5000    0.000000000000e+00
2257.7500    0.000000000000e+00
2258.0000    0.000000000000e+00
2258.2500    0.000000000000e+00
2258.5000    0.000000000000e+00
2258.7500    0.000000000000e+00
2259.0000    0.000000000000e+00
2259.2500    0.000000000000e+00
2259.5000    0.000000000000e+00
2259.7500    0.000000000000e+00
2260.0000    0.000000000000e+00
2260.2500    0.000000000000e+00
2260.5000    0.000000000000e+00
2260.7500    0.000000000000e+00
2261.0000    0.000000000000e+00
2261.2500    0.000000000000e+00
2261.5000    0.000000000000e+00
2261.7500    0.000000000000e+00
2262.0000    0.000000000000e+00
2262.2500    0.000000000000e+00
2262.5000    0.000000000000e+00
2262.7500    0.000000000000e+00
2263.0000    0.000000000000e+00
2263.2500    0.000000000000e+00
2263.5000    0.000000000000e+00
2263.7500    0.000000000000e+00
2264.0000    0.000000000000e+00
2264.2500    0.000000000000e+00
2264.5000    0.000000000000e+00
2264.7500    0.000000000000e+00
2265.0000    0.000000000000e+00
2265.2500    0.000000000000e+00
2265.5000    0.000000000000e+00
2265.7500    0.000000000000e+00
2266.0000    0.000000000000e+00
2266.2500    0.000000000000e+00
2266.5000    0.000000000000e+00
2266.7500    0.000000000000e+00
2267.0000    0.000000000000e+00
2267.2500    0.000000000000e+00
2267.5000    0.000000000000e+00
2267.7500    0.000000000000e+00
2268.0000    0.000000000000e+00
2268.2500    0.000000000000e+00
2268.5000    0.000000000000e+00
2268.7500    0.000000000000e+00
2269.0000    0.000000000000e+00
2269.2500    0.000000000000e+00
2269.5000    0.000000000000e+00
2269.7500    0.000000000000e+00
2270.0000    0.000000000000e+00
2270.2500    0.000000000000e+00
2270.5000    0.000000000000e+00
2270.7500    0.000000000000e+00
2271.0000    0.000000000000e+00
2271.2500    0.000000000000e+00
2271.5000    0.000000000000e+00
2271.7500    0.000000000000e+00
2272.0000    0.000000000000e+00
2272.2500    0.000000000000e+00
2272.5000    0.000000000000e+00
2272.7500    0.000000000000e+00
2273.0000    0.000000000000e+00
2273.2500    0.000000000000e+00
2273.5000    0.000000000000e+00
2273.7500    0.000000000000e+00
2274.0000    0.000000000000e+00
2274.2500    0.000000000000e+00
2274.5000    0.000000000000e+00
2274.7500    0.000000000000e+00
2275.0000    0.000000000000e+00
2275.2500    0.000000000000e+00
2275.5000    0.000000000000e+00
2275.7500    0.000000000000e+00
2276.0000    0.000000000000e+00
2276.2500    0.000000000000e+00
2276.5000    0.000000000000e+00
2276.7500    0.000000000000e+00
2277.0000    0.000000000000e+00
2277.2500    0.000000000000e+00
2277.5000    0.000000000000e+00
2277.7500    0.000000000000e+00
2278.0000    0.000000000000e+00
2278.2500    0.000000000000e+00
2278.5000    0.000000000000e+00
2278.7500    0.000000000000e+00
2279.0000    0.000000000000e+00
2279.2500    0.000000000000e+00
2279.5000    0.000000000000e+00
2279.7500    0.000000000000e+00
2280.0000    0.000000000000e+00
2280.2500    0.000000000000e+00
2280.5000    0.000000000000e+00
2280.7500    0.000000000000e+00
2281.0000    0.000000000000e+00
2281.2500    0.000000000000e+00
2281.5000    0.000000000000e+00
2281.7500    0.000000000000e+00
2282.0000    0.000000000000e+00
2282.2500    0.000000000000e+00
2282.5000    0.000000000000e+00
2282.7500    0.000000000000e+00
2283.0000    0.000000000000e+00
2283.2500    0.000000000000e+00
2283.5000    0.000000000000e+00
2283.7500    0.000000000000e+00
2284.0000    0.000000000000e+00
2284.2500    0.000000000000e+00
2284.5000    0.000000000000e+00
2284.7500    0.000000000000e+00
2285.0000    0.000000000000e+00
2285.2500    0.000000000000e+00
2285.5000    0.000000000000e+00
2285.7500    0.000000000000e+00
2286.0000    0.000000000000e+00
2286.2500    0.000000000000e+00
2286.5000    0.000000000000e+00
2286.7500    0.000000000000e+00
2287.0000    0.000000000000e+00
2287.2500    0.000000000000e+00
2287.5000    0.000000000000e+00
2287.7500    0.000000000000e+00
2288.0000    0.000000000000e+00
2288.2500    0.000000000000e+00
2288.5000    0.000000000000e+00
2288.7500    0.000000000000e+00
2289.0000    0.000000000000e+00
2289.2500    0.000000000000e+00
2289.5000    0.000000000000e+00
2289.7500    0.000000000000e+00
2290.0000    0.000000000000e+00
2290.2500    0.000000000000e+00
2290.5000    0.000000000000e+00
2290.7500    0.000000000000e+00
2291.0000    0.000000000000e+00
2291.2500    0.000000000000e+00
2291.5000    0.000000000000e+00
2291.7500    0.000000000000e+00
2292.0000    0.000000000000e+00
2292.2500    0.000000000000e+00
2292.5000    0.000000000000e+00
2292.7500    0.000000000000e+00
2293.0000    0.000000000000e+00
2293.2500    0.000000000000e+00
2293.5000    0.000000000000e+00
2293.7500    0.000000000000e+00
2294.0000    0.000000000000e+00
2294.2500    0.000000000000e+00
2294.5000    0.000000000000e+00
2294.7500    0.000000000000e+00
2295.0000    0.000000000000e+00
2295.2500    0.000000000000e+00
2295.5000    0.000000000000e+00
2295.7500    0.000000000000e+00
2296.0000    0.000000000000e+00
2296.2500    0.000000000000e+00
2296.5000    0.000000000000e+00
2296.7500    0.000000000000e+00
2297.0000    0.000000000000e+00
2297.2500    0.000000000000e+00
2297.5000    0.000000000000e+00
2297.7500    0.000000000000e+00
2298.0000    0.000000000000e+00
2298.2500    0.000000000000e+00
2298.5000    0.000000000000e+00
2298.7500    0.000000000000e+00
2299.0000    0.000000000000e+00
2299.2500    0.000000000000e+00
2299.5000    0.000000000000e+00
2299.7500    0.000000000000e+00
2300.0000    0.000000000000e+00
2300.2500    0.000000000000e+00
2300.5000    0.000000000000e+00
2300.7500    0.000000000000e+00
2301.0000    0.000000000000e+00
2301.2500    0.000000000000e+00
2301.5000    0.000000000000e+00
2301.7500    0.000000000000e+00
2302.0000    0.000000000000e+00
2302.2500    0.000000000000e+00
2302.5000    0.000000000000e+00
2302.7500    0.000000000000e+00
2303.0000    0.000000000000e+00
2303.2500    0.000000000000e+00
2303.5000    0.000000000000e+00
2303.7500    0.000000000000e+00
2304.0000    0.000000000000e+00
2304.2500    0.000000000000e+00
2304.5000    0.000000000000e+00
2304.7500    0.000000000000e+00
2305.0000    0.000000000000e+00
2305.2500    0.000000000000e+00
2305.5000    0.000000000000e+00
2305.7500    0.000000000000e+00
2306.0000    0.000000000000e+00
2306.2500    0.000000000000e+00
2306.5000    0.000000000000e+00
2306.7500    0.000000000000e+00
2307.0000    0.000000000000e+00
2307.2500    0.000000000000e+00
2307.5000    0.000000000000e+00
2307.7500    0.000000000000e+00
2308.0000    0.000000000000e+00
2308.2500    0.000000000000e+00
2308.5000    0.000000000000e+00
2308.7500    0.000000000000e+00
2309.0000    0.000000000000e+00
2309.2500    0.000000000000e+00
2309.5000    0.000000000000e+00
2309.7500    0.000000000000e+00
2310.0000    0.000000000000e+00
2310.2500    0.000000000000e+00
2310.5000    0.000000000000e+00
2310.7500    0.000000000000e+00
2311.0000    0.000000000000e+00
2311.2500    0.000000000000e+00
2311.5000    0.000000000000e+00
2311.7500    0.000000000000e+00
2312.0000    0.000000000000e+00
2312.2500    0.000000000000e+00
2312.5000    0.000000000000e+00
2312.7500    0.000000000000e+00
2313.0000    0.000000000000e+00
2313.2500    0.000000000000e+00
2313.5000    0.000000000000e+00
2313.7500    0.000000000000e+00
2314.0000    0.000000000000e+00
2314.2500    0.000000000000e+00
2314.5000    0.000000000000e+00
2314.7500    0.000000000000e+00
2315.0000    0.000000000000e+00
2315.2500    0.000000000000e+00
2315.5000    0.000000000000e+00
2315.7500    0.000000000000e+00
2316.0000    0.000000000000e+00
2316.2500    0.000000000000e+00
2316.5000    0.000000000000e+00
2316.7500    0.000000000000e+00
2317.0000    0.000000000000e+00
2317.2500    0.000000000000e+00
2317.5000    0.000000000000e+00
2317.7500    0.000000000000e+00
2318.0000    0.000000000000e+00
2318.2500    0.000000000000e+00
2318.5000    0.000000000000e+00
2318.7500    0.000000000000e+00
2319.0000    0.000000000000e+00
2319.2500    0.000000000000e+00
2319.5000    0.000000000000e+00
2319.7500    0.000000000000e+00
2320.0000    0.000000000000e+00
2320.2500    0.000000000000e+00
2320.5000    0.000000000000e+00
2320.7500    0.000000000000e+00
2321.0000    0.000000000000e+00
2321.2500    0.000000000000e+00
2321.5000    0.000000000000e+00
2321.7500    0.000000000000e+00
2322.0000    0.000000000000e+00
2322.2500    0.000000000000e+00
2322.5000    0.000000000000e+00
2322.7500    0.000000000000e+00
2323.0000    0.000000000000e+00
2323.2500    0.000000000000e+00
2323.5000    0.000000000000e+00
2323.7500    0.000000000000e+00
2324.0000    0.000000000000e+00
2324.2500    0.000000000000e+00
2324.5000    0.000000000000e+00
2324.7500    0.000000000000e+00
2325.0000    0.000000000000e+00
2325.2500    0.000000000000e+00
2325.5000    0.000000000000e+00
2325.7500    0.000000000000e+00
2326.0000    0.000000000000e+00
2326.2500    0.000000000000e+00
2326.5000    0.000000000000e+00
2326.7500    0.000000000000e+00
2327.0000    0.000000000000e+00
2327.2500    0.000000000000e+00
2327.5000    0.000000000000e+00
2327.7500    0.000000000000e+00
2328.0000    0.000000000000e+00
2328.2500    0.000000000000e+00
2328.5000    0.000000000000e+00
2328.7500    0.000000000000e+00
2329.0000    0.000000000000e+00
2329.2500    0.000000000000e+00
2329.5000    0.000000000000e+00
2329.7500    0.000000000000e+00
2330.0000    0.000000000000e+00
2330.2500    0.000000000000e+00
2330.5000    0.000000000000e+00
2330.7500    0.000000000000e+00
2331.0000    0.000000000000e+00
2331.2500    0.000000000000e+00
2331.5000    0.000000000000e+00
2331.7500    0.000000000000e+00
2332.0000    0.000000000000e+00
2332.2500    0.000000000000e+00
2332.5000    0.000000000000e+00
2332.7500    0.000000000000e+00
2333.0000    0.000000000000e+00
2333.2500    0.000000000000e+00
2333.5000    0.000000000000e+00
2333.7500    0.000000000000e+00
2334.0000    0.000000000000e+00
2334.2500    0.000000000000e+00
2334.5000    0.000000000000e+00
2334.7500    0.000000000000e+00
2335.0000    0.000000000000e+00
2335.2500    0.000000000000e+00
2335.5000    0.000000000000e+00
2335.7500    0.000000000000e+00
2336.0000    0.000000000000e+00
2336.2500    0.000000000000e+00
2336.5000    0.000000000000e+00
2336.7500    0.000000000000e+00
2337.0000    0.000000000000e+00
2337.2500    0.000000000000e+00
2337.5000    0.000000000000e+00
2337.7500    0.000000000000e+00
2338.0000    0.000000000000e+00
2338.2500    0.000000000000e+00
2338.5000    0.000000000000e+00
2338.7500    0.000000000000e+00
2339.0000    0.000000000000e+00
2339.2500    0.000000000000e+00
2339.5000    0.000000000000e+00
2339.7500    0.000000000000e+00
2340.0000    0.000000000000e+00
2340.2500    0.000000000000e+00
2340.5000    0.000000000000e+00
2340.7500    0.000000000000e+00
2341.0000    0.000000000000e+00
2341.2500    0.000000000000e+00
2341.5000    0.000000000000e+00
2341.7500    0.000000000000e+00
2342.0000    0.000000000000e+00
2342.2500    0.000000000000e+00
2342.5000    0.000000000000e+00
2342.7500    0.000000000000e+00
2343.0000    0.000000000000e+00
2343.2500    0.000000000000e+00
2343.5000    0.000000000000e+00
2343.7500    0.000000000000e+00
2344.0000    0.000000000000e+00
2344.2500    0.000000000000e+00
2344.5000    0.000000000000e+00
2344.7500    0.000000000000e+00
2345.0000    0.000000000000e+00
2345.2500    0.000000000000e+00
2345.5000    0.000000000000e+00
2345.7500    0.000000000000e+00
2346.0000    0.000000000000e+00
2346.2500    0.000000000000e+00
2346.5000    0.000000000000e+00
2346.7500    0.000000000000e+00
2347.0000    0.000000000000e+00
2347.2500    0.000000000000e+00
2347.5000    0.000000000000e+00
2347.7500    0.000000000000e+00
2348.0000    0.000000000000e+00
2348.2500    0.000000000000e+00
2348.5000    0.000000000000e+00
2348.7500    0.000000000000e+00
2349.0000    0.000000000000e+00
2349.2500    0.000000000000e+00
2349.5000    0.000000000000e+00
2349.7500    0.000000000000e+00
2350.0000    0.000000000000e+00
2350.2500    0.000000000000e+00
2350.5000    0.000000000000e+00
2350.7500    0.000000000000e+00
2351.0000    0.000000000000e+00
2351.2500    0.000000000000e+00
2351.5000    0.000000000000e+00
2351.7500    0.000000000000e+00
2352.0000    0.000000000000e+00
2352.2500    0.000000000000e+00
2352.5000    0.000000000000e+00
2352.7500    0.000000000000e+00
2353.0000    0.000000000000e+00
2353.2500    0.000000000000e+00
2353.5000    0.000000000000e+00
2353.7500    0.000000000000e+00
2354.0000    0.000000000000e+00
2354.2500    0.000000000000e+00
2354.5000    0.000000000000e+00
2354.7500    0.000000000000e+00
2355.0000    0.000000000000e+00
2355.2500    0.000000000000e+00
2355.5000    0.000000000000e+00
2355.7500    0.000000000000e+00
2356.0000    0.000000000000e+00
2356.2500    0.000000000000e+00
2356.5000    0.000000000000e+00
2356.7500    0.000000000000e+00
2357.0000    0.000000000000e+00
2357.2500    0.000000000000e+00
2357.5000    0.000000000000e+00
2357.7500    0.000000000000e+00
2358.0000    0.000000000000e+00
2358.2500    0.000000000000e+00
2358.5000    0.000000000000e+00
2358.7500    0.000000000000e+00
2359.0000    0.000000000000e+00
2359.2500    0.000000000000e+00
2359.5000    0.000000000000e+00
2359.7500    0.000000000000e+00
2360.0000    0.000000000000e+00
2360.2500    0.000000000000e+00
2360.5000    0.000000000000e+00
2360.7500    0.000000000000e+00
2361.0000    0.000000000000e+00
2361.2500    0.000000000000e+00
2361.5000    0.000000000000e+00
2361.7500    0.000000000000e+00
2362.0000    0.000000000000e+00
2362.2500    0.000000000000e+00
2362.5000    0.000000000000e+00
2362.7500    0.000000000000e+00
2363.0000    0.000000000000e+00
2363.2500    0.000000000000e+00
2363.5000    0.000000000000e+00
2363.7500    0.000000000000e+00
2364.0000    0.000000000000e+00
2364.2500    0.000000000000e+00
2364.5000    0.000000000000e+00
2364.7500    0.000000000000e+00
2365.0000    0.000000000000e+00
2365.2500    0.000000000000e+00
2365.5000    0.000000000000e+00
2365.7500    0.000000000000e+00
2366.0000    0.000000000000e+00
2366.2500    0.000000000000e+00
2366.5000    0.000000000000e+00
2366.7500    0.000000000000e+00
2367.0000    0.000000000000e+00
2367.2500    0.000000000000e+00
2367.5000    0.000000000000e+00
2367.7500    0.000000000000e+00
2368.0000    0.000000000000e+00
2368.2500    0.000000000000e+00
2368.5000    0.000000000000e+00
2368.7500    0.000000000000e+00
2369.0000    0.000000000000e+00
2369.2500    0.000000000000e+00
2369.5000    0.000000000000e+00
2369.7500    0.000000000000e+00
2370.0000    0.000000000000e+00
2370.2500    0.000000000000e+00
2370.5000    0.000000000000e+00
2370.7500    0.000000000000e+00
2371.0000    0.000000000000e+00
2371.2500    0.000000000000e+00
2371.5000    0.000000000000e+00
2371.7500    0.000000000000e+00
2372.0000    0.000000000000e+00
2372.2500    0.000000000000e+00
2372.5000    0.000000000000e+00
2372.7500    0.000000000000e+00
2373.0000    0.000000000000e+00
2373.2500    0.000000000000e+00
2373.5000    0.000000000000e+00
2373.7500    0.000000000000e+00
2374.0000    0.000000000000e+00
2374.2500    0.000000000000e+00
2374.5000    0.000000000000e+00
2374.7500    0.000000000000e+00
2375.0000    0.000000000000e+00
2375.2500    0.000000000000e+00
2375.5000    0.000000000000e+00
2375.7500    0.000000000000e+00
2376.0000    0.000000000000e+00
2376.2500    0.000000000000e+00
2376.5000    0.000000000000e+00
2376.7500    0.000000000000e+00
2377.0000    0.000000000000e+00
2377.2500    0.000000000000e+00
2377.5000    0.000000000000e+00
2377.7500    0.000000000000e+00
2378.0000    0.000000000000e+00
2378.2500    0.000000000000e+00
2378.5000    0.000000000000e+00
2378.7500    0.000000000000e+00
2379.0000    0.000000000000e+00
2379.2500    0.000000000000e+00
2379.5000    0.000000000000e+00
2379.7500    0.000000000000e+00
2380.0000    0.000000000000e+00
2380.2500    0.000000000000e+00
2380.5000    0.000000000000e+00
2380.7500    0.000000000000e+00
2381.0000    0.000000000000e+00
2381.2500    0.000000000000e+00
2381.5000    0.000000000000e+00
2381.7500    0.000000000000e+00
2382.0000    0.000000000000e+00
2382.2500    0.000000000000e+00
2382.5000    0.000000000000e+00
2382.7500    0.000000000000e+00
2383.0000    0.000000000000e+00
2383.2500    0.000000000000e+00
2383.5000    0.000000000000e+00
2383.7500    0.000000000000e+00
2384.0000    0.000000000000e+00
2384.2500    0.000000000000e+00
2384.5000    0.000000000000e+00
2384.7500    0.000000000000e+00
2385.0000    0.000000000000e+00
2385.2500    0.000000000000e+00
2385.5000    0.000000000000e+00
2385.7500    0.000000000000e+00
2386.0000    0.000000000000e+00
2386.2500    0.000000000000e+00
2386.5000    0.000000000000e+00
2386.7500    0.000000000000e+00
2387.0000    0.000000000000e+00
2387.2500    0.000000000000e+00
2387.5000    0.000000000000e+00
2387.7500    0.000000000000e+00
2388.0000    0.000000000000e+00
2388.2500    0.000000000000e+00
2388.5000    0.000000000000e+00
2388.7500    0.000000000000e+00
2389.0000    0.000000000000e+00
2389.2500    0.000000000000e+00
2389.5000    0.000000000000e+00
2389.7500    0.000000000000e+00
2390.0000    0.000000000000e+00
2390.2500    0.000000000000e+00
2390.5000    0.000000000000e+00
2390.7500    0.000000000000e+00
2391.0000    0.000000000000e+00
2391.2500    0.000000000000e+00
2391.5000    0.000000000000e+00
2391.7500    0.000000000000e+00
2392.0000    0.000000000000e+00
2392.2500    0.000000000000e+00
2392.5000    0.000000000000e+00
2392.7500    0.000000000000e+00
2393.0000    0.000000000000e+00
2393.2500    0.000000000000e+00
2393.5000    0.000000000000e+00
2393.7500    0.000000000000e+00
2394.0000    0.000000000000e+00
2394.2500    0.000000000000e+00
2394.5000    0.000000000000e+00
2394.7500    0.000000000000e+00
2395.0000    0.000000000000e+00
2395.2500    0.000000000000e+00
2395.5000    0.000000000000e+00
2395.7500    0.000000000000e+00
2396.0000    0.000000000000e+00
2396.2500    0.000000000000e+00
2396.5000    0.000000000000e+00
2396.7500    0.000000000000e+00
2397.0000    0.000000000000e+00
2397.2500    0.000000000000e+00
2397.5000    0.000000000000e+00
2397.7500    0.000000000000e+00
2398.0000    0.000000000000e+00
2398.2500    0.000000000000e+00
2398.5000    0.000000000000e+00
2398.7500    0.000000000000e+00
2399.0000    0.000000000000e+00
2399.2500    0.000000000000e+00
2399.5000    0.000000000000e+00
2399.7500    0.000000000000e+00
2400.0000    0.000000000000e+00
2400.2500    0.000000000000e+00
2400.5000    0.000000000000e+00
2400.7500    0.000000000000e+00
2401.0000    0.000000000000e+00
2401.2500    0.000000000000e+00
2401.5000    0.000000000000e+00
2401.7500    0.000000000000e+00
2402.0000    0.000000000000e+00
2402.2500    0.000000000000e+00
2402.5000    0.000000000000e+00
2402.7500    0.000000000000e+00
2403.0000    0.000000000000e+00
2403.2500    0.000000000000e+00
2403.5000    0.000000000000e+00
2403.7500    0.000000000000e+00
2404.0000    0.000000000000e+00
2404.2500    0.000000000000e+00
2404.5000    0.000000000000e+00
2404.7500    0.000000000000e+00
2405.0000    0.000000000000e+00
2405.2500    0.000000000000e+00
2405.5000    0.000000000000e+00
2405.7500    0.000000000000e+00
2406.0000    0.000000000000e+00
2406.2500    0.000000000000e+00
2406.5000    0.000000000000e+00
2406.7500    0.000000000000e+00
2407.0000    0.000000000000e+00
2407.2500    0.000000000000e+00
2407.5000    0.000000000000e+00
2407.7500    0.000000000000e+00
2408.0000    0.000000000000e+00
2408.2500    0.000000000000e+00
2408.5000    0.000000000000e+00
2408.7500    0.000000000000e+00
2409.0000    0.000000000000e+00
2409.2500    0.000000000000e+00
2409.5000    0.000000000000e+00
2409.7500    0.000000000000e+00
2410.0000    0.000000000000e+00
2410.2500    0.000000000000e+00
2410.5000    0.000000000000e+00
2410.7500    0.000000000000e+00
2411.0000    0.000000000000e+00
2411.2500    0.000000000000e+00
2411.5000    0.000000000000e+00
2411.7500    0.000000000000e+00
2412.0000    0.000000000000e+00
2412.2500    0.000000000000e+00
2412.5000    0.000000000000e+00
2412.7500    0.000000000000e+00
2413.0000    0.000000000000e+00
2413.2500    0.000000000000e+00
2413.5000    0.000000000000e+00
2413.7500    0.000000000000e+00
2414.0000    0.000000000000e+00
2414.2500    0.000000000000e+00
2414.5000    0.000000000000e+00
2414.7500    0.000000000000e+00
2415.0000    0.000000000000e+00
2415.2500    0.000000000000e+00
2415.5000    0.000000000000e+00
2415.7500    0.000000000000e+00
2416.0000    0.000000000000e+00
2416.2500    0.000000000000e+00
2416.5000    0.000000000000e+00
2416.7500    0.000000000000e+00
2417.0000    0.000000000000e+00
2417.2500    0.000000000000e+00
2417.5000    0.000000000000e+00
2417.7500    0.000000000000e+00
2418.0000    0.000000000000e+00
2418.2500    0.000000000000e+00
2418.5000    0.000000000000e+00
2418.7500    0.000000000000e+00
2419.0000    0.000000000000e+00
2419.2500    0.000000000000e+00
2419.5000    0.000000000000e+00
2419.7500    0.000000000000e+00
2420.0000    0.000000000000e+00
2420.2500    0.000000000000e+00
2420.5000    0.000000000000e+00
2420.7500    0.000000000000e+00
2421.0000    0.000000000000e+00
2421.2500    0.000000000000e+00
2421.5000    0.000000000000e+00
2421.7500    0.000000000000e+00
2422.0000    0.000000000000e+00
2422.2500    0.000000000000e+00
2422.5000    0.000000000000e+00
2422.7500    0.000000000000e+00
2423.0000    0.000000000000e+00
2423.2500    0.000000000000e+00
2423.5000    0.000000000000e+00
2423.7500    0.000000000000e+00
2424.0000    0.000000000000e+00
2424.2500    0.000000000000e+00
2424.5000    0.000000000000e+00
2424.7500    0.000000000000e+00
2425.0000    0.000000000000e+00
2425.2500    0.000000000000e+00
2425.5000    0.000000000000e+00
2425.7500    0.000000000000e+00
2426.0000    0.000000000000e+00
2426.2500    0.000000000000e+00
2426.5000    0.000000000000e+00
2426.7500    0.000000000000e+00
2427.0000    0.000000000000e+00
2427.2500    0.000000000000e+00
2427.5000    0.000000000000e+00
2427.7500    0.000000000000e+00
2428.0000    0.000000000000e+00
2428.2500    0.000000000000e+00
2428.5000    0.000000000000e+00
2428.7500    0.000000000000e+00
2429.0000    0.000000000000e+00
2429.2500    0.000000000000e+00
2429.5000    0.000000000000e+00
2429.7500    0.000000000000e+00
2430.0000    0.000000000000e+00
2430.2500    0.000000000000e+00
2430.5000    0.000000000000e+00
2430.7500    0.000000000000e+00
2431.0000    0.000000000000e+00
2431.2500    0.000000000000e+00
2431.5000    0.000000000000e+00
2431.7500    0.000000000000e+00
2432.0000    0.000000000000e+00
2432.2500    0.000000000000e+00
2432.5000    0.000000000000e+00
2432.7500    0.000000000000e+00
2433.0000    0.000000000000e+00
2433.2500    0.000000000000e+00
2433.5000    0.000000000000e+00
2433.7500    0.000000000000e+00
2434.0000    0.000000000000e+00
2434.2500    0.000000000000e+00
2434.5000    0.000000000000e+00
2434.7500    0.000000000000e+00
2435.0000    0.000000000000e+00
2435.2500    0.000000000000e+00
2435.5000    0.000000000000e+00
2435.7500    0.000000000000e+00
2436.0000    0.000000000000e+00
2436.2500    0.000000000000e+00
2436.5000    0.000000000000e+00
2436.7500    0.000000000000e+00
2437.0000    0.000000000000e+00
2437.2500    0.000000000000e+00
2437.5000    0.000000000000e+00
2437.7500    0.000000000000e+00
2438.0000    0.000000000000e+00
2438.2500    0.000000000000e+00
2438.5000    0.000000000000e+00
2438.7500    0.000000000000e+00
2439.0000    0.000000000000e+00
2439.2500    0.000000000000e+00
2439.5000    0.000000000000e+00
2439.7500    0.000000000000e+00
2440.0000    0.000000000000e+00
2440.2500    0.000000000000e+00
2440.5000    0.000000000000e+00
2440.7500    0.000000000000e+00
2441.0000    0.000000000000e+00
2441.2500    0.000000000000e+00
2441.5000    0.000000000000e+00
2441.7500    0.000000000000e+00
2442.0000    0.000000000000e+00
2442.2500    0.000000000000e+00
2442.5000    0.000000000000e+00
2442.7500    0.000000000000e+00
2443.0000    0.000000000000e+00
2443.2500    0.000000000000e+00
2443.5000    0.000000000000e+00
2443.7500    0.000000000000e+00
2444.0000    0.000000000000e+00
2444.2500    0.000000000000e+00
2444.5000    0.000000000000e+00
2444.7500    0.000000000000e+00
2445.0000    0.000000000000e+00
2445.2500    0.000000000000e+00
2445.5000    0.000000000000e+00
2445.7500    0.000000000000e+00
2446.0000    0.000000000000e+00
2446.2500    0.000000000000e+00
2446.5000    0.000000000000e+00
2446.7500    0.000000000000e+00
2447.0000    0.000000000000e+00
2447.2500    0.000000000000e+00
2447.5000    0.000000000000e+00
2447.7500    0.000000000000e+00
2448.0000    0.000000000000e+00
2448.2500    0.000000000000e+00
2448.5000    0.000000000000e+00
2448.7500    0.000000000000e+00
2449.0000    0.000000000000e+00
2449.2500    0.000000000000e+00
2449.5000    0.000000000000e+00
2449.7500    0.000000000000e+00
2450.0000    0.000000000000e+00
2450.2500    0.000000000000e+00
2450.5000    0.000000000000e+00
2450.7500    0.000000000000e+00
2451.0000    0.000000000000e+00
2451.2500    0.000000000000e+00
2451.5000    0.000000000000e+00
2451.7500    0.000000000000e+00
2452.0000    0.000000000000e+00
2452.2500    0.000000000000e+00
2452.5000    0.000000000000e+00
2452.7500    0.000000000000e+00
2453.0000    0.000000000000e+00
2453.2500    0.000000000000e+00
2453.5000    0.000000000000e+00
2453.7500    0.000000000000e+00
2454.0000    0.000000000000e+00
2454.2500    0.000000000000e+00
2454.5000    0.000000000000e+00
2454.7500    0.000000000000e+00
2455.0000    0.000000000000e+00
2455.2500    0.000000000000e+00
2455.5000    0.000000000000e+00
2455.7500    0.000000000000e+00
2456.0000    0.000000000000e+00
2456.2500    0.000000000000e+00
2456.5000    0.000000000000e+00
2456.7500    0.000000000000e+00
2457.0000    0.000000000000e+00
2457.2500    0.000000000000e+00
2457.5000    0.000000000000e+00
2457.7500    0.000000000000e+00
2458.0000    0.000000000000e+00
2458.2500    0.000000000000e+00
2458.5000    0.000000000000e+00
2458.7500    0.000000000000e+00
2459.0000    0.000000000000e+00
2459.2500    0.000000000000e+00
2459.5000    0.000000000000e+00
2459.7500    0.000000000000e+00
2460.0000    0.000000000000e+00
2460.2500    0.000000000000e+00
2460.5000    0.000000000000e+00
2460.7500    0.000000000000e+00
2461.0000    0.000000000000e+00
2461.2500    0.000000000000e+00
2461.5000    0.000000000000e+00
2461.7500    0.000000000000e+00
2462.0000    0.000000000000e+00
2462.2500    0.000000000000e+00
2462.5000    0.000000000000e+00
2462.7500    0.000000000000e+00
2463.0000    0.000000000000e+00
2463.2500    0.000000000000e+00
2463.5000    0.000000000000e+00
2463.7500    0.000000000000e+00
2464.0000    0.000000000000e+00
2464.2500    0.000000000000e+00
2464.5000    0.000000000000e+00
2464.7500    0.000000000000e+00
2465.0000    0.000000000000e+00
2465.2500    0.000000000000e+00
2465.5000    0.000000000000e+00
2465.7500    0.000000000000e+00
2466.0000    0.000000000000e+00
2466.2500    0.000000000000e+00
2466.5000    0.000000000000e+00
2466.7500    0.000000000000e+00
2467.0000    0.000000000000e+00
2467.2500    0.000000000000e+00
2467.5000    0.000000000000e+00
2467.7500    0.000000000000e+00
2468.0000    0.000000000000e+00
2468.2500    0.000000000000e+00
2468.5000    0.000000000000e+00
2468.7500    0.000000000000e+00
2469.0000    0.000000000000e+00
2469.2500    0.000000000000e+00
2469.5000    0.000000000000e+00
2469.7500    0.000000000000e+00
2470.0000    0.000000000000e+00
2470.2500    0.000000000000e+00
2470.5000    0.000000000000e+00
2470.7500    0.000000000000e+00
2471.0000    0.000000000000e+00
2471.2500    0.000000000000e+00
2471.5000    0.000000000000e+00
2471.7500    0.000000000000e+00
2472.0000    0.000000000000e+00
2472.2500    0.000000000000e+00
2472.5000    0.000000000000e+00
2472.7500    0.000000000000e+00
2473.0000    0.000000000000e+00
2473.2500    0.000000000000e+00
2473.5000    0.000000000000e+00
2473.7500    0.000000000000e+00
2474.0000    0.000000000000e+00
2474.2500    0.000000000000e+00
2474.5000    0.000000000000e+00
2474.7500    0.000000000000e+00
2475.0000    0.000000000000e+00
2475.2500    0.000000000000e+00
2475.5000    0.000000000000e+00
2475.7500    0.000000000000e+00
2476.0000    0.000000000000e+00
2476.2500    0.000000000000e+00
2476.5000    0.000000000000e+00
2476.7500    0.000000000000e+00
2477.0000    0.000000000000e+00
2477.2500    0.000000000000e+00
2477.5000    0.000000000000e+00
2477.7500    0.000000000000e+00
2478.0000    0.000000000000e+00
2478.2500    0.000000000000e+00
2478.5000    0.000000000000e+00
2478.7500    0.000000000000e+00
2479.0000    0.000000000000e+00
2479.2500    0.000000000000e+00
2479.5000    0.000000000000e+00
2479.7500    0.000000000000e+00
2480.0000    0.000000000000e+00
2480.2500    0.000000000000e+00
2480.5000    0.000000000000e+00
2480.7500    0.000000000000e+00
2481.0000    0.000000000000e+00
2481.2500    0.000000000000e+00
2481.5000    0.000000000000e+00
2481.7500    0.000000000000e+00
2482.0000    0.000000000000e+00
2482.2500    0.000000000000e+00
2482.5000    0.000000000000e+00
2482.7500    0.000000000000e+00
2483.0000    0.000000000000e+00
2483.2500    0.000000000000e+00
2483.5000    0.000000000000e+00
2483.7500    0.000000000000e+00
2484.0000    0.000000000000e+00
2484.2500    0.000000000000e+00
2484.5000    0.000000000000e+00
2484.7500    0.000000000000e+00
2485.0000    0.000000000000e+00
2485.2500    0.000000000000e+00
2485.5000    0.000000000000e+00
2485.7500    0.000000000000e+00
2486.0000    0.000000000000e+00
2486.2500    0.000000000000e+00
2486.5000    0.000000000000e+00
2486.7500    0.000000000000e+00
2487.0000    0.000000000000e+00
2487.2500    0.000000000000e+00
2487.5000    0.000000000000e+00
2487.7500    0.000000000000e+00
2488.0000    0.000000000000e+00
2488.2500    0.000000000000e+00
2488.5000    0.000000000000e+00
2488.7500    0.000000000000e+00
2489.0000    0.000000000000e+00
2489.2500    0.000000000000e+00
2489.5000    0.000000000000e+00
2489.7500    0.000000000000e+00
2490.0000    0.000000000000e+00
2490.2500    0.000000000000e+00
2490.5000    0.000000000000e+00
2490.7500    0.000000000000e+00
2491.0000    0.000000000000e+00
2491.2500    0.000000000000e+00
2491.5000    0.000000000000e+00
2491.7500    0.000000000000e+00
2492.0000    0.000000000000e+00
2492.2500    0.000000000000e+00
2492.5000    0.000000000000e+00
2492.7500    0.000000000000e+00
2493.0000    0.000000000000e+00
2493.2500    0.000000000000e+00
2493.5000    0.000000000000e+00
2493.7500    0.000000000000e+00
2494.0000    0.000000000000e+00
2494.2500    0.000000000000e+00
2494.5000    0.000000000000e+00
2494.7500    0.000000000000e+00
2495.0000    0.000000000000e+00
2495.2500    0.000000000000e+00
2495.5000    0.000000000000e+00
2495.7500    0.000000000000e+00
2496.0000    0.000000000000e+00
2496.2500    0.000000000000e+00
2496.5000    0.000000000000e+00
2496.7500    0.000000000000e+00
2497.0000    0.000000000000e+00
2497.2500    0.000000000000e+00
2497.5000    0.000000000000e+00
2497.7500    0.000000000000e+00
2498.0000    0.000000000000e+00
2498.2500    0.000000000000e+00
2498.5000    0.000000000000e+00
2498.7500    0.000000000000e+00
2499.0000    0.000000000000e+00
2499.2500    0.000000000000e+00
2499.5000    0.000000000000e+00
2499.7500    0.000000000000e+00
2500.0000    0.000000000000e+00
2500.2500    0.000000000000e+00
2500.5000    0.000000000000e+00
2500.7500    0.000000000000e+00
2501.0000    0.000000000000e+00
2501.2500    0.000000000000e+00
2501.5000    0.000000000000e+00
2501.7500    0.000000000000e+00
2502.0000    0.000000000000e+00
2502.2500    0.000000000000e+00
2502.5000    0.000000000000e+00
2502.7500    0.000000000000e+00
2503.0000    0.000000000000e+00
2503.2500    0.000000000000e+00
2503.5000    0.000000000000e+00
2503.7500    0.000000000000e+00
2504.0000    0.000000000000e+00
2504.2500    0.000000000000e+00
2504.5000    0.000000000000e+00
2504.7500    0.000000000000e+00
2505.0000    0.000000000000e+00
2505.2500    0.000000000000e+00
2505.5000    0.000000000000e+00
2505.7500    0.000000000000e+00
2506.0000    0.000000000000e+00
2506.2500    0.000000000000e+00
2506.5000    0.000000000000e+00
2506.7500    0.000000000000e+00
2507.0000    0.000000000000e+00
2507.2500    0.000000000000e+00
2507.5000    0.000000000000e+00
2507.7500    0.000000000000e+00
2508.0000    0.000000000000e+00
2508.2500    0.000000000000e+00
2508.5000    0.000000000000e+00
2508.7500    0.000000000000e+00
2509.0000    0.000000000000e+00
2509.2500    0.000000000000e+00
2509.5000    0.000000000000e+00
2509.7500    0.000000000000e+00
2510.0000    0.000000000000e+00
2510.2500    0.000000000000e+00
2510.5000    0.000000000000e+00
2510.7500    0.000000000000e+00
2511.0000    0.000000000000e+00
2511.2500    0.000000000000e+00
2511.5000    0.000000000000e+00
2511.7500    0.000000000000e+00
2512.0000    0.000000000000e+00
2512.2500    0.000000000000e+00
2512.5000    0.000000000000e+00
2512.7500    0.000000000000e+00
2513.0000    0.000000000000e+00
2513.2500    0.000000000000e+00
2513.5000    0.000000000000e+00
2513.7500    0.000000000000e+00
2514.0000    0.000000000000e+00
2514.2500    0.000000000000e+00
2514.5000    0.000000000000e+00
2514.7500    0.000000000000e+00
2515.0000    0.000000000000e+00
2515.2500    0.000000000000e+00
2515.5000    0.000000000000e+00
2515.7500    0.000000000000e+00
2516.0000    0.000000000000e+00
2516.2500    0.000000000000e+00
2516.5000    0.000000000000e+00
2516.7500    0.000000000000e+00
2517.0000    0.000000000000e+00
2517.2500    0.000000000000e+00
2517.5000    0.000000000000e+00
2517.7500    0.000000000000e+00
2518.0000    0.000000000000e+00
2518.2500    0.000000000000e+00
2518.5000    0.000000000000e+00
2518.7500    0.000000000000e+00
2519.0000    0.000000000000e+00
2519.2500    0.000000000000e+00
2519.5000    0.000000000000e+00
2519.7500    0.000000000000e+00
2520.0000    0.000000000000e+00
2520.2500    0.000000000000e+00
2520.5000    0.000000000000e+00
2520.7500    0.000000000000e+00
2521.0000    0.000000000000e+00
2521.2500    0.000000000000e+00
2521.5000    0.000000000000e+00
2521.7500    0.000000000000e+00
2522.0000    0.000000000000e+00
2522.2500    0.000000000000e+00
2522.5000    0.000000000000e+00
2522.7500    0.000000000000e+00
2523.0000    0.000000000000e+00
2523.2500    0.000000000000e+00
2523.5000    0.000000000000e+00
2523.7500    0.000000000000e+00
2524.0000    0.000000000000e+00
2524.2500    0.000000000000e+00
2524.5000    0.000000000000e+00
2524.7500    0.000000000000e+00
2525.0000    0.000000000000e+00
2525.2500    0.000000000000e+00
2525.5000    0.000000000000e+00
2525.7500    0.000000000000e+00
2526.0000    0.000000000000e+00
2526.2500    0.000000000000e+00
2526.5000    0.000000000000e+00
2526.7500    0.000000000000e+00
2527.0000    0.000000000000e+00
2527.2500    0.000000000000e+00
2527.5000    0.000000000000e+00
2527.7500    0.000000000000e+00
2528.0000    0.000000000000e+00
2528.2500    0.000000000000e+00
2528.5000    0.000000000000e+00
2528.7500    0.000000000000e+00
2529.0000    0.000000000000e+00
2529.2500    0.000000000000e+00
2529.5000    0.000000000000e+00
2529.7500    0.000000000000e+00
2530.0000    0.000000000000e+00
2530.2500    0.000000000000e+00
2530.5000    0.000000000000e+00
2530.7500    0.000000000000e+00
2531.0000    0.000000000000e+00
2531.2500    0.000000000000e+00
2531.5000    0.000000000000e+00
2531.7500    0.000000000000e+00
2532.0000    0.000000000000e+00
2532.2500    0.000000000000e+00
2532.5000    0.000000000000e+00
2532.7500    0.000000000000e+00
2533.0000    0.000000000000e+00
2533.2500    0.000000000000e+00
2533.5000    0.000000000000e+00
2533.7500    0.000000000000e+00
2534.0000    0.000000000000e+00
2534.2500    0.000000000000e+00
2534.5000    0.000000000000e+00
2534.7500    0.000000000000e+00
2535.0000    0.000000000000e+00
2535.2500    0.000000000000e+00
2535.5000    0.000000000000e+00
2535.7500    0.000000000000e+00
2536.0000    0.000000000000e+00
2536.2500    0.000000000000e+00
2536.5000    0.000000000000e+00
2536.7500    0.000000000000e+00
2537.0000    0.000000000000e+00
2537.2500    0.000000000000e+00
2537.5000    0.000000000000e+00
2537.7500    0.000000000000e+00
2538.0000    0.000000000000e+00
2538.2500    0.000000000000e+00
2538.5000    0.000000000000e+00
2538.7500    0.000000000000e+00
2539.0000    0.000000000000e+00
2539.2500    0.000000000000e+00
2539.5000    0.000000000000e+00
2539.7500    0.000000000000e+00
2540.0000    0.000000000000e+00
2540.2500    0.000000000000e+00
2540.5000    0.000000000000e+00
2540.7500    0.000000000000e+00
2541.0000    0.000000000000e+00
2541.2500    0.000000000000e+00
2541.5000    0.000000000000e+00
2541.7500    0.000000000000e+00
2542.0000    0.000000000000e+00
2542.2500    0.000000000000e+00
2542.5000    0.000000000000e+00
2542.7500    0.000000000000e+00
2543.0000    0.000000000000e+00
2543.2500    0.000000000000e+00
2543.5000    0.000000000000e+00
2543.7500    0.000000000000e+00
2544.0000    0.000000000000e+00
2544.2500    0.000000000000e+00
2544.5000    0.000000000000e+00
2544.7500    0.000000000000e+00
2545.0000    0.000000000000e+00
2545.2500    0.000000000000e+00
2545.5000    0.000000000000e+00
2545.7500    0.000000000000e+00
2546.0000    0.000000000000e+00
2546.2500    0.000000000000e+00
2546.5000    0.000000000000e+00
2546.7500    0.000000000000e+00
2547.0000    0.000000000000e+00
2547.2500    0.000000000000e+00
2547.5000    0.000000000000e+00
2547.7500    0.000000000000e+00
2548.0000    0.000000000000e+00
2548.2500    0.000000000000e+00
2548.5000    0.000000000000e+00
2548.7500    0.000000000000e+00
2549.0000    0.000000000000e+00
2549.2500    0.000000000000e+00
2549.5000    0.000000000000e+00
2549.7500    0.000000000000e+00
2550.0000    0.000000000000e+00
2550.2500    0.000000000000e+00
2550.5000    0.000000000000e+00
2550.7500    0.000000000000e+00
2551.0000    0.000000000000e+00
2551.2500    0.000000000000e+00
2551.5000    0.000000000000e+00
2551.7500    0.000000000000e+00
2552.0000    0.000000000000e+00
2552.2500    0.000000000000e+00
2552.5000    0.000000000000e+00
2552.7500    0.000000000000e+00
2553.0000    0.000000000000e+00
2553.2500    0.000000000000e+00
2553.5000    0.000000000000e+00
2553.7500    0.000000000000e+00
2554.0000    0.000000000000e+00
2554.2500    0.000000000000e+00
2554.5000    0.000000000000e+00
2554.7500    0.000000000000e+00
2555.0000    0.000000000000e+00
2555.2500    0.000000000000e+00
2555.5000    0.000000000000e+00
2555.7500    0.000000000000e+00
2556.0000    0.000000000000e+00
2556.2500    0.000000000000e+00
2556.5000    0.000000000000e+00
2556.7500    0.000000000000e+00
2557.0000    0.000000000000e+00
2557.2500    0.000000000000e+00
2557.5000    0.000000000000e+00
2557.7500    0.000000000000e+00
2558.0000    0.000000000000e+00
2558.2500    0.000000000000e+00
2558.5000    0.000000000000e+00
2558.7500    0.000000000000e+00
2559.0000    0.000000000000e+00
2559.2500    0.000000000000e+00
2559.5000    0.000000000000e+00
2559.7500    0.000000000000e+00
2560.0000    0.000000000000e+00
2560.2500    0.000000000000e+00
2560.5000    0.000000000000e+00
2560.7500    0.000000000000e+00
2561.0000    0.000000000000e+00
2561.2500    0.000000000000e+00
2561.5000    0.000000000000e+00
2561.7500    0.000000000000e+00
2562.0000    0.000000000000e+00
2562.2500    0.000000000000e+00
2562.5000    0.000000000000e+00
2562.7500    0.000000000000e+00
2563.0000    0.000000000000e+00
2563.2500    0.000000000000e+00
2563.5000    0.000000000000e+00
2563.7500    0.000000000000e+00
2564.0000    0.000000000000e+00
2564.2500    0.000000000000e+00
2564.5000    0.000000000000e+00
2564.7500    0.000000000000e+00
2565.0000    0.000000000000e+00
2565.2500    0.000000000000e+00
2565.5000    0.000000000000e+00
2565.7500    0.000000000000e+00
2566.0000    0.000000000000e+00
2566.2500    0.000000000000e+00
2566.5000    0.000000000000e+00
2566.7500    0.000000000000e+00
2567.0000    0.000000000000e+00
2567.2500    0.000000000000e+00
2567.5000    0.000000000000e+00
2567.7500    0.000000000000e+00
2568.0000    0.000000000000e+00
2568.2500    0.000000000000e+00
2568.5000    0.000000000000e+00
2568.7500    0.000000000000e+00
2569.0000    0.000000000000e+00
2569.2500    0.000000000000e+00
2569.5000    0.000000000000e+00
2569.7500    0.000000000000e+00
2570.0000    0.000000000000e+00
2570.2500    0.000000000000e+00
2570.5000    0.000000000000e+00
2570.7500    0.000000000000e+00
2571.0000    0.000000000000e+00
2571.2500    0.000000000000e+00
2571.5000    0.000000000000e+00
2571.7500    0.000000000000e+00
2572.0000    0.000000000000e+00
2572.2500    0.000000000000e+00
2572.5000    0.000000000000e+00
2572.7500    0.000000000000e+00
2573.0000    0.000000000000e+00
2573.2500    0.000000000000e+00
2573.5000    0.000000000000e+00
2573.7500    0.000000000000e+00
2574.0000    0.000000000000e+00
2574.2500    0.000000000000e+00
2574.5000    0.000000000000e+00
2574.7500    0.000000000000e+00
2575.0000    0.000000000000e+00
2575.2500    0.000000000000e+00
2575.5000    0.000000000000e+00
2575.7500    0.000000000000e+00
2576.0000    0.000000000000e+00
2576.2500    0.000000000000e+00
2576.5000    0.000000000000e+00
2576.7500    0.000000000000e+00
2577.0000    0.000000000000e+00
2577.2500    0.000000000000e+00
2577.5000    0.000000000000e+00
2577.7500    0.000000000000e+00
2578.0000    0.000000000000e+00
2578.2500    0.000000000000e+00
2578.5000    0.000000000000e+00
2578.7500    0.000000000000e+00
2579.0000    0.000000000000e+00
2579.2500    0.000000000000e+00
2579.5000    0.000000000000e+00
2579.7500    0.000000000000e+00
2580.0000    0.000000000000e+00
2580.2500    0.000000000000e+00
2580.5000    0.000000000000e+00
2580.7500    0.000000000000e+00
2581.0000    0.000000000000e+00
2581.2500    0.000000000000e+00
2581.5000    0.000000000000e+00
2581.7500    0.000000000000e+00
2582.0000    0.000000000000e+00
2582.2500    0.000000000000e+00
2582.5000    0.000000000000e+00
2582.7500    0.000000000000e+00
2583.0000    0.000000000000e+00
2583.2500    0.000000000000e+00
2583.5000    0.000000000000e+00
2583.7500    0.000000000000e+00
2584.0000    0.000000000000e+00
2584.2500    0.000000000000e+00
2584.5000    0.000000000000e+00
2584.7500    0.000000000000e+00
2585.0000    0.000000000000e+00
2585.2500    0.000000000000e+00
2585.5000    0.000000000000e+00
2585.7500    0.000000000000e+00
2586.0000    0.000000000000e+00
2586.2500    0.000000000000e+00
2586.5000    0.000000000000e+00
2586.7500    0.000000000000e+00
2587.0000    0.000000000000e+00
2587.2500    0.000000000000e+00
2587.5000    0.000000000000e+00
2587.7500    0.000000000000e+00
2588.0000    0.000000000000e+00
2588.2500    0.000000000000e+00
2588.5000    0.000000000000e+00
2588.7500    0.000000000000e+00
2589.0000    0.000000000000e+00
2589.2500    0.000000000000e+00
2589.5000    0.000000000000e+00
2589.7500    0.000000000000e+00
2590.0000    0.000000000000e+00
2590.2500    0.000000000000e+00
2590.5000    0.000000000000e+00
2590.7500    0.000000000000e+00
2591.0000    0.000000000000e+00
2591.2500    0.000000000000e+00
2591.5000    0.000000000000e+00
2591.7500    0.000000000000e+00
2592.0000    0.000000000000e+00
2592.2500    0.000000000000e+00
2592.5000    0.000000000000e+00
2592.7500    0.000000000000e+00
2593.0000    0.000000000000e+00
2593.2500    0.000000000000e+00
2593.5000    0.000000000000e+00
2593.7500    0.000000000000e+00
2594.0000    0.000000000000e+00
2594.2500    0.000000000000e+00
2594.5000    0.000000000000e+00
2594.7500    0.000000000000e+00
2595.0000    0.000000000000e+00
2595.2500    0.000000000000e+00
2595.5000    0.000000000000e+00
2595.7500    0.000000000000e+00
2596.0000    0.000000000000e+00
2596.2500    0.000000000000e+00
2596.5000    0.000000000000e+00
2596.7500    0.000000000000e+00
2597.0000    0.000000000000e+00
2597.2500    0.000000000000e+00
2597.5000    0.000000000000e+00
2597.7500    0.000000000000e+00
2598.0000    0.000000000000e+00
2598.2500    0.000000000000e+00
2598.5000    0.000000000000e+00
2598.7500    0.000000000000e+00
2599.0000    0.000000000000e+00
2599.2500    0.000000000000e+00
2599.5000    0.000000000000e+00
2599.7500    0.000000000000e+00
2600.0000    0.000000000000e+00
2600.2500    0.000000000000e+00
2600.5000    0.000000000000e+00
2600.7500    0.000000000000e+00
2601.0000    0.000000000000e+00
2601.2500    0.000000000000e+00
2601.5000    0.000000000000e+00
2601.7500    0.000000000000e+00
2602.0000    0.000000000000e+00
2602.2500    0.000000000000e+00
2602.5000    0.000000000000e+00
2602.7500    0.000000000000e+00
2603.0000    0.000000000000e+00
2603.2500    0.000000000000e+00
2603.5000    0.000000000000e+00
2603.7500    0.000000000000e+00
2604.0000    0.000000000000e+00
2604.2500    0.000000000000e+00
2604.5000    0.000000000000e+00
2604.7500    0.000000000000e+00
2605.0000    0.000000000000e+00
2605.2500    0.000000000000e+00
2605.5000    0.000000000000e+00
2605.7500    0.000000000000e+00
2606.0000    0.000000000000e+00
2606.2500    0.000000000000e+00
2606.5000    0.000000000000e+00
2606.7500    0.000000000000e+00
2607.0000    0.000000000000e+00
2607.2500    0.000000000000e+00
2607.5000    0.000000000000e+00
2607.7500    0.000000000000e+00
2608.0000    0.000000000000e+00
2608.2500    0.000000000000e+00
2608.5000    0.000000000000e+00
2608.7500    0.000000000000e+00
2609.0000    0.000000000000e+00
2609.2500    0.000000000000e+00
2609.5000    0.000000000000e+00
2609.7500    0.000000000000e+00
2610.0000    0.000000000000e+00
2610.2500    0.000000000000e+00
2610.5000    0.000000000000e+00
2610.7500    0.000000000000e+00
2611.0000    0.000000000000e+00
2611.2500    0.000000000000e+00
2611.5000    0.000000000000e+00
2611.7500    0.000000000000e+00
2612.0000    0.000000000000e+00
2612.2500    0.000000000000e+00
2612.5000    0.000000000000e+00
2612.7500    0.000000000000e+00
2613.0000    0.000000000000e+00
2613.2500    0.000000000000e+00
2613.5000    0.000000000000e+00
2613.7500    0.000000000000e+00
2614.0000    0.000000000000e+00
2614.2500    0.000000000000e+00
2614.5000    0.000000000000e+00
2614.7500    0.000000000000e+00
2615.0000    0.000000000000e+00
2615.2500    0.000000000000e+00
2615.5000    0.000000000000e+00
2615.7500    0.000000000000e+00
2616.0000    0.000000000000e+00
2616.2500    0.000000000000e+00
2616.5000    0.000000000000e+00
2616.7500    0.000000000000e+00
2617.0000    0.000000000000e+00
2617.2500    0.000000000000e+00
2617.5000    0.000000000000e+00
2617.7500    0.000000000000e+00
2618.0000    0.000000000000e+00
2618.2500    0.000000000000e+00
2618.5000    0.000000000000e+00
2618.7500    0.000000000000e+00
2619.0000    0.000000000000e+00
2619.2500    0.000000000000e+00
2619.5000    0.000000000000e+00
2619.7500    0.000000000000e+00
2620.0000    0.000000000000e+00
2620.2500    0.000000000000e+00
2620.5000    0.000000000000e+00
2620.7500    0.000000000000e+00
2621.0000    0.000000000000e+00
2621.2500    0.000000000000e+00
2621.5000    0.000000000000e+00
2621.7500    0.000000000000e+00
2622.0000    0.000000000000e+00
2622.2500    0.000000000000e+00
2622.5000    0.000000000000e+00
2622.7500    0.000000000000e+00
2623.0000    0.000000000000e+00
2623.2500    0.000000000000e+00
2623.5000    0.000000000000e+00
2623.7500    0.000000000000e+00
2624.0000    0.000000000000e+00
2624.2500    0.000000000000e+00
2624.5000    0.000000000000e+00
2624.7500    0.000000000000e+00
2625.0000    0.000000000000e+00
2625.2500    0.000000000000e+00
2625.5000    0.000000000000e+00
2625.7500    0.000000000000e+00
2626.0000    0.000000000000e+00
2626.2500    0.000000000000e+00
2626.5000    0.000000000000e+00
2626.7500    0.000000000000e+00
2627.0000    0.000000000000e+00
2627.2500    0.000000000000e+00
2627.5000    0.000000000000e+00
2627.7500    0.000000000000e+00
2628.0000    0.000000000000e+00
2628.2500    0.000000000000e+00
2628.5000    0.000000000000e+00
2628.7500    0.000000000000e+00
2629.0000    0.000000000000e+00
2629.2500    0.000000000000e+00
2629.5000    0.000000000000e+00
2629.7500    0.000000000000e+00
2630.0000    0.000000000000e+00
2630.2500    0.000000000000e+00
2630.5000    0.000000000000e+00
2630.7500    0.000000000000e+00
2631.0000    0.000000000000e+00
2631.2500    0.000000000000e+00
2631.5000    0.000000000000e+00
2631.7500    0.000000000000e+00
2632.0000    0.000000000000e+00
2632.2500    0.000000000000e+00
2632.5000    0.000000000000e+00
2632.7500    0.000000000000e+00
2633.0000    0.000000000000e+00
2633.2500    0.000000000000e+00
2633.5000    0.000000000000e+00
2633.7500    0.000000000000e+00
2634.0000    0.000000000000e+00
2634.2500    0.000000000000e+00
2634.5000    0.000000000000e+00
2634.7500    0.000000000000e+00
2635.0000    0.000000000000e+00
2635.2500    0.000000000000e+00
2635.5000    0.000000000000e+00
2635.7500    0.000000000000e+00
2636.0000    0.000000000000e+00
2636.2500    0.000000000000e+00
2636.5000    0.000000000000e+00
2636.7500    0.000000000000e+00
2637.0000    0.000000000000e+00
2637.2500    0.000000000000e+00
2637.5000    0.000000000000e+00
2637.7500    0.000000000000e+00
2638.0000    0.000000000000e+00
2638.2500    0.000000000000e+00
2638.5000    0.000000000000e+00
2638.7500    0.000000000000e+00
2639.0000    0.000000000000e+00
2639.2500    0.000000000000e+00
2639.5000    0.000000000000e+00
2639.7500    0.000000000000e+00
2640.0000    0.000000000000e+00
2640.2500    0.000000000000e+00
2640.5000    0.000000000000e+00
2640.7500    0.000000000000e+00
2641.0000    0.000000000000e+00
2641.2500    0.000000000000e+00
2641.5000    0.000000000000e+00
2641.7500    0.000000000000e+00
2642.0000    0.000000000000e+00
2642.2500    0.000000000000e+00
2642.5000    0.000000000000e+00
2642.7500    0.000000000000e+00
2643.0000    0.000000000000e+00
2643.2500    0.000000000000e+00
2643.5000    0.000000000000e+00
2643.7500    0.000000000000e+00
2644.0000    0.000000000000e+00
2644.2500    0.000000000000e+00
2644.5000    0.000000000000e+00
2644.7500    0.000000000000e+00
2645.0000    0.000000000000e+00
2645.2500    0.000000000000e+00
2645.5000    0.000000000000e+00
2645.7500    0.000000000000e+00
2646.0000    0.000000000000e+00
2646.2500    0.000000000000e+00
2646.5000    0.000000000000e+00
2646.7500    0.000000000000e+00
2647.0000    0.000000000000e+00
2647.2500    0.000000000000e+00
2647.5000    0.000000000000e+00
2647.7500    0.000000000000e+00
2648.0000    0.000000000000e+00
2648.2500    0.000000000000e+00
2648.5000    0.000000000000e+00
2648.7500    0.000000000000e+00
2649.0000    0.000000000000e+00
2649.2500    0.000000000000e+00
2649.5000    0.000000000000e+00
2649.7500    0.000000000000e+00
2650.0000    0.000000000000e+00
2650.2500    0.000000000000e+00
2650.5000    0.000000000000e+00
2650.7500    0.000000000000e+00
2651.0000    0.000000000000e+00
2651.2500    0.000000000000e+00
2651.5000    0.000000000000e+00
2651.7500    0.000000000000e+00
2652.0000    0.000000000000e+00
2652.2500    0.000000000000e+00
2652.5000    0.000000000000e+00
2652.7500    0.000000000000e+00
2653.0000    0.000000000000e+00
2653.2500    0.000000000000e+00
2653.5000    0.000000000000e+00
2653.7500    0.000000000000e+00
2654.0000    0.000000000000e+00
2654.2500    0.000000000000e+00
2654.5000    0.000000000000e+00
2654.7500    0.000000000000e+00
2655.0000    0.000000000000e+00
2655.2500    0.000000000000e+00
2655.5000    0.000000000000e+00
2655.7500    0.000000000000e+00
2656.0000    0.000000000000e+00
2656.2500    0.000000000000e+00
2656.5000    0.000000000000e+00
2656.7500    0.000000000000e+00
2657.0000    0.000000000000e+00
2657.2500    0.000000000000e+00
2657.5000    0.000000000000e+00
2657.7500    0.000000000000e+00
2658.0000    0.000000000000e+00
2658.2500    0.000000000000e+00
2658.5000    0.000000000000e+00
2658.7500    0.000000000000e+00
2659.0000    0.000000000000e+00
2659.2500    0.000000000000e+00
2659.5000    0.000000000000e+00
2659.7500    0.000000000000e+00
2660.0000    0.000000000000e+00
2660.2500    0.000000000000e+00
2660.5000    0.000000000000e+00
2660.7500    0.000000000000e+00
2661.0000    0.000000000000e+00
2661.2500    0.000000000000e+00
2661.5000    0.000000000000e+00
2661.7500    0.000000000000e+00
2662.0000    0.000000000000e+00
2662.2500    0.000000000000e+00
2662.5000    0.000000000000e+00
2662.7500    0.000000000000e+00
2663.0000    0.000000000000e+00
2663.2500    0.000000000000e+00
2663.5000    0.000000000000e+00
2663.7500    0.000000000000e+00
2664.0000    0.000000000000e+00
2664.2500    0.000000000000e+00
2664.5000    0.000000000000e+00
2664.7500    0.000000000000e+00
2665.0000    0.000000000000e+00
2665.2500    0.000000000000e+00
2665.5000    0.000000000000e+00
2665.7500    0.000000000000e+00
2666.0000    0.000000000000e+00
2666.2500    0.000000000000e+00
2666.5000    0.000000000000e+00
2666.7500    0.000000000000e+00
2667.0000    0.000000000000e+00
2667.2500    0.000000000000e+00
2667.5000    0.000000000000e+00
2667.7500    0.000000000000e+00
2668.0000    0.000000000000e+00
2668.2500    0.000000000000e+00
2668.5000    0.000000000000e+00
2668.7500    0.000000000000e+00
2669.0000    0.000000000000e+00
2669.2500    0.000000000000e+00
2669.5000    0.000000000000e+00
2669.7500    0.000000000000e+00
2670.0000    0.000000000000e+00
2670.2500    0.000000000000e+00
2670.5000    0.000000000000e+00
2670.7500    0.000000000000e+00
2671.0000    0.000000000000e+00
2671.2500    0.000000000000e+00
2671.5000    0.000000000000e+00
2671.7500    0.000000000000e+00
2672.0000    0.000000000000e+00
2672.2500    0.000000000000e+00
2672.5000    0.000000000000e+00
2672.7500    0.000000000000e+00
2673.0000    0.000000000000e+00
2673.2500    0.000000000000e+00
2673.5000    0.000000000000e+00
2673.7500    0.000000000000e+00
2674.0000    0.000000000000e+00
2674.2500    0.000000000000e+00
2674.5000    0.000000000000e+00
2674.7500    0.000000000000e+00
2675.0000    0.000000000000e+00
2675.2500    0.000000000000e+00
2675.5000    0.000000000000e+00
2675.7500    0.000000000000e+00
2676.0000    0.000000000000e+00
2676.2500    0.000000000000e+00
2676.5000    0.000000000000e+00
2676.7500    0.000000000000e+00
2677.0000    0.000000000000e+00
2677.2500    0.000000000000e+00
2677.5000    0.000000000000e+00
2677.7500    0.000000000000e+00
2678.0000    0.000000000000e+00
2678.2500    0.000000000000e+00
2678.5000    0.000000000000e+00
2678.7500    0.000000000000e+00
2679.0000    0.000000000000e+00
2679.2500    0.000000000000e+00
2679.5000    0.000000000000e+00
2679.7500    0.000000000000e+00
2680.0000    0.000000000000e+00
2680.2500    0.000000000000e+00
2680.5000    0.000000000000e+00
2680.7500    0.000000000000e+00
2681.0000    0.000000000000e+00
2681.2500    0.000000000000e+00
2681.5000    0.000000000000e+00
2681.7500    0.000000000000e+00
2682.0000    0.000000000000e+00
2682.2500    0.000000000000e+00
2682.5000    0.000000000000e+00
2682.7500    0.000000000000e+00
2683.0000    0.000000000000e+00
2683.2500    0.000000000000e+00
2683.5000    0.000000000000e+00
2683.7500    0.000000000000e+00
2684.0000    0.000000000000e+00
2684.2500    0.000000000000e+00
2684.5000    0.000000000000e+00
2684.7500    0.000000000000e+00
2685.0000    0.000000000000e+00
2685.2500    0.000000000000e+00
2685.5000    0.000000000000e+00
2685.7500    0.000000000000e+00
2686.0000    0.000000000000e+00
2686.2500    0.000000000000e+00
2686.5000    0.000000000000e+00
2686.7500    0.000000000000e+00
2687.0000    0.000000000000e+00
2687.2500    0.000000000000e+00
2687.5000    0.000000000000e+00
2687.7500    0.000000000000e+00
2688.0000    0.000000000000e+00
2688.2500    0.000000000000e+00
2688.5000    0.000000000000e+00
2688.7500    0.000000000000e+00
2689.0000    0.000000000000e+00
2689.2500    0.000000000000e+00
2689.5000    0.000000000000e+00
2689.7500    0.000000000000e+00
2690.0000    0.000000000000e+00
2690.2500    0.000000000000e+00
2690.5000    0.000000000000e+00
2690.7500    0.000000000000e+00
2691.0000    0.000000000000e+00
2691.2500    0.000000000000e+00
2691.5000    0.000000000000e+00
2691.7500    0.000000000000e+00
2692.0000    0.000000000000e+00
2692.2500    0.000000000000e+00
2692.5000    0.000000000000e+00
2692.7500    0.000000000000e+00
2693.0000    0.000000000000e+00
2693.2500    0.000000000000e+00
2693.5000    0.000000000000e+00
2693.7500    0.000000000000e+00
2694.0000    0.000000000000e+00
2694.2500    0.000000000000e+00
2694.5000    0.000000000000e+00
2694.7500    0.000000000000e+00
2695.0000    0.000000000000e+00
2695.2500    0.000000000000e+00
2695.5000    0.000000000000e+00
2695.7500    0.000000000000e+00
2696.0000    0.000000000000e+00
2696.2500    0.000000000000e+00
2696.5000    0.000000000000e+00
2696.7500    0.000000000000e+00
2697.0000    0.000000000000e+00
2697.2500    0.000000000000e+00
2697.5000    0.000000000000e+00
2697.7500    0.000000000000e+00
2698.0000    0.000000000000e+00
2698.2500    0.000000000000e+00
2698.5000    0.000000000000e+00
2698.7500    0.000000000000e+00
2699.0000    0.000000000000e+00
2699.2500    0.000000000000e+00
2699.5000    0.000000000000e+00
2699.7500    0.000000000000e+00
2700.0000    0.000000000000e+00
2700.2500    0.000000000000e+00
2700.5000    0.000000000000e+00
2700.7500    0.000000000000e+00
2701.0000    0.000000000000e+00
2701.2500    0.000000000000e+00
2701.5000    0.000000000000e+00
2701.7500    0.000000000000e+00
2702.0000    0.000000000000e+00
2702.2500    0.000000000000e+00
2702.5000    0.000000000000e+00
2702.7500    0.000000000000e+00
2703.0000    0.000000000000e+00
2703.2500    0.000000000000e+00
2703.5000    0.000000000000e+00
2703.7500    0.000000000000e+00
2704.0000    0.000000000000e+00
2704.2500    0.000000000000e+00
2704.5000    0.000000000000e+00
2704.7500    0.000000000000e+00
2705.0000    0.000000000000e+00
2705.2500    0.000000000000e+00
2705.5000    0.000000000000e+00
2705.7500    0.000000000000e+00
2706.0000    0.000000000000e+00
2706.2500    0.000000000000e+00
2706.5000    0.000000000000e+00
2706.7500    0.000000000000e+00
2707.0000    0.000000000000e+00
2707.2500    0.000000000000e+00
2707.5000    0.000000000000e+00
2707.7500    0.000000000000e+00
2708.0000    0.000000000000e+00
2708.2500    0.000000000000e+00
2708.5000    0.000000000000e+00
2708.7500    0.000000000000e+00
2709.0000    0.000000000000e+00
2709.2500    0.000000000000e+00
2709.5000    0.000000000000e+00
2709.7500    0.000000000000e+00
2710.0000    0.000000000000e+00
2710.2500    0.000000000000e+00
2710.5000    0.000000000000e+00
2710.7500    0.000000000000e+00
2711.0000    0.000000000000e+00
2711.2500    0.000000000000e+00
2711.5000    0.000000000000e+00
2711.7500    0.000000000000e+00
2712.0000    0.000000000000e+00
2712.2500    0.000000000000e+00
2712.5000    0.000000000000e+00
2712.7500    0.000000000000e+00
2713.0000    0.000000000000e+00
2713.2500    0.000000000000e+00
2713.5000    0.000000000000e+00
2713.7500    0.000000000000e+00
2714.0000    0.000000000000e+00
2714.2500    0.000000000000e+00
2714.5000    0.000000000000e+00
2714.7500    0.000000000000e+00
2715.0000    0.000000000000e+00
2715.2500    0.000000000000e+00
2715.5000    0.000000000000e+00
2715.7500    0.000000000000e+00
2716.0000    0.000000000000e+00
2716.2500    0.000000000000e+00
2716.5000    0.000000000000e+00
2716.7500    0.000000000000e+00
2717.0000    0.000000000000e+00
2717.2500    0.000000000000e+00
2717.5000    0.000000000000e+00
2717.7500    0.000000000000e+00
2718.0000    0.000000000000e+00
2718.2500    0.000000000000e+00
2718.5000    0.000000000000e+00
2718.7500    0.000000000000e+00
2719.0000    0.000000000000e+00
2719.2500    0.000000000000e+00
2719.5000    0.000000000000e+00
2719.7500    0.000000000000e+00
2720.0000    0.000000000000e+00
2720.2500    0.000000000000e+00
2720.5000    0.000000000000e+00
2720.7500    0.000000000000e+00
2721.0000    0.000000000000e+00
2721.2500    0.000000000000e+00
2721.5000    0.000000000000e+00
2721.7500    0.000000000000e+00
2722.0000    0.000000000000e+00
2722.2500    0.000000000000e+00
2722.5000    0.000000000000e+00
2722.7500    0.000000000000e+00
2723.0000    0.000000000000e+00
2723.2500    0.000000000000e+00
2723.5000    0.000000000000e+00
2723.7500    0.000000000000e+00
2724.0000    0.000000000000e+00
2724.2500    0.000000000000e+00
2724.5000    0.000000000000e+00
2724.7500    0.000000000000e+00
2725.0000    0.000000000000e+00
2725.2500    0.000000000000e+00
2725.5000    0.000000000000e+00
2725.7500    0.000000000000e+00
2726.0000    0.000000000000e+00
2726.2500    0.000000000000e+00
2726.5000    0.000000000000e+00
2726.7500    0.000000000000e+00
2727.0000    0.000000000000e+00
2727.2500    0.000000000000e+00
2727.5000    0.000000000000e+00
2727.7500    0.000000000000e+00
2728.0000    0.000000000000e+00
2728.2500    0.000000000000e+00
2728.5000    0.000000000000e+00
2728.7500    0.000000000000e+00
2729.0000    0.000000000000e+00
2729.2500    0.000000000000e+00
2729.5000    0.000000000000e+00
2729.7500    0.000000000000e+00
2730.0000    0.000000000000e+00
2730.2500    0.000000000000e+00
2730.5000    0.000000000000e+00
2730.7500    0.000000000000e+00
2731.0000    0.000000000000e+00
2731.2500    0.000000000000e+00
2731.5000    0.000000000000e+00
2731.7500    0.000000000000e+00
2732.0000    0.000000000000e+00
2732.2500    0.000000000000e+00
2732.5000    0.000000000000e+00
2732.7500    0.000000000000e+00
2733.0000    0.000000000000e+00
2733.2500    0.000000000000e+00
2733.5000    0.000000000000e+00
2733.7500    0.000000000000e+00
2734.0000    0.000000000000e+00
2734.2500    0.000000000000e+00
2734.5000    0.000000000000e+00
2734.7500    0.000000000000e+00
2735.0000    0.000000000000e+00
2735.2500    0.000000000000e+00
2735.5000    0.000000000000e+00
2735.7500    0.000000000000e+00
2736.0000    0.000000000000e+00
2736.2500    0.000000000000e+00
2736.5000    0.000000000000e+00
2736.7500    0.000000000000e+00
2737.0000    0.000000000000e+00
2737.2500    0.000000000000e+00
2737.5000    0.000000000000e+00
2737.7500    0.000000000000e+00
2738.0000    0.000000000000e+00
2738.2500    0.000000000000e+00
2738.5000    0.000000000000e+00
2738.7500    0.000000000000e+00
2739.0000    0.000000000000e+00
2739.2500    0.000000000000e+00
2739.5000    0.000000000000e+00
2739.7500    0.000000000000e+00
2740.0000    0.000000000000e+00
2740.2500    0.000000000000e+00
2740.5000    0.000000000000e+00
2740.7500    0.000000000000e+00
2741.0000    0.000000000000e+00
2741.2500    0.000000000000e+00
2741.5000    0.000000000000e+00
2741.7500    0.000000000000e+00
2742.0000    0.000000000000e+00
2742.2500    0.000000000000e+00
2742.5000    0.000000000000e+00
2742.7500    0.000000000000e+00
2743.0000    0.000000000000e+00
2743.2500    0.000000000000e+00
2743.5000    0.000000000000e+00
2743.7500    0.000000000000e+00
2744.0000    0.000000000000e+00
2744.2500    0.000000000000e+00
2744.5000    0.000000000000e+00
2744.7500    0.000000000000e+00
2745.0000    0.000000000000e+00
2745.2500    0.000000000000e+00
2745.5000    0.000000000000e+00
2745.7500    0.000000000000e+00
2746.0000    0.000000000000e+00
2746.2500    0.000000000000e+00
2746.5000    0.000000000000e+00
2746.7500    0.000000000000e+00
2747.0000    0.000000000000e+00
2747.2500    0.000000000000e+00
2747.5000    0.000000000000e+00
2747.7500    0.000000000000e+00
2748.0000    0.000000000000e+00
2748.2500    0.000000000000e+00
2748.5000    0.000000000000e+00
2748.7500    0.000000000000e+00
2749.0000    0.000000000000e+00
2749.2500    0.000000000000e+00
2749.5000    0.000000000000e+00
2749.7500    0.000000000000e+00
2750.0000    0.000000000000e+00
2750.2500    0.000000000000e+00
2750.5000    0.000000000000e+00
2750.7500    0.000000000000e+00
2751.0000    0.000000000000e+00
2751.2500    0.000000000000e+00
2751.5000    0.000000000000e+00
2751.7500    0.000000000000e+00
2752.0000    0.000000000000e+00
2752.2500    0.000000000000e+00
2752.5000    0.000000000000e+00
2752.7500    0.000000000000e+00
2753.0000    0.000000000000e+00
2753.2500    0.000000000000e+00
2753.5000    0.000000000000e+00
2753.7500    0.000000000000e+00
2754.0000    0.000000000000e+00
2754.2500    0.000000000000e+00
2754.5000    0.000000000000e+00
2754.7500    0.000000000000e+00
2755.0000    0.000000000000e+00
2755.2500    0.000000000000e+00
2755.5000    0.000000000000e+00
2755.7500    0.000000000000e+00
2756.0000    0.000000000000e+00
2756.2500    0.000000000000e+00
2756.5000    0.000000000000e+00
2756.7500    0.000000000000e+00
2757.0000    0.000000000000e+00
2757.2500    0.000000000000e+00
2757.5000    0.000000000000e+00
2757.7500    0.000000000000e+00
2758.0000    0.000000000000e+00
2758.2500    0.000000000000e+00
2758.5000    0.000000000000e+00
2758.7500    0.000000000000e+00
2759.0000    0.000000000000e+00
2759.2500    0.000000000000e+00
2759.5000    0.000000000000e+00
2759.7500    0.000000000000e+00
2760.0000    0.000000000000e+00
2760.2500    0.000000000000e+00
2760.5000    0.000000000000e+00
2760.7500    0.000000000000e+00
2761.0000    0.000000000000e+00
2761.2500    0.000000000000e+00
2761.5000    0.000000000000e+00
2761.7500    0.000000000000e+00
2762.0000    0.000000000000e+00
2762.2500    0.000000000000e+00
2762.5000    0.000000000000e+00
2762.7500    0.000000000000e+00
2763.0000    0.000000000000e+00
2763.2500    0.000000000000e+00
2763.5000    0.000000000000e+00
2763.7500    0.000000000000e+00
2764.0000    0.000000000000e+00
2764.2500    0.000000000000e+00
2764.5000    0.000000000000e+00
2764.7500    0.000000000000e+00
2765.0000    0.000000000000e+00
2765.2500    0.000000000000e+00
2765.5000    0.000000000000e+00
2765.7500    0.000000000000e+00
2766.0000    0.000000000000e+00
2766.2500    0.000000000000e+00
2766.5000    0.000000000000e+00
2766.7500    0.000000000000e+00
2767.0000    0.000000000000e+00
2767.2500    0.000000000000e+00
2767.5000    0.000000000000e+00
2767.7500    0.000000000000e+00
2768.0000    0.000000000000e+00
2768.2500    0.000000000000e+00
2768.5000    0.000000000000e+00
2768.7500    0.000000000000e+00
2769.0000    0.000000000000e+00
2769.2500    0.000000000000e+00
2769.5000    0.000000000000e+00
2769.7500    0.000000000000e+00
2770.0000    0.000000000000e+00
2770.2500    0.000000000000e+00
2770.5000    0.000000000000e+00
2770.7500    0.000000000000e+00
2771.0000    0.000000000000e+00
2771.2500    0.000000000000e+00
2771.5000    0.000000000000e+00
2771.7500    0.000000000000e+00
2772.0000    0.000000000000e+00
2772.2500    0.000000000000e+00
2772.5000    0.000000000000e+00
2772.7500    0.000000000000e+00
2773.0000    0.000000000000e+00
2773.2500    0.000000000000e+00
2773.5000    0.000000000000e+00
2773.7500    0.000000000000e+00
2774.0000    0.000000000000e+00
2774.2500    0.000000000000e+00
2774.5000    0.000000000000e+00
2774.7500    0.000000000000e+00
2775.0000    0.000000000000e+00
2775.2500    0.000000000000e+00
2775.5000    0.000000000000e+00
2775.7500    0.000000000000e+00
2776.0000    0.000000000000e+00
2776.2500    0.000000000000e+00
2776.5000    0.000000000000e+00
2776.7500    0.000000000000e+00
2777.0000    0.000000000000e+00
2777.2500    0.000000000000e+00
2777.5000    0.000000000000e+00
2777.7500    0.000000000000e+00
2778.0000    0.000000000000e+00
2778.2500    0.000000000000e+00
2778.5000    0.000000000000e+00
2778.7500    0.000000000000e+00
2779.0000    0.000000000000e+00
2779.2500    0.000000000000e+00
2779.5000    0.000000000000e+00
2779.7500    0.000000000000e+00
2780.0000    0.000000000000e+00
2780.2500    0.000000000000e+00
2780.5000    0.000000000000e+00
2780.7500    0.000000000000e+00
2781.0000    0.000000000000e+00
2781.2500    0.000000000000e+00
2781.5000    0.000000000000e+00
2781.7500    0.000000000000e+00
2782.0000    0.000000000000e+00
2782.2500    0.000000000000e+00
2782.5000    0.000000000000e+00
2782.7500    0.000000000000e+00
2783.0000    0.000000000000e+00
2783.2500    0.000000000000e+00
2783.5000    0.000000000000e+00
2783.7500    0.000000000000e+00
2784.0000    0.000000000000e+00
2784.2500    0.000000000000e+00
2784.5000    0.000000000000e+00
2784.7500    0.000000000000e+00
2785.0000    0.000000000000e+00
2785.2500    0.000000000000e+00
2785.5000    0.000000000000e+00
2785.7500    0.000000000000e+00
2786.0000    0.000000000000e+00
2786.2500    0.000000000000e+00
2786.5000    0.000000000000e+00
2786.7500    0.000000000000e+00
2787.0000    0.000000000000e+00
2787.2500    0.000000000000e+00
2787.5000    0.000000000000e+00
2787.7500    0.000000000000e+00
2788.0000    0.000000000000e+00
2788.2500    0.000000000000e+00
2788.5000    0.000000000000e+00
2788.7500    0.000000000000e+00
2789.0000    0.000000000000e+00
2789.2500    0.000000000000e+00
2789.5000    0.000000000000e+00
2789.7500    0.000000000000e+00
2790.0000    0.000000000000e+00
2790.2500    0.000000000000e+00
2790.5000    0.000000000000e+00
2790.7500    0.000000000000e+00
2791.0000    0.000000000000e+00
2791.2500    0.000000000000e+00
2791.5000    0.000000000000e+00
2791.7500    0.000000000000e+00
2792.0000    0.000000000000e+00
2792.2500    0.000000000000e+00
2792.5000    0.000000000000e+00
2792.7500    0.000000000000e+00
2793.0000    0.000000000000e+00
2793.2500    0.000000000000e+00
2793.5000    0.000000000000e+00
2793.7500    0.000000000000e+00
2794.0000    0.000000000000e+00
2794.2500    0.000000000000e+00
2794.5000    0.000000000000e+00
2794.7500    0.000000000000e+00
2795.0000    0.000000000000e+00
2795.2500    0.000000000000e+00
2795.5000    0.000000000000e+00
2795.7500    0.000000000000e+00
2796.0000    0.000000000000e+00
2796.2500    0.000000000000e+00
2796.5000    0.000000000000e+00
2796.7500    0.000000000000e+00
2797.0000    0.000000000000e+00
2797.2500    0.000000000000e+00
2797.5000    0.000000000000e+00
2797.7500    0.000000000000e+00
2798.0000    0.000000000000e+00
2798.2500    0.000000000000e+00
2798.5000    0.000000000000e+00
2798.7500    0.000000000000e+00
2799.0000    0.000000000000e+00
2799.2500    0.000000000000e+00
2799.5000    0.000000000000e+00
2799.7500    0.000000000000e+00
2800.0000    0.000000000000e+00
2800.2500    0.000000000000e+00
2800.5000    0.000000000000e+00
2800.7500    0.000000000000e+00
2801.0000    0.000000000000e+00
2801.2500    0.000000000000e+00
2801.5000    0.000000000000e+00
2801.7500    0.000000000000e+00
2802.0000    0.000000000000e+00
2802.2500    0.000000000000e+00
2802.5000    0.000000000000e+00
2802.7500    0.000000000000e+00
2803.0000    0.000000000000e+00
2803.2500    0.000000000000e+00
2803.5000    0.000000000000e+00
2803.7500    0.000000000000e+00
2804.0000    0.000000000000e+00
2804.2500    0.000000000000e+00
2804.5000    0.000000000000e+00
2804.7500    0.000000000000e+00
2805.0000    0.000000000000e+00
2805.2500    0.000000000000e+00
2805.5000    0.000000000000e+00
2805.7500    0.000000000000e+00
2806.0000    0.000000000000e+00
2806.2500    0.000000000000e+00
2806.5000    0.000000000000e+00
2806.7500    0.000000000000e+00
2807.0000    0.000000000000e+00
2807.2500    0.000000000000e+00
2807.5000    0.000000000000e+00
2807.7500    0.000000000000e+00
2808.0000    0.000000000000e+00
2808.2500    0.000000000000e+00
2808.5000    0.000000000000e+00
2808.7500    0.000000000000e+00
2809.0000    0.000000000000e+00
2809.2500    0.000000000000e+00
2809.5000    0.000000000000e+00
2809.7500    0.000000000000e+00
2810.0000    0.000000000000e+00
2810.2500    0.000000000000e+00
2810.5000    0.000000000000e+00
2810.7500    0.000000000000e+00
2811.0000    0.000000000000e+00
2811.2500    0.000000000000e+00
2811.5000    0.000000000000e+00
2811.7500    0.000000000000e+00
2812.0000    0.000000000000e+00
2812.2500    0.000000000000e+00
2812.5000    0.000000000000e+00
2812.7500    0.000000000000e+00
2813.0000    0.000000000000e+00
2813.2500    0.000000000000e+00
2813.5000    0.000000000000e+00
2813.7500    0.000000000000e+00
2814.0000    0.000000000000e+00
2814.2500    0.000000000000e+00
2814.5000    0.000000000000e+00
2814.7500    0.000000000000e+00
2815.0000    0.000000000000e+00
2815.2500    0.000000000000e+00
2815.5000    0.000000000000e+00
2815.7500    0.000000000000e+00
2816.0000    0.000000000000e+00
2816.2500    0.000000000000e+00
2816.5000    0.000000000000e+00
2816.7500    0.000000000000e+00
2817.0000    0.000000000000e+00
2817.2500    0.000000000000e+00
2817.5000    0.000000000000e+00
2817.7500    0.000000000000e+00
2818.0000    0.000000000000e+00
2818.2500    0.000000000000e+00
2818.5000    0.000000000000e+00
2818.7500    0.000000000000e+00
2819.0000    0.000000000000e+00
2819.2500    0.000000000000e+00
2819.5000    0.000000000000e+00
2819.7500    0.000000000000e+00
2820.0000    0.000000000000e+00
2820.2500    0.000000000000e+00
2820.5000    0.000000000000e+00
2820.7500    0.000000000000e+00
2821.0000    0.000000000000e+00
2821.2500    0.000000000000e+00
2821.5000    0.000000000000e+00
2821.7500    0.000000000000e+00
2822.0000    0.000000000000e+00
2822.2500    0.000000000000e+00
2822.5000    0.000000000000e+00
2822.7500    0.000000000000e+00
2823.0000    0.000000000000e+00
2823.2500    0.000000000000e+00
2823.5000    0.000000000000e+00
2823.7500    0.000000000000e+00
2824.0000    0.000000000000e+00
2824.2500    0.000000000000e+00
2824.5000    0.000000000000e+00
2824.7500    0.000000000000e+00
2825.0000    0.000000000000e+00
2825.2500    0.000000000000e+00
2825.5000    0.000000000000e+00
2825.7500    0.000000000000e+00
2826.0000    0.000000000000e+00
2826.2500    0.000000000000e+00
2826.5000    0.000000000000e+00
2826.7500    0.000000000000e+00
2827.0000    0.000000000000e+00
2827.2500    0.000000000000e+00
2827.5000    0.000000000000e+00
2827.7500    0.000000000000e+00
2828.0000    0.000000000000e+00
2828.2500    0.000000000000e+00
2828.5000    0.000000000000e+00
2828.7500    0.000000000000e+00
2829.0000    0.000000000000e+00
2829.2500    0.000000000000e+00
2829.5000    0.000000000000e+00
2829.7500    0.000000000000e+00
2830.0000    0.000000000000e+00
2830.2500    0.000000000000e+00
2830.5000    0.000000000000e+00
2830.7500    0.000000000000e+00
2831.0000    0.000000000000e+00
2831.2500    0.000000000000e+00
2831.5000    0.000000000000e+00
2831.7500    0.000000000000e+00
2832.0000    0.000000000000e+00
2832.2500    0.000000000000e+00
2832.5000    0.000000000000e+00
2832.7500    0.000000000000e+00
2833.0000    0.000000000000e+00
2833.2500    0.000000000000e+00
2833.5000    0.000000000000e+00
2833.7500    0.000000000000e+00
2834.0000    0.000000000000e+00
2834.2500    0.000000000000e+00
2834.5000    0.000000000000e+00
2834.7500    0.000000000000e+00
2835.0000    0.000000000000e+00
2835.2500    0.000000000000e+00
2835.5000    0.000000000000e+00
2835.7500    0.000000000000e+00
2836.0000    0.000000000000e+00
2836.2500    0.000000000000e+00
2836.5000    0.000000000000e+00
2836.7500    0.000000000000e+00
2837.0000    0.000000000000e+00
2837.2500    0.000000000000e+00
2837.5000    0.000000000000e+00
2837.7500    0.000000000000e+00
2838.0000    0.000000000000e+00
2838.2500    0.000000000000e+00
2838.5000    0.000000000000e+00
2838.7500    0.000000000000e+00
2839.0000    0.000000000000e+00
2839.2500    0.000000000000e+00
2839.5000    0.000000000000e+00
2839.7500    0.000000000000e+00
2840.0000    0.000000000000e+00
2840.2500    0.000000000000e+00
2840.5000    0.000000000000e+00
2840.7500    0.000000000000e+00
2841.0000    0.000000000000e+00
2841.2500    0.000000000000e+00
2841.5000    0.000000000000e+00
2841.7500    0.000000000000e+00
2842.0000    0.000000000000e+00
2842.2500    0.000000000000e+00
2842.5000    0.000000000000e+00
2842.7500    0.000000000000e+00
2843.0000    0.000000000000e+00
2843.2500    0.000000000000e+00
2843.5000    0.000000000000e+00
2843.7500    0.000000000000e+00
2844.0000    0.000000000000e+00
2844.2500    0.000000000000e+00
2844.5000    0.000000000000e+00
2844.7500    0.000000000000e+00
2845.0000    0.000000000000e+00
2845.2500    0.000000000000e+00
2845.5000    0.000000000000e+00
2845.7500    0.000000000000e+00
2846.0000    0.000000000000e+00
2846.2500    0.000000000000e+00
2846.5000    0.000000000000e+00
2846.7500    0.000000000000e+00
2847.0000    0.000000000000e+00
2847.2500    0.000000000000e+00
2847.5000    0.000000000000e+00
2847.7500    0.000000000000e+00
2848.0000    0.000000000000e+00
2848.2500    0.000000000000e+00
2848.5000    0.000000000000e+00
2848.7500    0.000000000000e+00
2849.0000    0.000000000000e+00
2849.2500    0.000000000000e+00
2849.5000    0.000000000000e+00
2849.7500    0.000000000000e+00
2850.0000    0.000000000000e+00
2850.2500    0.000000000000e+00
2850.5000    0.000000000000e+00
2850.7500    0.000000000000e+00
2851.0000    0.000000000000e+00
2851.2500    0.000000000000e+00
2851.5000    0.000000000000e+00
2851.7500    0.000000000000e+00
2852.0000    0.000000000000e+00
2852.2500    0.000000000000e+00
2852.5000    0.000000000000e+00
2852.7500    0.000000000000e+00
2853.0000    0.000000000000e+00
2853.2500    0.000000000000e+00
2853.5000    0.000000000000e+00
2853.7500    0.000000000000e+00
2854.0000    0.000000000000e+00
2854.2500    0.000000000000e+00
2854.5000    0.000000000000e+00
2854.7500    0.000000000000e+00
2855.0000    0.000000000000e+00
2855.2500    0.000000000000e+00
2855.5000    0.000000000000e+00
2855.7500    0.000000000000e+00
2856.0000    0.000000000000e+00
2856.2500    0.000000000000e+00
2856.5000    0.000000000000e+00
2856.7500    0.000000000000e+00
2857.0000    0.000000000000e+00
2857.2500    0.000000000000e+00
2857.5000    0.000000000000e+00
2857.7500    0.000000000000e+00
2858.0000    0.000000000000e+00
2858.2500    0.000000000000e+00
2858.5000    0.000000000000e+00
2858.7500    0.000000000000e+00
2859.0000    0.000000000000e+00
2859.2500    0.000000000000e+00
2859.5000    0.000000000000e+00
2859.7500    0.000000000000e+00
2860.0000    0.000000000000e+00
2860.2500    0.000000000000e+00
2860.5000    0.000000000000e+00
2860.7500    0.000000000000e+00
2861.0000    0.000000000000e+00
2861.2500    0.000000000000e+00
2861.5000    0.000000000000e+00
2861.7500    0.000000000000e+00
2862.0000    0.000000000000e+00
2862.2500    0.000000000000e+00
2862.5000    0.000000000000e+00
2862.7500    0.000000000000e+00
2863.0000    0.000000000000e+00
2863.2500    0.000000000000e+00
2863.5000    0.000000000000e+00
2863.7500    0.000000000000e+00
2864.0000    0.000000000000e+00
2864.2500    0.000000000000e+00
2864.5000    0.000000000000e+00
2864.7500    0.000000000000e+00
2865.0000    0.000000000000e+00
2865.2500    0.000000000000e+00
2865.5000    0.000000000000e+00
2865.7500    0.000000000000e+00
2866.0000    0.000000000000e+00
2866.2500    0.000000000000e+00
2866.5000    0.000000000000e+00
2866.7500    0.000000000000e+00
2867.0000    0.000000000000e+00
2867.2500    0.000000000000e+00
2867.5000    0.000000000000e+00
2867.7500    0.000000000000e+00
2868.0000    0.000000000000e+00
2868.2500    0.000000000000e+00
2868.5000    0.000000000000e+00
2868.7500    0.000000000000e+00
2869.0000    0.000000000000e+00
2869.2500    0.000000000000e+00
2869.5000    0.000000000000e+00
2869.7500    0.000000000000e+00
2870.0000    0.000000000000e+00
2870.2500    0.000000000000e+00
2870.5000    0.000000000000e+00
2870.7500    0.000000000000e+00
2871.0000    0.000000000000e+00
2871.2500    0.000000000000e+00
2871.5000    0.000000000000e+00
2871.7500    0.000000000000e+00
2872.0000    0.000000000000e+00
2872.2500    0.000000000000e+00
2872.5000    0.000000000000e+00
2872.7500    0.000000000000e+00
2873.0000    0.000000000000e+00
2873.2500    0.000000000000e+00
2873.5000    0.000000000000e+00
2873.7500    0.000000000000e+00
2874.0000    0.000000000000e+00
2874.2500    0.000000000000e+00
2874.5000    0.000000000000e+00
2874.7500    0.000000000000e+00
2875.0000    0.000000000000e+00
2875.2500    0.000000000000e+00
2875.5000    0.000000000000e+00
2875.7500    0.000000000000e+00
2876.0000    0.000000000000e+00
2876.2500    0.000000000000e+00
2876.5000    0.000000000000e+00
2876.7500    0.000000000000e+00
2877.0000    0.000000000000e+00
2877.2500    0.000000000000e+00
2877.5000    0.000000000000e+00
2877.7500    0.000000000000e+00
2878.0000    0.000000000000e+00
2878.2500    0.000000000000e+00
2878.5000    0.000000000000e+00
2878.7500    0.000000000000e+00
2879.0000    0.000000000000e+00
2879.2500    0.000000000000e+00
2879.5000    0.000000000000e+00
2879.7500    0.000000000000e+00
2880.0000    0.000000000000e+00
2880.2500    0.000000000000e+00
2880.5000    0.000000000000e+00
2880.7500    0.000000000000e+00
2881.0000    0.000000000000e+00
2881.2500    0.000000000000e+00
2881.5000    0.000000000000e+00
2881.7500    0.000000000000e+00
2882.0000    0.000000000000e+00
2882.2500    0.000000000000e+00
2882.5000    0.000000000000e+00
2882.7500    0.000000000000e+00
2883.0000    0.000000000000e+00
2883.2500    0.000000000000e+00
2883.5000    0.000000000000e+00
2883.7500    0.000000000000e+00
2884.0000    0.000000000000e+00
2884.2500    0.000000000000e+00
2884.5000    0.000000000000e+00
2884.7500    0.000000000000e+00
2885.0000    0.000000000000e+00
2885.2500    0.000000000000e+00
2885.5000    0.000000000000e+00
2885.7500    0.000000000000e+00
2886.0000    0.000000000000e+00
2886.2500    0.000000000000e+00
2886.5000    0.000000000000e+00
2886.7500    0.000000000000e+00
2887.0000    0.000000000000e+00
2887.2500    0.000000000000e+00
2887.5000    0.000000000000e+00
2887.7500    0.000000000000e+00
2888.0000    0.000000000000e+00
2888.2500    0.000000000000e+00
2888.5000    0.000000000000e+00
2888.7500    0.000000000000e+00
2889.0000    0.000000000000e+00
2889.2500    0.000000000000e+00
2889.5000    0.000000000000e+00
2889.7500    0.000000000000e+00
2890.0000    0.000000000000e+00
2890.2500    0.000000000000e+00
2890.5000    0.000000000000e+00
2890.7500    0.000000000000e+00
2891.0000    0.000000000000e+00
2891.2500    0.000000000000e+00
2891.5000    0.000000000000e+00
2891.7500    0.000000000000e+00
2892.0000    0.000000000000e+00
2892.2500    0.000000000000e+00
2892.5000    0.000000000000e+00
2892.7500    0.000000000000e+00
2893.0000    0.000000000000e+00
2893.2500    0.000000000000e+00
2893.5000    0.000000000000e+00
2893.7500    0.000000000000e+00
2894.0000    0.000000000000e+00
2894.2500    0.000000000000e+00
2894.5000    0.000000000000e+00
2894.7500    0.000000000000e+00
2895.0000    0.000000000000e+00
2895.2500    0.000000000000e+00
2895.5000    0.000000000000e+00
2895.7500    0.000000000000e+00
2896.0000    0.000000000000e+00
2896.2500    0.000000000000e+00
2896.5000    0.000000000000e+00
2896.7500    0.000000000000e+00
2897.0000    0.000000000000e+00
2897.2500    0.000000000000e+00
2897.5000    0.000000000000e+00
2897.7500    0.000000000000e+00
2898.0000    0.000000000000e+00
2898.2500    0.000000000000e+00
2898.5000    0.000000000000e+00
2898.7500    0.000000000000e+00
2899.0000    0.000000000000e+00
2899.2500    0.000000000000e+00
2899.5000    0.000000000000e+00
2899.7500    0.000000000000e+00
2900.0000    0.000000000000e+00
2900.2500    0.000000000000e+00
2900.5000    0.000000000000e+00
2900.7500    0.000000000000e+00
2901.0000    0.000000000000e+00
2901.2500    0.000000000000e+00
2901.5000    0.000000000000e+00
2901.7500    0.000000000000e+00
2902.0000    0.000000000000e+00
2902.2500    0.000000000000e+00
2902.5000    0.000000000000e+00
2902.7500    0.000000000000e+00
2903.0000    0.000000000000e+00
2903.2500    0.000000000000e+00
2903.5000    0.000000000000e+00
2903.7500    0.000000000000e+00
2904.0000    0.000000000000e+00
2904.2500    0.000000000000e+00
2904.5000    0.000000000000e+00
2904.7500    0.000000000000e+00
2905.0000    0.000000000000e+00
2905.2500    0.000000000000e+00
2905.5000    0.000000000000e+00
2905.7500    0.000000000000e+00
2906.0000    0.000000000000e+00
2906.2500    0.000000000000e+00
2906.5000    0.000000000000e+00
2906.7500    0.000000000000e+00
2907.0000    0.000000000000e+00
2907.2500    0.000000000000e+00
2907.5000    0.000000000000e+00
2907.7500    0.000000000000e+00
2908.0000    0.000000000000e+00
2908.2500    0.000000000000e+00
2908.5000    0.000000000000e+00
2908.7500    0.000000000000e+00
2909.0000    0.000000000000e+00
2909.2500    0.000000000000e+00
2909.5000    0.000000000000e+00
2909.7500    0.000000000000e+00
2910.0000    0.000000000000e+00
2910.2500    0.000000000000e+00
2910.5000    0.000000000000e+00
2910.7500    0.000000000000e+00
2911.0000    0.000000000000e+00
2911.2500    0.000000000000e+00
2911.5000    0.000000000000e+00
2911.7500    0.000000000000e+00
2912.0000    0.000000000000e+00
2912.2500    0.000000000000e+00
2912.5000    0.000000000000e+00
2912.7500    0.000000000000e+00
2913.0000    0.000000000000e+00
2913.2500    0.000000000000e+00
2913.5000    0.000000000000e+00
2913.7500    0.000000000000e+00
2914.0000    0.000000000000e+00
2914.2500    0.000000000000e+00
2914.5000    0.000000000000e+00
2914.7500    0.000000000000e+00
2915.0000    0.000000000000e+00
2915.2500    0.000000000000e+00
2915.5000    0.000000000000e+00
2915.7500    0.000000000000e+00
2916.0000    0.000000000000e+00
2916.2500    0.000000000000e+00
2916.5000    0.000000000000e+00
2916.7500    0.000000000000e+00
2917.0000    0.000000000000e+00
2917.2500    0.000000000000e+00
2917.5000    0.000000000000e+00
2917.7500    0.000000000000e+00
2918.0000    0.000000000000e+00
2918.2500    0.000000000000e+00
2918.5000    0.000000000000e+00
2918.7500    0.000000000000e+00
2919.0000    0.000000000000e+00
2919.2500    0.000000000000e+00
2919.5000    0.000000000000e+00
2919.7500    0.000000000000e+00
2920.0000    0.000000000000e+00
2920.2500    0.000000000000e+00
2920.5000    0.000000000000e+00
2920.7500    0.000000000000e+00
2921.0000    0.000000000000e+00
2921.2500    0.000000000000e+00
2921.5000    0.000000000000e+00
2921.7500    0.000000000000e+00
2922.0000    0.000000000000e+00
2922.2500    0.000000000000e+00
2922.5000    0.000000000000e+00
2922.7500    0.000000000000e+00
2923.0000    0.000000000000e+00
2923.2500    0.000000000000e+00
2923.5000    0.000000000000e+00
2923.7500    0.000000000000e+00
2924.0000    0.000000000000e+00
2924.2500    0.000000000000e+00
2924.5000    0.000000000000e+00
2924.7500    0.000000000000e+00
2925.0000    0.000000000000e+00
2925.2500    0.000000000000e+00
2925.5000    0.000000000000e+00
2925.7500    0.000000000000e+00
2926.0000    0.000000000000e+00
2926.2500    0.000000000000e+00
2926.5000    0.000000000000e+00
2926.7500    0.000000000000e+00
2927.0000    0.000000000000e+00
2927.2500    0.000000000000e+00
2927.5000    0.000000000000e+00
2927.7500    0.000000000000e+00
2928.0000    0.000000000000e+00
2928.2500    0.000000000000e+00
2928.5000    0.000000000000e+00
2928.7500    0.000000000000e+00
2929.0000    0.000000000000e+00
2929.2500    0.000000000000e+00
2929.5000    0.000000000000e+00
2929.7500    0.000000000000e+00
2930.0000    0.000000000000e+00
2930.2500    0.000000000000e+00
2930.5000    0.000000000000e+00
2930.7500    0.000000000000e+00
2931.0000    0.000000000000e+00
2931.2500    0.000000000000e+00
2931.5000    0.000000000000e+00
2931.7500    0.000000000000e+00
2932.0000    0.000000000000e+00
2932.2500    0.000000000000e+00
2932.5000    0.000000000000e+00
2932.7500    0.000000000000e+00
2933.0000    0.000000000000e+00
2933.2500    0.000000000000e+00
2933.5000    0.000000000000e+00
2933.7500    0.000000000000e+00
2934.0000    0.000000000000e+00
2934.2500    0.000000000000e+00
2934.5000    0.000000000000e+00
2934.7500    0.000000000000e+00
2935.0000    0.000000000000e+00
2935.2500    0.000000000000e+00
2935.5000    0.000000000000e+00
2935.7500    0.000000000000e+00
2936.0000    0.000000000000e+00
2936.2500    0.000000000000e+00
2936.5000    0.000000000000e+00
2936.7500    0.000000000000e+00
2937.0000    0.000000000000e+00
2937.2500    0.000000000000e+00
2937.5000    0.000000000000e+00
2937.7500    0.000000000000e+00
2938.0000    0.000000000000e+00
2938.2500    0.000000000000e+00
2938.5000    0.000000000000e+00
2938.7500    0.000000000000e+00
2939.0000    0.000000000000e+00
2939.2500    0.000000000000e+00
2939.5000    0.000000000000e+00
2939.7500    0.000000000000e+00
2940.0000    0.000000000000e+00
2940.2500    0.000000000000e+00
2940.5000    0.000000000000e+00
2940.7500    0.000000000000e+00
2941.0000    0.000000000000e+00
2941.2500    0.000000000000e+00
2941.5000    0.000000000000e+00
2941.7500    0.000000000000e+00
2942.0000    0.000000000000e+00
2942.2500    0.000000000000e+00
2942.5000    0.000000000000e+00
2942.7500    0.000000000000e+00
2943.0000    0.000000000000e+00
2943.2500    0.000000000000e+00
2943.5000    0.000000000000e+00
2943.7500    0.000000000000e+00
2944.0000    0.000000000000e+00
2944.2500    0.000000000000e+00
2944.5000    0.000000000000e+00
2944.7500    0.000000000000e+00
2945.0000    0.000000000000e+00
2945.2500    0.000000000000e+00
2945.5000    0.000000000000e+00
2945.7500    0.000000000000e+00
2946.0000    0.000000000000e+00
2946.2500    0.000000000000e+00
2946.5000    0.000000000000e+00
2946.7500    0.000000000000e+00
2947.0000    0.000000000000e+00
2947.2500    0.000000000000e+00
2947.5000    0.000000000000e+00
2947.7500    0.000000000000e+00
2948.0000    0.000000000000e+00
2948.2500    0.000000000000e+00
2948.5000    0.000000000000e+00
2948.7500    0.000000000000e+00
2949.0000    0.000000000000e+00
2949.2500    0.000000000000e+00
2949.5000    0.000000000000e+00
2949.7500    0.000000000000e+00
2950.0000    0.000000000000e+00
2950.2500    0.000000000000e+00
2950.5000    0.000000000000e+00
2950.7500    0.000000000000e+00
2951.0000    0.000000000000e+00
2951.2500    0.000000000000e+00
2951.5000    0.000000000000e+00
2951.7500    0.000000000000e+00
2952.0000    0.000000000000e+00
2952.2500    0.000000000000e+00
2952.5000    0.000000000000e+00
2952.7500    0.000000000000e+00
2953.0000    0.000000000000e+00
2953.2500    0.000000000000e+00
2953.5000    0.000000000000e+00
2953.7500    0.000000000000e+00
2954.0000    0.000000000000e+00
2954.2500    0.000000000000e+00
2954.5000    0.000000000000e+00
2954.7500    0.000000000000e+00
2955.0000    0.000000000000e+00
2955.2500    0.000000000000e+00
2955.5000    0.000000000000e+00
2955.7500    0.000000000000e+00
2956.0000    0.000000000000e+00
2956.2500    0.000000000000e+00
2956.5000    0.000000000000e+00
2956.7500    0.000000000000e+00
2957.0000    0.000000000000e+00
2957.2500    0.000000000000e+00
2957.5000    0.000000000000e+00
2957.7500    0.000000000000e+00
2958.0000    0.000000000000e+00
2958.2500    0.000000000000e+00
2958.5000    0.000000000000e+00
2958.7500    0.000000000000e+00
2959.0000    0.000000000000e+00
2959.2500    0.000000000000e+00
2959.5000    0.000000000000e+00
2959.7500    0.000000000000e+00
2960.0000    0.000000000000e+00
2960.2500    0.000000000000e+00
2960.5000    0.000000000000e+00
2960.7500    0.000000000000e+00
2961.0000    0.000000000000e+00
2961.2500    0.000000000000e+00
2961.5000    0.000000000000e+00
2961.7500    0.000000000000e+00
2962.0000    0.000000000000e+00
2962.2500    0.000000000000e+00
2962.5000    0.000000000000e+00
2962.7500    0.000000000000e+00
2963.0000    0.000000000000e+00
2963.2500    0.000000000000e+00
2963.5000    0.000000000000e+00
2963.7500    0.000000000000e+00
2964.0000    0.000000000000e+00
2964.2500    0.000000000000e+00
2964.5000    0.000000000000e+00
2964.7500    0.000000000000e+00
2965.0000    0.000000000000e+00
2965.2500    0.000000000000e+00
2965.5000    0.000000000000e+00
2965.7500    0.000000000000e+00
2966.0000    0.000000000000e+00
2966.2500    0.000000000000e+00
2966.5000    0.000000000000e+00
2966.7500    0.000000000000e+00
2967.0000    0.000000000000e+00
2967.2500    0.000000000000e+00
2967.5000    0.000000000000e+00
2967.7500    0.000000000000e+00
2968.0000    0.000000000000e+00
2968.2500    0.000000000000e+00
2968.5000    0.000000000000e+00
2968.7500    0.000000000000e+00
2969.0000    0.000000000000e+00
2969.2500    0.000000000000e+00
2969.5000    0.000000000000e+00
2969.7500    0.000000000000e+00
2970.0000    0.000000000000e+00
2970.2500    0.000000000000e+00
2970.5000    0.000000000000e+00
2970.7500    0.000000000000e+00
2971.0000    0.000000000000e+00
2971.2500    0.000000000000e+00
2971.5000    0.000000000000e+00
2971.7500    0.000000000000e+00
2972.0000    0.000000000000e+00
2972.2500    0.000000000000e+00
2972.5000    0.000000000000e+00
2972.7500    0.000000000000e+00
2973.0000    0.000000000000e+00
2973.2500    0.000000000000e+00
2973.5000    0.000000000000e+00
2973.7500    0.000000000000e+00
2974.0000    0.000000000000e+00
2974.2500    0.000000000000e+00
2974.5000    0.000000000000e+00
2974.7500    0.000000000000e+00
2975.0000    0.000000000000e+00
2975.2500    0.000000000000e+00
2975.5000    0.000000000000e+00
2975.7500    0.000000000000e+00
2976.0000    0.000000000000e+00
2976.2500    0.000000000000e+00
2976.5000    0.000000000000e+00
2976.7500    0.000000000000e+00
2977.0000    0.000000000000e+00
2977.2500    0.000000000000e+00
2977.5000    0.000000000000e+00
2977.7500    0.000000000000e+00
2978.0000    0.000000000000e+00
2978.2500    0.000000000000e+00
2978.5000    0.000000000000e+00
2978.7500    0.000000000000e+00
2979.0000    0.000000000000e+00
2979.2500    0.000000000000e+00
2979.5000    0.000000000000e+00
2979.7500    0.000000000000e+00
2980.0000    0.000000000000e+00
2980.2500    0.000000000000e+00
2980.5000    0.000000000000e+00
2980.7500    0.000000000000e+00
2981.0000    0.000000000000e+00
2981.2500    0.000000000000e+00
2981.5000    0.000000000000e+00
2981.7500    0.000000000000e+00
2982.0000    0.000000000000e+00
2982.2500    0.000000000000e+00
2982.5000    0.000000000000e+00
2982.7500    0.000000000000e+00
2983.0000    0.000000000000e+00
2983.2500    0.000000000000e+00
2983.5000    0.000000000000e+00
2983.7500    0.000000000000e+00
2984.0000    0.000000000000e+00
2984.2500    0.000000000000e+00
2984.5000    0.000000000000e+00
2984.7500    0.000000000000e+00
2985.0000    0.000000000000e+00
2985.2500    0.000000000000e+00
2985.5000    0.000000000000e+00
2985.7500    0.000000000000e+00
2986.0000    0.000000000000e+00
2986.2500    0.000000000000e+00
2986.5000    0.000000000000e+00
2986.7500    0.000000000000e+00
2987.0000    0.000000000000e+00
2987.2500    0.000000000000e+00
2987.5000    0.000000000000e+00
2987.7500    0.000000000000e+00
2988.0000    0.000000000000e+00
2988.2500    0.000000000000e+00
2988.5000    0.000000000000e+00
2988.7500    0.000000000000e+00
2989.0000    0.000000000000e+00
2989.2500    0.000000000000e+00
2989.5000    0.000000000000e+00
2989.7500    0.000000000000e+00
2990.0000    0.000000000000e+00
2990.2500    0.000000000000e+00
2990.5000    0.000000000000e+00
2990.7500    0.000000000000e+00
2991.0000    0.000000000000e+00
2991.2500    0.000000000000e+00
2991.5000    0.000000000000e+00
2991.7500    0.000000000000e+00
2992.0000    0.000000000000e+00
2992.2500    0.000000000000e+00
2992.5000    0.000000000000e+00
2992.7500    0.000000000000e+00
2993.0000    0.000000000000e+00
2993.2500    0.000000000000e+00
2993.5000    0.000000000000e+00
2993.7500    0.000000000000e+00
2994.0000    0.000000000000e+00
2994.2500    0.000000000000e+00
2994.5000    0.000000000000e+00
2994.7500    0.000000000000e+00
2995.0000    0.000000000000e+00
2995.2500    0.000000000000e+00
2995.5000    0.000000000000e+00
2995.7500    0.000000000000e+00
2996.0000    0.000000000000e+00
2996.2500    0.000000000000e+00
2996.5000    0.000000000000e+00
2996.7500    0.000000000000e+00
2997.0000    0.000000000000e+00
2997.2500    0.000000000000e+00
2997.5000    0.000000000000e+00
2997.7500    0.000000000000e+00
2998.0000    0.000000000000e+00
2998.2500    0.000000000000e+00
2998.5000    0.000000000000e+00
2998.7500    0.000000000000e+00
2999.0000    0.000000000000e+00
2999.2500    0.000000000000e+00
2999.5000    0.000000000000e+00
2999.7500    0.000000000000e+00
3000.0000    0.000000000000e+00
3000.2500    0.000000000000e+00
3000.5000    0.000000000000e+00
3000.7500    0.000000000000e+00
3001.0000    0.000000000000e+00
3001.2500    0.000000000000e+00
3001.5000    0.000000000000e+00
3001.7500    0.000000000000e+00
3002.0000    0.000000000000e+00
3002.2500    0.000000000000e+00
3002.5000    0.000000000000e+00
3002.7500    0.000000000000e+00
3003.0000    0.000000000000e+00
3003.2500    0.000000000000e+00
3003.5000    0.000000000000e+00
3003.7500    0.000000000000e+00
3004.0000    0.000000000000e+00
3004.2500    0.000000000000e+00
3004.5000    0.000000000000e+00
3004.7500    0.000000000000e+00
3005.0000    0.000000000000e+00
3005.2500    0.000000000000e+00
3005.5000    0.000000000000e+00
3005.7500    0.000000000000e+00
3006.0000    0.000000000000e+00
3006.2500    0.000000000000e+00
3006.5000    0.000000000000e+00
3006.7500    0.000000000000e+00
3007.0000    0.000000000000e+00
3007.2500    0.000000000000e+00
3007.5000    0.000000000000e+00
3007.7500    0.000000000000e+00
3008.0000    0.000000000000e+00
3008.2500    0.000000000000e+00
3008.5000    0.000000000000e+00
3008.7500    0.000000000000e+00
3009.0000    0.000000000000e+00
3009.2500    0.000000000000e+00
3009.5000    0.000000000000e+00
3009.7500    0.000000000000e+00
3010.0000    0.000000000000e+00
3010.2500    0.000000000000e+00
3010.5000    0.000000000000e+00
3010.7500    0.000000000000e+00
3011.0000    0.000000000000e+00
3011.2500    0.000000000000e+00
3011.5000    0.000000000000e+00
3011.7500    0.000000000000e+00
3012.0000    0.000000000000e+00
3012.2500    0.000000000000e+00
3012.5000    0.000000000000e+00
3012.7500    0.000000000000e+00
3013.0000    0.000000000000e+00
3013.2500    0.000000000000e+00
3013.5000    0.000000000000e+00
3013.7500    0.000000000000e+00
3014.0000    0.000000000000e+00
3014.2500    0.000000000000e+00
3014.5000    0.000000000000e+00
3014.7500    0.000000000000e+00
3015.0000    0.000000000000e+00
3015.2500    0.000000000000e+00
3015.5000    0.000000000000e+00
3015.7500    0.000000000000e+00
3016.0000    0.000000000000e+00
3016.2500    0.000000000000e+00
3016.5000    0.000000000000e+00
3016.7500    0.000000000000e+00
3017.0000    0.000000000000e+00
3017.2500    0.000000000000e+00
3017.5000    0.000000000000e+00
3017.7500    0.000000000000e+00
3018.0000    0.000000000000e+00
3018.2500    0.000000000000e+00
3018.5000    0.000000000000e+00
3018.7500    0.000000000000e+00
3019.0000    0.000000000000e+00
3019.2500    0.000000000000e+00
3019.5000    0.000000000000e+00
3019.7500    0.000000000000e+00
3020.0000    0.000000000000e+00
3020.2500    0.000000000000e+00
3020.5000    0.000000000000e+00
3020.7500    0.000000000000e+00
3021.0000    0.000000000000e+00
3021.2500    0.000000000000e+00
3021.5000    0.000000000000e+00
3021.7500    0.000000000000e+00
3022.0000    0.000000000000e+00
3022.2500    0.000000000000e+00
3022.5000    0.000000000000e+00
3022.7500    0.000000000000e+00
3023.0000    0.000000000000e+00
3023.2500    0.000000000000e+00
3023.5000    0.000000000000e+00
3023.7500    0.000000000000e+00
3024.0000    0.000000000000e+00
3024.2500    0.000000000000e+00
3024.5000    0.000000000000e+00
3024.7500    0.000000000000e+00
3025.0000    0.000000000000e+00
3025.2500    0.000000000000e+00
3025.5000    0.000000000000e+00
3025.7500    0.000000000000e+00
3026.0000    0.000000000000e+00
3026.2500    0.000000000000e+00
3026.5000    0.000000000000e+00
3026.7500    0.000000000000e+00
3027.0000    0.000000000000e+00
3027.2500    0.000000000000e+00
3027.5000    0.000000000000e+00
3027.7500    0.000000000000e+00
3028.0000    0.000000000000e+00
3028.2500    0.000000000000e+00
3028.5000    0.000000000000e+00
3028.7500    0.000000000000e+00
3029.0000    0.000000000000e+00
3029.2500    0.000000000000e+00
3029.5000    0.000000000000e+00
3029.7500    0.000000000000e+00
3030.0000    0.000000000000e+00
3030.2500    0.000000000000e+00
3030.5000    0.000000000000e+00
3030.7500    0.000000000000e+00
3031.0000    0.000000000000e+00
3031.2500    0.000000000000e+00
3031.5000    0.000000000000e+00
3031.7500    0.000000000000e+00
3032.0000    0.000000000000e+00
3032.2500    0.000000000000e+00
3032.5000    0.000000000000e+00
3032.7500    0.000000000000e+00
3033.0000    0.000000000000e+00
3033.2500    0.000000000000e+00
3033.5000    0.000000000000e+00
3033.7500    0.000000000000e+00
3034.0000    0.000000000000e+00
3034.2500    0.000000000000e+00
3034.5000    0.000000000000e+00
3034.7500    0.000000000000e+00
3035.0000    0.000000000000e+00
3035.2500    0.000000000000e+00
3035.5000    0.000000000000e+00
3035.7500    0.000000000000e+00
3036.0000    0.000000000000e+00
3036.2500    0.000000000000e+00
3036.5000    0.000000000000e+00
3036.7500    0.000000000000e+00
3037.0000    0.000000000000e+00
3037.2500    0.000000000000e+00
3037.5000    0.000000000000e+00
3037.7500    0.000000000000e+00
3038.0000    0.000000000000e+00
3038.2500    0.000000000000e+00
3038.5000    0.000000000000e+00
3038.7500    0.000000000000e+00
3039.0000    0.000000000000e+00
3039.2500    0.000000000000e+00
3039.5000    0.000000000000e+00
3039.7500    0.000000000000e+00
3040.0000    0.000000000000e+00
3040.2500    0.000000000000e+00
3040.5000    0.000000000000e+00
3040.7500    0.000000000000e+00
3041.0000    0.000000000000e+00
3041.2500    0.000000000000e+00
3041.5000    0.000000000000e+00
3041.7500    0.000000000000e+00
3042.0000    0.000000000000e+00
3042.2500    0.000000000000e+00
3042.5000    0.000000000000e+00
3042.7500    0.000000000000e+00
3043.0000    0.000000000000e+00
3043.2500    0.000000000000e+00
3043.5000    0.000000000000e+00
3043.7500    0.000000000000e+00
3044.0000    0.000000000000e+00
3044.2500    0.000000000000e+00
3044.5000    0.000000000000e+00
3044.7500    0.000000000000e+00
3045.0000    0.000000000000e+00
3045.2500    0.000000000000e+00
3045.5000    0.000000000000e+00
3045.7500    0.000000000000e+00
3046.0000    0.000000000000e+00
3046.2500    0.000000000000e+00
3046.5000    0.000000000000e+00
3046.7500    0.000000000000e+00
3047.0000    0.000000000000e+00
3047.2500    0.000000000000e+00
3047.5000    0.000000000000e+00
3047.7500    0.000000000000e+00
3048.0000    0.000000000000e+00
3048.2500    0.000000000000e+00
3048.5000    0.000000000000e+00
3048.7500    0.000000000000e+00
3049.0000    0.000000000000e+00
3049.2500    0.000000000000e+00
3049.5000    0.000000000000e+00
3049.7500    0.000000000000e+00
3050.0000    0.000000000000e+00
3050.2500    0.000000000000e+00
3050.5000    0.000000000000e+00
3050.7500    0.000000000000e+00
3051.0000    0.000000000000e+00
3051.2500    0.000000000000e+00
3051.5000    0.000000000000e+00
3051.7500    0.000000000000e+00
3052.0000    0.000000000000e+00
3052.2500    0.000000000000e+00
3052.5000    0.000000000000e+00
3052.7500    0.000000000000e+00
3053.0000    0.000000000000e+00
3053.2500    0.000000000000e+00
3053.5000    0.000000000000e+00
3053.7500    0.000000000000e+00
3054.0000    0.000000000000e+00
3054.2500    0.000000000000e+00
3054.5000    0.000000000000e+00
3054.7500    0.000000000000e+00
3055.0000    0.000000000000e+00
3055.2500    0.000000000000e+00
3055.5000    0.000000000000e+00
3055.7500    0.000000000000e+00
3056.0000    0.000000000000e+00
3056.2500    0.000000000000e+00
3056.5000    0.000000000000e+00
3056.7500    0.000000000000e+00
3057.0000    0.000000000000e+00
3057.2500    0.000000000000e+00
3057.5000    0.000000000000e+00
3057.7500    0.000000000000e+00
3058.0000    0.000000000000e+00
3058.2500    0.000000000000e+00
3058.5000    0.000000000000e+00
3058.7500    0.000000000000e+00
3059.0000    0.000000000000e+00
3059.2500    0.000000000000e+00
3059.5000    0.000000000000e+00
3059.7500    0.000000000000e+00
3060.0000    0.000000000000e+00
3060.2500    0.000000000000e+00
3060.5000    0.000000000000e+00
3060.7500    0.000000000000e+00
3061.0000    0.000000000000e+00
3061.2500    0.000000000000e+00
3061.5000    0.000000000000e+00
3061.7500    0.000000000000e+00
3062.0000    0.000000000000e+00
3062.2500    0.000000000000e+00
3062.5000    0.000000000000e+00
3062.7500    0.000000000000e+00
3063.0000    0.000000000000e+00
3063.2500    0.000000000000e+00
3063.5000    0.000000000000e+00
3063.7500    0.000000000000e+00
3064.0000    0.000000000000e+00
3064.2500    0.000000000000e+00
3064.5000    0.000000000000e+00
3064.7500    0.000000000000e+00
3065.0000    0.000000000000e+00
3065.2500    0.000000000000e+00
3065.5000    0.000000000000e+00
3065.7500    0.000000000000e+00
3066.0000    0.000000000000e+00
3066.2500    0.000000000000e+00
3066.5000    0.000000000000e+00
3066.7500    0.000000000000e+00
3067.0000    0.000000000000e+00
3067.2500    0.000000000000e+00
3067.5000    0.000000000000e+00
3067.7500    0.000000000000e+00
3068.0000    0.000000000000e+00
3068.2500    0.000000000000e+00
3068.5000    0.000000000000e+00
3068.7500    0.000000000000e+00
3069.0000    0.000000000000e+00
3069.2500    0.000000000000e+00
3069.5000    0.000000000000e+00
3069.7500    0.000000000000e+00
3070.0000    0.000000000000e+00
3070.2500    0.000000000000e+00
3070.5000    0.000000000000e+00
3070.7500    0.000000000000e+00
3071.0000    0.000000000000e+00
3071.2500    0.000000000000e+00
3071.5000    0.000000000000e+00
3071.7500    0.000000000000e+00
3072.0000    0.000000000000e+00
3072.2500    0.000000000000e+00
3072.5000    0.000000000000e+00
3072.7500    0.000000000000e+00
3073.0000    0.000000000000e+00
3073.2500    0.000000000000e+00
3073.5000    0.000000000000e+00
3073.7500    0.000000000000e+00
3074.0000    0.000000000000e+00
3074.2500    0.000000000000e+00
3074.5000    0.000000000000e+00
3074.7500    0.000000000000e+00
3075.0000    0.000000000000e+00
3075.2500    0.000000000000e+00
3075.5000    0.000000000000e+00
3075.7500    0.000000000000e+00
3076.0000    0.000000000000e+00
3076.2500    0.000000000000e+00
3076.5000    0.000000000000e+00
3076.7500    0.000000000000e+00
3077.0000    0.000000000000e+00
3077.2500    0.000000000000e+00
3077.5000    0.000000000000e+00
3077.7500    0.000000000000e+00
3078.0000    0.000000000000e+00
3078.2500    0.000000000000e+00
3078.5000    0.000000000000e+00
3078.7500    0.000000000000e+00
3079.0000    0.000000000000e+00
3079.2500    0.000000000000e+00
3079.5000    0.000000000000e+00
3079.7500    0.000000000000e+00
3080.0000    0.000000000000e+00
3080.2500    0.000000000000e+00
3080.5000    0.000000000000e+00
3080.7500    0.000000000000e+00
3081.0000    0.000000000000e+00
3081.2500    0.000000000000e+00
3081.5000    0.000000000000e+00
3081.7500    0.000000000000e+00
3082.0000    0.000000000000e+00
3082.2500    0.000000000000e+00
3082.5000    0.000000000000e+00
3082.7500    0.000000000000e+00
3083.0000    0.000000000000e+00
3083.2500    0.000000000000e+00
3083.5000    0.000000000000e+00
3083.7500    0.000000000000e+00
3084.0000    0.000000000000e+00
3084.2500    0.000000000000e+00
3084.5000    0.000000000000e+00
3084.7500    0.000000000000e+00
3085.0000    0.000000000000e+00
3085.2500    0.000000000000e+00
3085.5000    0.000000000000e+00
3085.7500    0.000000000000e+00
3086.0000    0.000000000000e+00
3086.2500    0.000000000000e+00
3086.5000    0.000000000000e+00
3086.7500    0.000000000000e+00
3087.0000    0.000000000000e+00
3087.2500    0.000000000000e+00
3087.5000    0.000000000000e+00
3087.7500    0.000000000000e+00
3088.0000    0.000000000000e+00
3088.2500    0.000000000000e+00
3088.5000    0.000000000000e+00
3088.7500    0.000000000000e+00
3089.0000    0.000000000000e+00
3089.2500    0.000000000000e+00
3089.5000    0.000000000000e+00
3089.7500    0.000000000000e+00
3090.0000    0.000000000000e+00
3090.2500    0.000000000000e+00
3090.5000    0.000000000000e+00
3090.7500    0.000000000000e+00
3091.0000    0.000000000000e+00
3091.2500    0.000000000000e+00
3091.5000    0.000000000000e+00
3091.7500    0.000000000000e+00
3092.0000    0.000000000000e+00
3092.2500    0.000000000000e+00
3092.5000    0.000000000000e+00
3092.7500    0.000000000000e+00
3093.0000    0.000000000000e+00
3093.2500    0.000000000000e+00
3093.5000    0.000000000000e+00
3093.7500    0.000000000000e+00
3094.0000    0.000000000000e+00
3094.2500    0.000000000000e+00
3094.5000    0.000000000000e+00
3094.7500    0.000000000000e+00
3095.0000    0.000000000000e+00
3095.2500    0.000000000000e+00
3095.5000    0.000000000000e+00
3095.7500    0.000000000000e+00
3096.0000    0.000000000000e+00
3096.2500    0.000000000000e+00
3096.5000    0.000000000000e+00
3096.7500    0.000000000000e+00
3097.0000    0.000000000000e+00
3097.2500    0.000000000000e+00
3097.5000    0.000000000000e+00
3097.7500    0.000000000000e+00
3098.0000    0.000000000000e+00
3098.2500    0.000000000000e+00
3098.5000    0.000000000000e+00
3098.7500    0.000000000000e+00
3099.0000    0.000000000000e+00
3099.2500    0.000000000000e+00
3099.5000    0.000000000000e+00
3099.7500    0.000000000000e+00
3100.0000    0.000000000000e+00
3100.2500    0.000000000000e+00
3100.5000    0.000000000000e+00
3100.7500    0.000000000000e+00
3101.0000    0.000000000000e+00
3101.2500    0.000000000000e+00
3101.5000    0.000000000000e+00
3101.7500    0.000000000000e+00
3102.0000    0.000000000000e+00
3102.2500    0.000000000000e+00
3102.5000    0.000000000000e+00
3102.7500    0.000000000000e+00
3103.0000    0.000000000000e+00
3103.2500    0.000000000000e+00
3103.5000    0.000000000000e+00
3103.7500    0.000000000000e+00
3104.0000    0.000000000000e+00
3104.2500    0.000000000000e+00
3104.5000    0.000000000000e+00
3104.7500    0.000000000000e+00
3105.0000    0.000000000000e+00
3105.2500    0.000000000000e+00
3105.5000    0.000000000000e+00
3105.7500    0.000000000000e+00
3106.0000    0.000000000000e+00
3106.2500    0.000000000000e+00
3106.5000    0.000000000000e+00
3106.7500    0.000000000000e+00
3107.0000    0.000000000000e+00
3107.2500    0.000000000000e+00
3107.5000    0.000000000000e+00
3107.7500    0.000000000000e+00
3108.0000    0.000000000000e+00
3108.2500    0.000000000000e+00
3108.5000    0.000000000000e+00
3108.7500    0.000000000000e+00
3109.0000    0.000000000000e+00
3109.2500    0.000000000000e+00
3109.5000    0.000000000000e+00
3109.7500    0.000000000000e+00
3110.0000    0.000000000000e+00
3110.2500    0.000000000000e+00
3110.5000    0.000000000000e+00
3110.7500    0.000000000000e+00
3111.0000    0.000000000000e+00
3111.2500    0.000000000000e+00
3111.5000    0.000000000000e+00
3111.7500    0.000000000000e+00
3112.0000    0.000000000000e+00
3112.2500    0.000000000000e+00
3112.5000    0.000000000000e+00
3112.7500    0.000000000000e+00
3113.0000    0.000000000000e+00
3113.2500    0.000000000000e+00
3113.5000    0.000000000000e+00
3113.7500    0.000000000000e+00
3114.0000    0.000000000000e+00
3114.2500    0.000000000000e+00
3114.5000    0.000000000000e+00
3114.7500    0.000000000000e+00
3115.0000    0.000000000000e+00
3115.2500    0.000000000000e+00
3115.5000    0.000000000000e+00
3115.7500    0.000000000000e+00
3116.0000    0.000000000000e+00
3116.2500    0.000000000000e+00
3116.5000    0.000000000000e+00
3116.7500    0.000000000000e+00
3117.0000    0.000000000000e+00
3117.2500    0.000000000000e+00
3117.5000    0.000000000000e+00
3117.7500    0.000000000000e+00
3118.0000    0.000000000000e+00
3118.2500    0.000000000000e+00
3118.5000    0.000000000000e+00
3118.7500    0.000000000000e+00
3119.0000    0.000000000000e+00
3119.2500    0.000000000000e+00
3119.5000    0.000000000000e+00
3119.7500    0.000000000000e+00
3120.0000    0.000000000000e+00
3120.2500    0.000000000000e+00
3120.5000    0.000000000000e+00
3120.7500    0.000000000000e+00
3121.0000    0.000000000000e+00
3121.2500    0.000000000000e+00
3121.5000    0.000000000000e+00
3121.7500    0.000000000000e+00
3122.0000    0.000000000000e+00
3122.2500    0.000000000000e+00
3122.5000    0.000000000000e+00
3122.7500    0.000000000000e+00
3123.0000    0.000000000000e+00
3123.2500    0.000000000000e+00
3123.5000    0.000000000000e+00
3123.7500    0.000000000000e+00
3124.0000    0.000000000000e+00
3124.2500    0.000000000000e+00
3124.5000    0.000000000000e+00
3124.7500    0.000000000000e+00
3125.0000    0.000000000000e+00
3125.2500    0.000000000000e+00
3125.5000    0.000000000000e+00
3125.7500    0.000000000000e+00
3126.0000    0.000000000000e+00
3126.2500    0.000000000000e+00
3126.5000    0.000000000000e+00
3126.7500    0.000000000000e+00
3127.0000    0.000000000000e+00
3127.2500    0.000000000000e+00
3127.5000    0.000000000000e+00
3127.7500    0.000000000000e+00
3128.0000    0.000000000000e+00
3128.2500    0.000000000000e+00
3128.5000    0.000000000000e+00
3128.7500    0.000000000000e+00
3129.0000    0.000000000000e+00
3129.2500    0.000000000000e+00
3129.5000    0.000000000000e+00
3129.7500    0.000000000000e+00
3130.0000    0.000000000000e+00
3130.2500    0.000000000000e+00
3130.5000    0.000000000000e+00
3130.7500    0.000000000000e+00
3131.0000    0.000000000000e+00
3131.2500    0.000000000000e+00
3131.5000    0.000000000000e+00
3131.7500    0.000000000000e+00
3132.0000    0.000000000000e+00
3132.2500    0.000000000000e+00
3132.5000    0.000000000000e+00
3132.7500    0.000000000000e+00
3133.0000    0.000000000000e+00
3133.2500    0.000000000000e+00
3133.5000    0.000000000000e+00
3133.7500    0.000000000000e+00
3134.0000    0.000000000000e+00
3134.2500    0.000000000000e+00
3134.5000    0.000000000000e+00
3134.7500    0.000000000000e+00
3135.0000    0.000000000000e+00
3135.2500    0.000000000000e+00
3135.5000    0.000000000000e+00
3135.7500    0.000000000000e+00
3136.0000    0.000000000000e+00
3136.2500    0.000000000000e+00
3136.5000    0.000000000000e+00
3136.7500    0.000000000000e+00
3137.0000    0.000000000000e+00
3137.2500    0.000000000000e+00
3137.5000    0.000000000000e+00
3137.7500    0.000000000000e+00
3138.0000    0.000000000000e+00
3138.2500    0.000000000000e+00
3138.5000    0.000000000000e+00
3138.7500    0.000000000000e+00
3139.0000    0.000000000000e+00
3139.2500    0.000000000000e+00
3139.5000    0.000000000000e+00
3139.7500    0.000000000000e+00
3140.0000    0.000000000000e+00
3140.2500    0.000000000000e+00
3140.5000    0.000000000000e+00
3140.7500    0.000000000000e+00
3141.0000    0.000000000000e+00
3141.2500    0.000000000000e+00
3141.5000    0.000000000000e+00
3141.7500    0.000000000000e+00
3142.0000    0.000000000000e+00
3142.2500    0.000000000000e+00
3142.5000    0.000000000000e+00
3142.7500    0.000000000000e+00
3143.0000    0.000000000000e+00
3143.2500    0.000000000000e+00
3143.5000    0.000000000000e+00
3143.7500    0.000000000000e+00
3144.0000    0.000000000000e+00
3144.2500    0.000000000000e+00
3144.5000    0.000000000000e+00
3144.7500    0.000000000000e+00
3145.0000    0.000000000000e+00
3145.2500    0.000000000000e+00
3145.5000    0.000000000000e+00
3145.7500    0.000000000000e+00
3146.0000    0.000000000000e+00
3146.2500    0.000000000000e+00
3146.5000    0.000000000000e+00
3146.7500    0.000000000000e+00
3147.0000    0.000000000000e+00
3147.2500    0.000000000000e+00
3147.5000    0.000000000000e+00
3147.7500    0.000000000000e+00
3148.0000    0.000000000000e+00
3148.2500    0.000000000000e+00
3148.5000    0.000000000000e+00
3148.7500    0.000000000000e+00
3149.0000    0.000000000000e+00
3149.2500    0.000000000000e+00
3149.5000    0.000000000000e+00
3149.7500    0.000000000000e+00
3150.0000    0.000000000000e+00
3150.2500    0.000000000000e+00
3150.5000    0.000000000000e+00
3150.7500    0.000000000000e+00
3151.0000    0.000000000000e+00
3151.2500    0.000000000000e+00
3151.5000    0.000000000000e+00
3151.7500    0.000000000000e+00
3152.0000    0.000000000000e+00
3152.2500    0.000000000000e+00
3152.5000    0.000000000000e+00
3152.7500    0.000000000000e+00
3153.0000    0.000000000000e+00
3153.2500    0.000000000000e+00
3153.5000    0.000000000000e+00
3153.7500    0.000000000000e+00
3154.0000    0.000000000000e+00
3154.2500    0.000000000000e+00
3154.5000    0.000000000000e+00
3154.7500    0.000000000000e+00
3155.0000    0.000000000000e+00
3155.2500    0.000000000000e+00
3155.5000    0.000000000000e+00
3155.7500    0.000000000000e+00
3156.0000    0.000000000000e+00
3156.2500    0.000000000000e+00
3156.5000    0.000000000000e+00
3156.7500    0.000000000000e+00
3157.0000    0.000000000000e+00
3157.2500    0.000000000000e+00
3157.5000    0.000000000000e+00
3157.7500    0.000000000000e+00
3158.0000    0.000000000000e+00
3158.2500    0.000000000000e+00
3158.5000    0.000000000000e+00
3158.7500    0.000000000000e+00
3159.0000    0.000000000000e+00
3159.2500    0.000000000000e+00
3159.5000    0.000000000000e+00
3159.7500    0.000000000000e+00
3160.0000    0.000000000000e+00
3160.2500    0.000000000000e+00
3160.5000    0.000000000000e+00
3160.7500    0.000000000000e+00
3161.0000    0.000000000000e+00
3161.2500    0.000000000000e+00
3161.5000    0.000000000000e+00
3161.7500    0.000000000000e+00
3162.0000    0.000000000000e+00
3162.2500    0.000000000000e+00
3162.5000    0.000000000000e+00
3162.7500    0.000000000000e+00
3163.0000    0.000000000000e+00
3163.2500    0.000000000000e+00
3163.5000    0.000000000000e+00
3163.7500    0.000000000000e+00
3164.0000    0.000000000000e+00
3164.2500    0.000000000000e+00
3164.5000    0.000000000000e+00
3164.7500    0.000000000000e+00
3165.0000    0.000000000000e+00
3165.2500    0.000000000000e+00
3165.5000    0.000000000000e+00
3165.7500    0.000000000000e+00
3166.0000    0.000000000000e+00
3166.2500    0.000000000000e+00
3166.5000    0.000000000000e+00
3166.7500    0.000000000000e+00
3167.0000    0.000000000000e+00
3167.2500    0.000000000000e+00
3167.5000    0.000000000000e+00
3167.7500    0.000000000000e+00
3168.0000    0.000000000000e+00
3168.2500    0.000000000000e+00
3168.5000    0.000000000000e+00
3168.7500    0.000000000000e+00
3169.0000    0.000000000000e+00
3169.2500    0.000000000000e+00
3169.5000    0.000000000000e+00
3169.7500    0.000000000000e+00
3170.0000    0.000000000000e+00
3170.2500    0.000000000000e+00
3170.5000    0.000000000000e+00
3170.7500    0.000000000000e+00
3171.0000    0.000000000000e+00
3171.2500    0.000000000000e+00
3171.5000    0.000000000000e+00
3171.7500    0.000000000000e+00
3172.0000    0.000000000000e+00
3172.2500    0.000000000000e+00
3172.5000    0.000000000000e+00
3172.7500    0.000000000000e+00
3173.0000    0.000000000000e+00
3173.2500    0.000000000000e+00
3173.5000    0.000000000000e+00
3173.7500    0.000000000000e+00
3174.0000    0.000000000000e+00
3174.2500    0.000000000000e+00
3174.5000    0.000000000000e+00
3174.7500    0.000000000000e+00
3175.0000    0.000000000000e+00
3175.2500    0.000000000000e+00
3175.5000    0.000000000000e+00
3175.7500    0.000000000000e+00
3176.0000    0.000000000000e+00
3176.2500    0.000000000000e+00
3176.5000    0.000000000000e+00
3176.7500    0.000000000000e+00
3177.0000    0.000000000000e+00
3177.2500    0.000000000000e+00
3177.5000    0.000000000000e+00
3177.7500    0.000000000000e+00
3178.0000    0.000000000000e+00
3178.2500    0.000000000000e+00
3178.5000    0.000000000000e+00
3178.7500    0.000000000000e+00
3179.0000    0.000000000000e+00
3179.2500    0.000000000000e+00
3179.5000    0.000000000000e+00
3179.7500    0.000000000000e+00
3180.0000    0.000000000000e+00
3180.2500    0.000000000000e+00
3180.5000    0.000000000000e+00
3180.7500    0.000000000000e+00
3181.0000    0.000000000000e+00
3181.2500    0.000000000000e+00
3181.5000    0.000000000000e+00
3181.7500    0.000000000000e+00
3182.0000    0.000000000000e+00
3182.2500    0.000000000000e+00
3182.5000    0.000000000000e+00
3182.7500    0.000000000000e+00
3183.0000    0.000000000000e+00
3183.2500    0.000000000000e+00
3183.5000    0.000000000000e+00
3183.7500    0.000000000000e+00
3184.0000    0.000000000000e+00
3184.2500    0.000000000000e+00
3184.5000    0.000000000000e+00
3184.7500    0.000000000000e+00
3185.0000    0.000000000000e+00
3185.2500    0.000000000000e+00
3185.5000    0.000000000000e+00
3185.7500    0.000000000000e+00
3186.0000    0.000000000000e+00
3186.2500    0.000000000000e+00
3186.5000    0.000000000000e+00
3186.7500    0.000000000000e+00
3187.0000    0.000000000000e+00
3187.2500    0.000000000000e+00
3187.5000    0.000000000000e+00
3187.7500    0.000000000000e+00
3188.0000    0.000000000000e+00
3188.2500    0.000000000000e+00
3188.5000    0.000000000000e+00
3188.7500    0.000000000000e+00
3189.0000    0.000000000000e+00
3189.2500    0.000000000000e+00
3189.5000    0.000000000000e+00
3189.7500    0.000000000000e+00
3190.0000    0.000000000000e+00
3190.2500    0.000000000000e+00
3190.5000    0.000000000000e+00
3190.7500    0.000000000000e+00
3191.0000    0.000000000000e+00
3191.2500    0.000000000000e+00
3191.5000    0.000000000000e+00
3191.7500    0.000000000000e+00
3192.0000    0.000000000000e+00
3192.2500    0.000000000000e+00
3192.5000    0.000000000000e+00
3192.7500    0.000000000000e+00
3193.0000    0.000000000000e+00
3193.2500    0.000000000000e+00
3193.5000    0.000000000000e+00
3193.7500    0.000000000000e+00
3194.0000    0.000000000000e+00
3194.2500    0.000000000000e+00
3194.5000    0.000000000000e+00
3194.7500    0.000000000000e+00
3195.0000    0.000000000000e+00
3195.2500    0.000000000000e+00
3195.5000    0.000000000000e+00
3195.7500    0.000000000000e+00
3196.0000    0.000000000000e+00
3196.2500    0.000000000000e+00
3196.5000    0.000000000000e+00
3196.7500    0.000000000000e+00
3197.0000    0.000000000000e+00
3197.2500    0.000000000000e+00
3197.5000    0.000000000000e+00
3197.7500    0.000000000000e+00
3198.0000    0.000000000000e+00
3198.2500    0.000000000000e+00
3198.5000    0.000000000000e+00
3198.7500    0.000000000000e+00
3199.0000    0.000000000000e+00
3199.2500    0.000000000000e+00
3199.5000    0.000000000000e+00
3199.7500    0.000000000000e+00
3200.0000    0.000000000000e+00
3200.2500    0.000000000000e+00
3200.5000    0.000000000000e+00
3200.7500    0.000000000000e+00
3201.0000    0.000000000000e+00
3201.2500    0.000000000000e+00
3201.5000    0.000000000000e+00
3201.7500    0.000000000000e+00
3202.0000    0.000000000000e+00
3202.2500    0.000000000000e+00
3202.5000    0.000000000000e+00
3202.7500    0.000000000000e+00
3203.0000    0.000000000000e+00
3203.2500    0.000000000000e+00
3203.5000    0.000000000000e+00
3203.7500    0.000000000000e+00
3204.0000    0.000000000000e+00
3204.2500    0.000000000000e+00
3204.5000    0.000000000000e+00
3204.7500    0.000000000000e+00
3205.0000    0.000000000000e+00
3205.2500    0.000000000000e+00
3205.5000    0.000000000000e+00
3205.7500    0.000000000000e+00
3206.0000    0.000000000000e+00
3206.2500    0.000000000000e+00
3206.5000    0.000000000000e+00
3206.7500    0.000000000000e+00
3207.0000    0.000000000000e+00
3207.2500    0.000000000000e+00
3207.5000    0.000000000000e+00
3207.7500    0.000000000000e+00
3208.0000    0.000000000000e+00
3208.2500    0.000000000000e+00
3208.5000    0.000000000000e+00
3208.7500    0.000000000000e+00
3209.0000    0.000000000000e+00
3209.2500    0.000000000000e+00
3209.5000    0.000000000000e+00
3209.7500    0.000000000000e+00
3210.0000    0.000000000000e+00
3210.2500    0.000000000000e+00
3210.5000    0.000000000000e+00
3210.7500    0.000000000000e+00
3211.0000    0.000000000000e+00
3211.2500    0.000000000000e+00
3211.5000    0.000000000000e+00
3211.7500    0.000000000000e+00
3212.0000    0.000000000000e+00
3212.2500    0.000000000000e+00
3212.5000    0.000000000000e+00
3212.7500    0.000000000000e+00
3213.0000    0.000000000000e+00
3213.2500    0.000000000000e+00
3213.5000    0.000000000000e+00
3213.7500    0.000000000000e+00
3214.0000    0.000000000000e+00
3214.2500    0.000000000000e+00
3214.5000    0.000000000000e+00
3214.7500    0.000000000000e+00
3215.0000    0.000000000000e+00
3215.2500    0.000000000000e+00
3215.5000    0.000000000000e+00
3215.7500    0.000000000000e+00
3216.0000    0.000000000000e+00
3216.2500    0.000000000000e+00
3216.5000    0.000000000000e+00
3216.7500    0.000000000000e+00
3217.0000    0.000000000000e+00
3217.2500    0.000000000000e+00
3217.5000    0.000000000000e+00
3217.7500    0.000000000000e+00
3218.0000    0.000000000000e+00
3218.2500    0.000000000000e+00
3218.5000    0.000000000000e+00
3218.7500    0.000000000000e+00
3219.0000    0.000000000000e+00
3219.2500    0.000000000000e+00
3219.5000    0.000000000000e+00
3219.7500    0.000000000000e+00
3220.0000    0.000000000000e+00
3220.2500    0.000000000000e+00
3220.5000    0.000000000000e+00
3220.7500    0.000000000000e+00
3221.0000    0.000000000000e+00
3221.2500    0.000000000000e+00
3221.5000    0.000000000000e+00
3221.7500    0.000000000000e+00
3222.0000    0.000000000000e+00
3222.2500    0.000000000000e+00
3222.5000    0.000000000000e+00
3222.7500    0.000000000000e+00
3223.0000    0.000000000000e+00
3223.2500    0.000000000000e+00
3223.5000    0.000000000000e+00
3223.7500    0.000000000000e+00
3224.0000    0.000000000000e+00
3224.2500    0.000000000000e+00
3224.5000    0.000000000000e+00
3224.7500    0.000000000000e+00
3225.0000    0.000000000000e+00
3225.2500    0.000000000000e+00
3225.5000    0.000000000000e+00
3225.7500    0.000000000000e+00
3226.0000    0.000000000000e+00
3226.2500    0.000000000000e+00
3226.5000    0.000000000000e+00
3226.7500    0.000000000000e+00
3227.0000    0.000000000000e+00
3227.2500    0.000000000000e+00
3227.5000    0.000000000000e+00
3227.7500    0.000000000000e+00
3228.0000    0.000000000000e+00
3228.2500    0.000000000000e+00
3228.5000    0.000000000000e+00
3228.7500    0.000000000000e+00
3229.0000    0.000000000000e+00
3229.2500    0.000000000000e+00
3229.5000    0.000000000000e+00
3229.7500    0.000000000000e+00
3230.0000    0.000000000000e+00
3230.2500    0.000000000000e+00
3230.5000    0.000000000000e+00
3230.7500    0.000000000000e+00
3231.0000    0.000000000000e+00
3231.2500    0.000000000000e+00
3231.5000    0.000000000000e+00
3231.7500    0.000000000000e+00
3232.0000    0.000000000000e+00
3232.2500    0.000000000000e+00
3232.5000    0.000000000000e+00
3232.7500    0.000000000000e+00
3233.0000    0.000000000000e+00
3233.2500    0.000000000000e+00
3233.5000    0.000000000000e+00
3233.7500    0.000000000000e+00
3234.0000    0.000000000000e+00
3234.2500    0.000000000000e+00
3234.5000    0.000000000000e+00
3234.7500    0.000000000000e+00
3235.0000    0.000000000000e+00
3235.2500    0.000000000000e+00
3235.5000    0.000000000000e+00
3235.7500    0.000000000000e+00
3236.0000    0.000000000000e+00
3236.2500    0.000000000000e+00
3236.5000    0.000000000000e+00
3236.7500    0.000000000000e+00
3237.0000    0.000000000000e+00
3237.2500    0.000000000000e+00
3237.5000    0.000000000000e+00
3237.7500    0.000000000000e+00
3238.0000    0.000000000000e+00
3238.2500    0.000000000000e+00
3238.5000    0.000000000000e+00
3238.7500    0.000000000000e+00
3239.0000    0.000000000000e+00
3239.2500    0.000000000000e+00
3239.5000    0.000000000000e+00
3239.7500    0.000000000000e+00
3240.0000    0.000000000000e+00
3240.2500    0.000000000000e+00
3240.5000    0.000000000000e+00
3240.7500    0.000000000000e+00
3241.0000    0.000000000000e+00
3241.2500    0.000000000000e+00
3241.5000    0.000000000000e+00
3241.7500    0.000000000000e+00
3242.0000    0.000000000000e+00
3242.2500    0.000000000000e+00
3242.5000    0.000000000000e+00
3242.7500    0.000000000000e+00
3243.0000    0.000000000000e+00
3243.2500    0.000000000000e+00
3243.5000    0.000000000000e+00
3243.7500    0.000000000000e+00
3244.0000    0.000000000000e+00
3244.2500    0.000000000000e+00
3244.5000    0.000000000000e+00
3244.7500    0.000000000000e+00
3245.0000    0.000000000000e+00
3245.2500    0.000000000000e+00
3245.5000    0.000000000000e+00
3245.7500    0.000000000000e+00
3246.0000    0.000000000000e+00
3246.2500    0.000000000000e+00
3246.5000    0.000000000000e+00
3246.7500    0.000000000000e+00
3247.0000    0.000000000000e+00
3247.2500    0.000000000000e+00
3247.5000    0.000000000000e+00
3247.7500    0.000000000000e+00
3248.0000    0.000000000000e+00
3248.2500    0.000000000000e+00
3248.5000    0.000000000000e+00
3248.7500    0.000000000000e+00
3249.0000    0.000000000000e+00
3249.2500    0.000000000000e+00
3249.5000    0.000000000000e+00
3249.7500    0.000000000000e+00
3250.0000    0.000000000000e+00
3250.2500    0.000000000000e+00
3250.5000    0.000000000000e+00
3250.7500    0.000000000000e+00
3251.0000    0.000000000000e+00
3251.2500    0.000000000000e+00
3251.5000    0.000000000000e+00
3251.7500    0.000000000000e+00
3252.0000    0.000000000000e+00
3252.2500    0.000000000000e+00
3252.5000    0.000000000000e+00
3252.7500    0.000000000000e+00
3253.0000    0.000000000000e+00
3253.2500    0.000000000000e+00
3253.5000    0.000000000000e+00
3253.7500    0.000000000000e+00
3254.0000    0.000000000000e+00
3254.2500    0.000000000000e+00
3254.5000    0.000000000000e+00
3254.7500    0.000000000000e+00
3255.0000    0.000000000000e+00
3255.2500    0.000000000000e+00
3255.5000    0.000000000000e+00
3255.7500    0.000000000000e+00
3256.0000    0.000000000000e+00
3256.2500    0.000000000000e+00
3256.5000    0.000000000000e+00
3256.7500    0.000000000000e+00
3257.0000    0.000000000000e+00
3257.2500    0.000000000000e+00
3257.5000    0.000000000000e+00
3257.7500    0.000000000000e+00
3258.0000    0.000000000000e+00
3258.2500    0.000000000000e+00
3258.5000    0.000000000000e+00
3258.7500    0.000000000000e+00
3259.0000    0.000000000000e+00
3259.2500    0.000000000000e+00
3259.5000    0.000000000000e+00
3259.7500    0.000000000000e+00
3260.0000    0.000000000000e+00
3260.2500    0.000000000000e+00
3260.5000    0.000000000000e+00
3260.7500    0.000000000000e+00
3261.0000    0.000000000000e+00
3261.2500    0.000000000000e+00
3261.5000    0.000000000000e+00
3261.7500    0.000000000000e+00
3262.0000    0.000000000000e+00
3262.2500    0.000000000000e+00
3262.5000    0.000000000000e+00
3262.7500    0.000000000000e+00
3263.0000    0.000000000000e+00
3263.2500    0.000000000000e+00
3263.5000    0.000000000000e+00
3263.7500    0.000000000000e+00
3264.0000    0.000000000000e+00
3264.2500    0.000000000000e+00
3264.5000    0.000000000000e+00
3264.7500    0.000000000000e+00
3265.0000    0.000000000000e+00
3265.2500    0.000000000000e+00
3265.5000    0.000000000000e+00
3265.7500    0.000000000000e+00
3266.0000    0.000000000000e+00
3266.2500    0.000000000000e+00
3266.5000    0.000000000000e+00
3266.7500    0.000000000000e+00
3267.0000    0.000000000000e+00
3267.2500    0.000000000000e+00
3267.5000    0.000000000000e+00
3267.7500    0.000000000000e+00
3268.0000    0.000000000000e+00
3268.2500    0.000000000000e+00
3268.5000    0.000000000000e+00
3268.7500    0.000000000000e+00
3269.0000    0.000000000000e+00
3269.2500    0.000000000000e+00
3269.5000    0.000000000000e+00
3269.7500    0.000000000000e+00
3270.0000    0.000000000000e+00
3270.2500    0.000000000000e+00
3270.5000    0.000000000000e+00
3270.7500    0.000000000000e+00
3271.0000    0.000000000000e+00
3271.2500    0.000000000000e+00
3271.5000    0.000000000000e+00
3271.7500    0.000000000000e+00
3272.0000    0.000000000000e+00
3272.2500    0.000000000000e+00
3272.5000    0.000000000000e+00
3272.7500    0.000000000000e+00
3273.0000    0.000000000000e+00
3273.2500    0.000000000000e+00
3273.5000    0.000000000000e+00
3273.7500    0.000000000000e+00
3274.0000    0.000000000000e+00
3274.2500    0.000000000000e+00
3274.5000    0.000000000000e+00
3274.7500    0.000000000000e+00
3275.0000    0.000000000000e+00
3275.2500    0.000000000000e+00
3275.5000    0.000000000000e+00
3275.7500    0.000000000000e+00
3276.0000    0.000000000000e+00
3276.2500    0.000000000000e+00
3276.5000    0.000000000000e+00
3276.7500    0.000000000000e+00
3277.0000    0.000000000000e+00
3277.2500    0.000000000000e+00
3277.5000    0.000000000000e+00
3277.7500    0.000000000000e+00
3278.0000    0.000000000000e+00
3278.2500    0.000000000000e+00
3278.5000    0.000000000000e+00
3278.7500    0.000000000000e+00
3279.0000    0.000000000000e+00
3279.2500    0.000000000000e+00
3279.5000    0.000000000000e+00
3279.7500    0.000000000000e+00
3280.0000    0.000000000000e+00
3280.2500    0.000000000000e+00
3280.5000    0.000000000000e+00
3280.7500    0.000000000000e+00
3281.0000    0.000000000000e+00
3281.2500    0.000000000000e+00
3281.5000    0.000000000000e+00
3281.7500    0.000000000000e+00
3282.0000    0.000000000000e+00
3282.2500    0.000000000000e+00
3282.5000    0.000000000000e+00
3282.7500    0.000000000000e+00
3283.0000    0.000000000000e+00
3283.2500    0.000000000000e+00
3283.5000    0.000000000000e+00
3283.7500    0.000000000000e+00
3284.0000    0.000000000000e+00
3284.2500    0.000000000000e+00
3284.5000    0.000000000000e+00
3284.7500    0.000000000000e+00
3285.0000    0.000000000000e+00
3285.2500    0.000000000000e+00
3285.5000    0.000000000000e+00
3285.7500    0.000000000000e+00
3286.0000    0.000000000000e+00
3286.2500    0.000000000000e+00
3286.5000    0.000000000000e+00
3286.7500    0.000000000000e+00
3287.0000    0.000000000000e+00
3287.2500    0.000000000000e+00
3287.5000    0.000000000000e+00
3287.7500    0.000000000000e+00
3288.0000    0.000000000000e+00
3288.2500    0.000000000000e+00
3288.5000    0.000000000000e+00
3288.7500    0.000000000000e+00
3289.0000    0.000000000000e+00
3289.2500    0.000000000000e+00
3289.5000    0.000000000000e+00
3289.7500    0.000000000000e+00
3290.0000    0.000000000000e+00
3290.2500    0.000000000000e+00
3290.5000    0.000000000000e+00
3290.7500    0.000000000000e+00
3291.0000    0.000000000000e+00
3291.2500    0.000000000000e+00
3291.5000    0.000000000000e+00
3291.7500    0.000000000000e+00
3292.0000    0.000000000000e+00
3292.2500    0.000000000000e+00
3292.5000    0.000000000000e+00
3292.7500    0.000000000000e+00
3293.0000    0.000000000000e+00
3293.2500    0.000000000000e+00
3293.5000    0.000000000000e+00
3293.7500    0.000000000000e+00
3294.0000    0.000000000000e+00
3294.2500    0.000000000000e+00
3294.5000    0.000000000000e+00
3294.7500    0.000000000000e+00
3295.0000    0.000000000000e+00
3295.2500    0.000000000000e+00
3295.5000    0.000000000000e+00
3295.7500    0.000000000000e+00
3296.0000    0.000000000000e+00
3296.2500    0.000000000000e+00
3296.5000    0.000000000000e+00
3296.7500    0.000000000000e+00
3297.0000    0.000000000000e+00
3297.2500    0.000000000000e+00
3297.5000    0.000000000000e+00
3297.7500    0.000000000000e+00
3298.0000    0.000000000000e+00
3298.2500    0.000000000000e+00
3298.5000    0.000000000000e+00
3298.7500    0.000000000000e+00
3299.0000    0.000000000000e+00
3299.2500    0.000000000000e+00
3299.5000    0.000000000000e+00
3299.7500    0.000000000000e+00
3300.0000    0.000000000000e+00
3300.2500    0.000000000000e+00
3300.5000    0.000000000000e+00
3300.7500    0.000000000000e+00
3301.0000    0.000000000000e+00
3301.2500    0.000000000000e+00
3301.5000    0.000000000000e+00
3301.7500    0.000000000000e+00
3302.0000    0.000000000000e+00
3302.2500    0.000000000000e+00
3302.5000    0.000000000000e+00
3302.7500    0.000000000000e+00
3303.0000    0.000000000000e+00
3303.2500    0.000000000000e+00
3303.5000    0.000000000000e+00
3303.7500    0.000000000000e+00
3304.0000    0.000000000000e+00
3304.2500    0.000000000000e+00
3304.5000    0.000000000000e+00
3304.7500    0.000000000000e+00
3305.0000    0.000000000000e+00
3305.2500    0.000000000000e+00
3305.5000    0.000000000000e+00
3305.7500    0.000000000000e+00
3306.0000    0.000000000000e+00
3306.2500    0.000000000000e+00
3306.5000    0.000000000000e+00
3306.7500    0.000000000000e+00
3307.0000    0.000000000000e+00
3307.2500    0.000000000000e+00
3307.5000    0.000000000000e+00
3307.7500    0.000000000000e+00
3308.0000    0.000000000000e+00
3308.2500    0.000000000000e+00
3308.5000    0.000000000000e+00
3308.7500    0.000000000000e+00
3309.0000    0.000000000000e+00
3309.2500    0.000000000000e+00
3309.5000    0.000000000000e+00
3309.7500    0.000000000000e+00
3310.0000    0.000000000000e+00
3310.2500    0.000000000000e+00
3310.5000    0.000000000000e+00
3310.7500    0.000000000000e+00
3311.0000    0.000000000000e+00
3311.2500    0.000000000000e+00
3311.5000    0.000000000000e+00
3311.7500    0.000000000000e+00
3312.0000    0.000000000000e+00
3312.2500    0.000000000000e+00
3312.5000    0.000000000000e+00
3312.7500    0.000000000000e+00
3313.0000    0.000000000000e+00
3313.2500    0.000000000000e+00
3313.5000    0.000000000000e+00
3313.7500    0.000000000000e+00
3314.0000    0.000000000000e+00
3314.2500    0.000000000000e+00
3314.5000    0.000000000000e+00
3314.7500    0.000000000000e+00
3315.0000    0.000000000000e+00
3315.2500    0.000000000000e+00
3315.5000    0.000000000000e+00
3315.7500    0.000000000000e+00
3316.0000    0.000000000000e+00
3316.2500    0.000000000000e+00
3316.5000    0.000000000000e+00
3316.7500    0.000000000000e+00
3317.0000    0.000000000000e+00
3317.2500    0.000000000000e+00
3317.5000    0.000000000000e+00
3317.7500    0.000000000000e+00
3318.0000    0.000000000000e+00
3318.2500    0.000000000000e+00
3318.5000    0.000000000000e+00
3318.7500    0.000000000000e+00
3319.0000    0.000000000000e+00
3319.2500    0.000000000000e+00
3319.5000    0.000000000000e+00
3319.7500    0.000000000000e+00
3320.0000    0.000000000000e+00
3320.2500    0.000000000000e+00
3320.5000    0.000000000000e+00
3320.7500    0.000000000000e+00
3321.0000    0.000000000000e+00
3321.2500    0.000000000000e+00
3321.5000    0.000000000000e+00
3321.7500    0.000000000000e+00
3322.0000    0.000000000000e+00
3322.2500    0.000000000000e+00
3322.5000    0.000000000000e+00
3322.7500    0.000000000000e+00
3323.0000    0.000000000000e+00
3323.2500    0.000000000000e+00
3323.5000    0.000000000000e+00
3323.7500    0.000000000000e+00
3324.0000    0.000000000000e+00
3324.2500    0.000000000000e+00
3324.5000    0.000000000000e+00
3324.7500    0.000000000000e+00
3325.0000    0.000000000000e+00
3325.2500    0.000000000000e+00
3325.5000    0.000000000000e+00
3325.7500    0.000000000000e+00
3326.0000    0.000000000000e+00
3326.2500    0.000000000000e+00
3326.5000    0.000000000000e+00
3326.7500    0.000000000000e+00
3327.0000    0.000000000000e+00
3327.2500    0.000000000000e+00
3327.5000    0.000000000000e+00
3327.7500    0.000000000000e+00
3328.0000    0.000000000000e+00
3328.2500    0.000000000000e+00
3328.5000    0.000000000000e+00
3328.7500    0.000000000000e+00
3329.0000    0.000000000000e+00
3329.2500    0.000000000000e+00
3329.5000    0.000000000000e+00
3329.7500    0.000000000000e+00
3330.0000    0.000000000000e+00
3330.2500    0.000000000000e+00
3330.5000    0.000000000000e+00
3330.7500    0.000000000000e+00
3331.0000    0.000000000000e+00
3331.2500    0.000000000000e+00
3331.5000    0.000000000000e+00
3331.7500    0.000000000000e+00
3332.0000    0.000000000000e+00
3332.2500    0.000000000000e+00
3332.5000    0.000000000000e+00
3332.7500    0.000000000000e+00
3333.0000    0.000000000000e+00
3333.2500    0.000000000000e+00
3333.5000    0.000000000000e+00
3333.7500    0.000000000000e+00
3334.0000    0.000000000000e+00
3334.2500    0.000000000000e+00
3334.5000    0.000000000000e+00
3334.7500    0.000000000000e+00
3335.0000    0.000000000000e+00
3335.2500    0.000000000000e+00
3335.5000    0.000000000000e+00
3335.7500    0.000000000000e+00
3336.0000    0.000000000000e+00
3336.2500    0.000000000000e+00
3336.5000    0.000000000000e+00
3336.7500    0.000000000000e+00
3337.0000    0.000000000000e+00
3337.2500    0.000000000000e+00
3337.5000    0.000000000000e+00
3337.7500    0.000000000000e+00
3338.0000    0.000000000000e+00
3338.2500    0.000000000000e+00
3338.5000    0.000000000000e+00
3338.7500    0.000000000000e+00
3339.0000    0.000000000000e+00
3339.2500    0.000000000000e+00
3339.5000    0.000000000000e+00
3339.7500    0.000000000000e+00
3340.0000    0.000000000000e+00
3340.2500    0.000000000000e+00
3340.5000    0.000000000000e+00
3340.7500    0.000000000000e+00
3341.0000    0.000000000000e+00
3341.2500    0.000000000000e+00
3341.5000    0.000000000000e+00
3341.7500    0.000000000000e+00
3342.0000    0.000000000000e+00
3342.2500    0.000000000000e+00
3342.5000    0.000000000000e+00
3342.7500    0.000000000000e+00
3343.0000    0.000000000000e+00
3343.2500    0.000000000000e+00
3343.5000    0.000000000000e+00
3343.7500    0.000000000000e+00
3344.0000    0.000000000000e+00
3344.2500    0.000000000000e+00
3344.5000    0.000000000000e+00
3344.7500    0.000000000000e+00
3345.0000    0.000000000000e+00
3345.2500    0.000000000000e+00
3345.5000    0.000000000000e+00
3345.7500    0.000000000000e+00
3346.0000    0.000000000000e+00
3346.2500    0.000000000000e+00
3346.5000    0.000000000000e+00
3346.7500    0.000000000000e+00
3347.0000    0.000000000000e+00
3347.2500    0.000000000000e+00
3347.5000    0.000000000000e+00
3347.7500    0.000000000000e+00
3348.0000    0.000000000000e+00
3348.2500    0.000000000000e+00
3348.5000    0.000000000000e+00
3348.7500    0.000000000000e+00
3349.0000    0.000000000000e+00
3349.2500    0.000000000000e+00
3349.5000    0.000000000000e+00
3349.7500    0.000000000000e+00
3350.0000    0.000000000000e+00
3350.2500    0.000000000000e+00
3350.5000    0.000000000000e+00
3350.7500    0.000000000000e+00
3351.0000    0.000000000000e+00
3351.2500    0.000000000000e+00
3351.5000    0.000000000000e+00
3351.7500    0.000000000000e+00
3352.0000    0.000000000000e+00
3352.2500    0.000000000000e+00
3352.5000    0.000000000000e+00
3352.7500    0.000000000000e+00
3353.0000    0.000000000000e+00
3353.2500    0.000000000000e+00
3353.5000    0.000000000000e+00
3353.7500    0.000000000000e+00
3354.0000    0.000000000000e+00
3354.2500    0.000000000000e+00
3354.5000    0.000000000000e+00
3354.7500    0.000000000000e+00
3355.0000    0.000000000000e+00
3355.2500    0.000000000000e+00
3355.5000    0.000000000000e+00
3355.7500    0.000000000000e+00
3356.0000    0.000000000000e+00
3356.2500    0.000000000000e+00
3356.5000    0.000000000000e+00
3356.7500    0.000000000000e+00
3357.0000    0.000000000000e+00
3357.2500    0.000000000000e+00
3357.5000    0.000000000000e+00
3357.7500    0.000000000000e+00
3358.0000    0.000000000000e+00
3358.2500    0.000000000000e+00
3358.5000    0.000000000000e+00
3358.7500    0.000000000000e+00
3359.0000    0.000000000000e+00
3359.2500    0.000000000000e+00
3359.5000    0.000000000000e+00
3359.7500    0.000000000000e+00
3360.0000    0.000000000000e+00
3360.2500    0.000000000000e+00
3360.5000    0.000000000000e+00
3360.7500    0.000000000000e+00
3361.0000    0.000000000000e+00
3361.2500    0.000000000000e+00
3361.5000    0.000000000000e+00
3361.7500    0.000000000000e+00
3362.0000    0.000000000000e+00
3362.2500    0.000000000000e+00
3362.5000    0.000000000000e+00
3362.7500    0.000000000000e+00
3363.0000    0.000000000000e+00
3363.2500    0.000000000000e+00
3363.5000    0.000000000000e+00
3363.7500    0.000000000000e+00
3364.0000    0.000000000000e+00
3364.2500    0.000000000000e+00
3364.5000    0.000000000000e+00
3364.7500    0.000000000000e+00
3365.0000    0.000000000000e+00
3365.2500    0.000000000000e+00
3365.5000    0.000000000000e+00
3365.7500    0.000000000000e+00
3366.0000    0.000000000000e+00
3366.2500    0.000000000000e+00
3366.5000    0.000000000000e+00
3366.7500    0.000000000000e+00
3367.0000    0.000000000000e+00
3367.2500    0.000000000000e+00
3367.5000    0.000000000000e+00
3367.7500    0.000000000000e+00
3368.0000    0.000000000000e+00
3368.2500    0.000000000000e+00
3368.5000    0.000000000000e+00
3368.7500    0.000000000000e+00
3369.0000    0.000000000000e+00
3369.2500    0.000000000000e+00
3369.5000    0.000000000000e+00
3369.7500    0.000000000000e+00
3370.0000    0.000000000000e+00
3370.2500    0.000000000000e+00
3370.5000    0.000000000000e+00
3370.7500    0.000000000000e+00
3371.0000    0.000000000000e+00
3371.2500    0.000000000000e+00
3371.5000    0.000000000000e+00
3371.7500    0.000000000000e+00
3372.0000    0.000000000000e+00
3372.2500    0.000000000000e+00
3372.5000    0.000000000000e+00
3372.7500    0.000000000000e+00
3373.0000    0.000000000000e+00
3373.2500    0.000000000000e+00
3373.5000    0.000000000000e+00
3373.7500    0.000000000000e+00
3374.0000    0.000000000000e+00
3374.2500    0.000000000000e+00
3374.5000    0.000000000000e+00
3374.7500    0.000000000000e+00
3375.0000    0.000000000000e+00
3375.2500    0.000000000000e+00
3375.5000    0.000000000000e+00
3375.7500    0.000000000000e+00
3376.0000    0.000000000000e+00
3376.2500    0.000000000000e+00
3376.5000    0.000000000000e+00
3376.7500    0.000000000000e+00
3377.0000    0.000000000000e+00
3377.2500    0.000000000000e+00
3377.5000    0.000000000000e+00
3377.7500    0.000000000000e+00
3378.0000    0.000000000000e+00
3378.2500    0.000000000000e+00
3378.5000    0.000000000000e+00
3378.7500    0.000000000000e+00
3379.0000    0.000000000000e+00
3379.2500    0.000000000000e+00
3379.5000    0.000000000000e+00
3379.7500    0.000000000000e+00
3380.0000    0.000000000000e+00
3380.2500    0.000000000000e+00
3380.5000    0.000000000000e+00
3380.7500    0.000000000000e+00
3381.0000    0.000000000000e+00
3381.2500    0.000000000000e+00
3381.5000    0.000000000000e+00
3381.7500    0.000000000000e+00
3382.0000    0.000000000000e+00
3382.2500    0.000000000000e+00
3382.5000    0.000000000000e+00
3382.7500    0.000000000000e+00
3383.0000    0.000000000000e+00
3383.2500    0.000000000000e+00
3383.5000    0.000000000000e+00
3383.7500    0.000000000000e+00
3384.0000    0.000000000000e+00
3384.2500    0.000000000000e+00
3384.5000    0.000000000000e+00
3384.7500    0.000000000000e+00
3385.0000    0.000000000000e+00
3385.2500    0.000000000000e+00
3385.5000    0.000000000000e+00
3385.7500    0.000000000000e+00
3386.0000    0.000000000000e+00
3386.2500    0.000000000000e+00
3386.5000    0.000000000000e+00
3386.7500    0.000000000000e+00
3387.0000    0.000000000000e+00
3387.2500    0.000000000000e+00
3387.5000    0.000000000000e+00
3387.7500    0.000000000000e+00
3388.0000    0.000000000000e+00
3388.2500    0.000000000000e+00
3388.5000    0.000000000000e+00
3388.7500    0.000000000000e+00
3389.0000    0.000000000000e+00
3389.2500    0.000000000000e+00
3389.5000    0.000000000000e+00
3389.7500    0.000000000000e+00
3390.0000    0.000000000000e+00
3390.2500    0.000000000000e+00
3390.5000    0.000000000000e+00
3390.7500    0.000000000000e+00
3391.0000    0.000000000000e+00
3391.2500    0.000000000000e+00
3391.5000    0.000000000000e+00
3391.7500    0.000000000000e+00
3392.0000    0.000000000000e+00
3392.2500    0.000000000000e+00
3392.5000    0.000000000000e+00
3392.7500    0.000000000000e+00
3393.0000    0.000000000000e+00
3393.2500    0.000000000000e+00
3393.5000    0.000000000000e+00
3393.7500    0.000000000000e+00
3394.0000    0.000000000000e+00
3394.2500    0.000000000000e+00
3394.5000    0.000000000000e+00
3394.7500    0.000000000000e+00
3395.0000    0.000000000000e+00
3395.2500    0.000000000000e+00
3395.5000    0.000000000000e+00
3395.7500    0.000000000000e+00
3396.0000    0.000000000000e+00
3396.2500    0.000000000000e+00
3396.5000    0.000000000000e+00
3396.7500    0.000000000000e+00
3397.0000    0.000000000000e+00
3397.2500    0.000000000000e+00
3397.5000    0.000000000000e+00
3397.7500    0.000000000000e+00
3398.0000    0.000000000000e+00
3398.2500    0.000000000000e+00
3398.5000    0.000000000000e+00
3398.7500    0.000000000000e+00
3399.0000    0.000000000000e+00
3399.2500    0.000000000000e+00
3399.5000    0.000000000000e+00
3399.7500    0.000000000000e+00
3400.0000    0.000000000000e+00
3400.2500    0.000000000000e+00
3400.5000    0.000000000000e+00
3400.7500    0.000000000000e+00
3401.0000    0.000000000000e+00
3401.2500    0.000000000000e+00
3401.5000    0.000000000000e+00
3401.7500    0.000000000000e+00
3402.0000    0.000000000000e+00
3402.2500    0.000000000000e+00
3402.5000    0.000000000000e+00
3402.7500    0.000000000000e+00
3403.0000    0.000000000000e+00
3403.2500    0.000000000000e+00
3403.5000    0.000000000000e+00
3403.7500    0.000000000000e+00
3404.0000    0.000000000000e+00
3404.2500    0.000000000000e+00
3404.5000    0.000000000000e+00
3404.7500    0.000000000000e+00
3405.0000    0.000000000000e+00
3405.2500    0.000000000000e+00
3405.5000    0.000000000000e+00
3405.7500    0.000000000000e+00
3406.0000    0.000000000000e+00
3406.2500    0.000000000000e+00
3406.5000    0.000000000000e+00
3406.7500    0.000000000000e+00
3407.0000    0.000000000000e+00
3407.2500    0.000000000000e+00
3407.5000    0.000000000000e+00
3407.7500    0.000000000000e+00
3408.0000    0.000000000000e+00
3408.2500    0.000000000000e+00
3408.5000    0.000000000000e+00
3408.7500    0.000000000000e+00
3409.0000    0.000000000000e+00
3409.2500    0.000000000000e+00
3409.5000    0.000000000000e+00
3409.7500    0.000000000000e+00
3410.0000    0.000000000000e+00
3410.2500    0.000000000000e+00
3410.5000    0.000000000000e+00
3410.7500    0.000000000000e+00
3411.0000    0.000000000000e+00
3411.2500    0.000000000000e+00
3411.5000    0.000000000000e+00
3411.7500    0.000000000000e+00
3412.0000    0.000000000000e+00
3412.2500    0.000000000000e+00
3412.5000    0.000000000000e+00
3412.7500    0.000000000000e+00
3413.0000    0.000000000000e+00
3413.2500    0.000000000000e+00
3413.5000    0.000000000000e+00
3413.7500    0.000000000000e+00
3414.0000    0.000000000000e+00
3414.2500    0.000000000000e+00
3414.5000    0.000000000000e+00
3414.7500    0.000000000000e+00
3415.0000    0.000000000000e+00
3415.2500    0.000000000000e+00
3415.5000    0.000000000000e+00
3415.7500    0.000000000000e+00
3416.0000    0.000000000000e+00
3416.2500    0.000000000000e+00
3416.5000    0.000000000000e+00
3416.7500    0.000000000000e+00
3417.0000    0.000000000000e+00
3417.2500    0.000000000000e+00
3417.5000    0.000000000000e+00
3417.7500    0.000000000000e+00
3418.0000    0.000000000000e+00
3418.2500    0.000000000000e+00
3418.5000    0.000000000000e+00
3418.7500    0.000000000000e+00
3419.0000    0.000000000000e+00
3419.2500    0.000000000000e+00
3419.5000    0.000000000000e+00
3419.7500    0.000000000000e+00
3420.0000    0.000000000000e+00
3420.2500    0.000000000000e+00
3420.5000    0.000000000000e+00
3420.7500    0.000000000000e+00
3421.0000    0.000000000000e+00
3421.2500    0.000000000000e+00
3421.5000    0.000000000000e+00
3421.7500    0.000000000000e+00
3422.0000    0.000000000000e+00
3422.2500    0.000000000000e+00
3422.5000    0.000000000000e+00
3422.7500    0.000000000000e+00
3423.0000    0.000000000000e+00
3423.2500    0.000000000000e+00
3423.5000    0.000000000000e+00
3423.7500    0.000000000000e+00
3424.0000    0.000000000000e+00
3424.2500    0.000000000000e+00
3424.5000    0.000000000000e+00
3424.7500    0.000000000000e+00
3425.0000    0.000000000000e+00
3425.2500    0.000000000000e+00
3425.5000    0.000000000000e+00
3425.7500    0.000000000000e+00
3426.0000    0.000000000000e+00
3426.2500    0.000000000000e+00
3426.5000    0.000000000000e+00
3426.7500    0.000000000000e+00
3427.0000    0.000000000000e+00
3427.2500    0.000000000000e+00
3427.5000    0.000000000000e+00
3427.7500    0.000000000000e+00
3428.0000    0.000000000000e+00
3428.2500    0.000000000000e+00
3428.5000    0.000000000000e+00
3428.7500    0.000000000000e+00
3429.0000    0.000000000000e+00
3429.2500    0.000000000000e+00
3429.5000    0.000000000000e+00
3429.7500    0.000000000000e+00
3430.0000    0.000000000000e+00
3430.2500    0.000000000000e+00
3430.5000    0.000000000000e+00
3430.7500    0.000000000000e+00
3431.0000    0.000000000000e+00
3431.2500    0.000000000000e+00
3431.5000    0.000000000000e+00
3431.7500    0.000000000000e+00
3432.0000    0.000000000000e+00
3432.2500    0.000000000000e+00
3432.5000    0.000000000000e+00
3432.7500    0.000000000000e+00
3433.0000    0.000000000000e+00
3433.2500    0.000000000000e+00
3433.5000    0.000000000000e+00
3433.7500    0.000000000000e+00
3434.0000    0.000000000000e+00
3434.2500    0.000000000000e+00
3434.5000    0.000000000000e+00
3434.7500    0.000000000000e+00
3435.0000    0.000000000000e+00
3435.2500    0.000000000000e+00
3435.5000    0.000000000000e+00
3435.7500    0.000000000000e+00
3436.0000    0.000000000000e+00
3436.2500    0.000000000000e+00
3436.5000    0.000000000000e+00
3436.7500    0.000000000000e+00
3437.0000    0.000000000000e+00
3437.2500    0.000000000000e+00
3437.5000    0.000000000000e+00
3437.7500    0.000000000000e+00
3438.0000    0.000000000000e+00
3438.2500    0.000000000000e+00
3438.5000    0.000000000000e+00
3438.7500    0.000000000000e+00
3439.0000    0.000000000000e+00
3439.2500    0.000000000000e+00
3439.5000    0.000000000000e+00
3439.7500    0.000000000000e+00
3440.0000    0.000000000000e+00
3440.2500    0.000000000000e+00
3440.5000    0.000000000000e+00
3440.7500    0.000000000000e+00
3441.0000    0.000000000000e+00
3441.2500    0.000000000000e+00
3441.5000    0.000000000000e+00
3441.7500    0.000000000000e+00
3442.0000    0.000000000000e+00
3442.2500    0.000000000000e+00
3442.5000    0.000000000000e+00
3442.7500    0.000000000000e+00
3443.0000    0.000000000000e+00
3443.2500    0.000000000000e+00
3443.5000    0.000000000000e+00
3443.7500    0.000000000000e+00
3444.0000    0.000000000000e+00
3444.2500    0.000000000000e+00
3444.5000    0.000000000000e+00
3444.7500    0.000000000000e+00
3445.0000    0.000000000000e+00
3445.2500    0.000000000000e+00
3445.5000    0.000000000000e+00
3445.7500    0.000000000000e+00
3446.0000    0.000000000000e+00
3446.2500    0.000000000000e+00
3446.5000    0.000000000000e+00
3446.7500    0.000000000000e+00
3447.0000    0.000000000000e+00
3447.2500    0.000000000000e+00
3447.5000    0.000000000000e+00
3447.7500    0.000000000000e+00
3448.0000    0.000000000000e+00
3448.2500    0.000000000000e+00
3448.5000    0.000000000000e+00
3448.7500    0.000000000000e+00
3449.0000    0.000000000000e+00
3449.2500    0.000000000000e+00
3449.5000    0.000000000000e+00
3449.7500    0.000000000000e+00
3450.0000    0.000000000000e+00
3450.2500    0.000000000000e+00
3450.5000    0.000000000000e+00
3450.7500    0.000000000000e+00
3451.0000    0.000000000000e+00
3451.2500    0.000000000000e+00
3451.5000    0.000000000000e+00
3451.7500    0.000000000000e+00
3452.0000    0.000000000000e+00
3452.2500    0.000000000000e+00
3452.5000    0.000000000000e+00
3452.7500    0.000000000000e+00
3453.0000    0.000000000000e+00
3453.2500    0.000000000000e+00
3453.5000    0.000000000000e+00
3453.7500    0.000000000000e+00
3454.0000    0.000000000000e+00
3454.2500    0.000000000000e+00
3454.5000    0.000000000000e+00
3454.7500    0.000000000000e+00
3455.0000    0.000000000000e+00
3455.2500    0.000000000000e+00
3455.5000    0.000000000000e+00
3455.7500    0.000000000000e+00
3456.0000    0.000000000000e+00
3456.2500    0.000000000000e+00
3456.5000    0.000000000000e+00
3456.7500    0.000000000000e+00
3457.0000    0.000000000000e+00
3457.2500    0.000000000000e+00
3457.5000    0.000000000000e+00
3457.7500    0.000000000000e+00
3458.0000    0.000000000000e+00
3458.2500    0.000000000000e+00
3458.5000    0.000000000000e+00
3458.7500    0.000000000000e+00
3459.0000    0.000000000000e+00
3459.2500    0.000000000000e+00
3459.5000    0.000000000000e+00
3459.7500    0.000000000000e+00
3460.0000    0.000000000000e+00
3460.2500    0.000000000000e+00
3460.5000    0.000000000000e+00
3460.7500    0.000000000000e+00
3461.0000    0.000000000000e+00
3461.2500    0.000000000000e+00
3461.5000    0.000000000000e+00
3461.7500    0.000000000000e+00
3462.0000    0.000000000000e+00
3462.2500    0.000000000000e+00
3462.5000    0.000000000000e+00
3462.7500    0.000000000000e+00
3463.0000    0.000000000000e+00
3463.2500    0.000000000000e+00
3463.5000    0.000000000000e+00
3463.7500    0.000000000000e+00
3464.0000    0.000000000000e+00
3464.2500    0.000000000000e+00
3464.5000    0.000000000000e+00
3464.7500    0.000000000000e+00
3465.0000    0.000000000000e+00
3465.2500    0.000000000000e+00
3465.5000    0.000000000000e+00
3465.7500    0.000000000000e+00
3466.0000    0.000000000000e+00
3466.2500    0.000000000000e+00
3466.5000    0.000000000000e+00
3466.7500    0.000000000000e+00
3467.0000    0.000000000000e+00
3467.2500    0.000000000000e+00
3467.5000    0.000000000000e+00
3467.7500    0.000000000000e+00
3468.0000    0.000000000000e+00
3468.2500    0.000000000000e+00
3468.5000    0.000000000000e+00
3468.7500    0.000000000000e+00
3469.0000    0.000000000000e+00
3469.2500    0.000000000000e+00
3469.5000    0.000000000000e+00
3469.7500    0.000000000000e+00
3470.0000    0.000000000000e+00
3470.2500    0.000000000000e+00
3470.5000    0.000000000000e+00
3470.7500    0.000000000000e+00
3471.0000    0.000000000000e+00
3471.2500    0.000000000000e+00
3471.5000    0.000000000000e+00
3471.7500    0.000000000000e+00
3472.0000    0.000000000000e+00
3472.2500    0.000000000000e+00
3472.5000    0.000000000000e+00
3472.7500    0.000000000000e+00
3473.0000    0.000000000000e+00
3473.2500    0.000000000000e+00
3473.5000    0.000000000000e+00
3473.7500    0.000000000000e+00
3474.0000    0.000000000000e+00
3474.2500    0.000000000000e+00
3474.5000    0.000000000000e+00
3474.7500    0.000000000000e+00
3475.0000    0.000000000000e+00
3475.2500    0.000000000000e+00
3475.5000    0.000000000000e+00
3475.7500    0.000000000000e+00
3476.0000    0.000000000000e+00
3476.2500    0.000000000000e+00
3476.5000    0.000000000000e+00
3476.7500    0.000000000000e+00
3477.0000    0.000000000000e+00
3477.2500    0.000000000000e+00
3477.5000    0.000000000000e+00
3477.7500    0.000000000000e+00
3478.0000    0.000000000000e+00
3478.2500    0.000000000000e+00
3478.5000    0.000000000000e+00
3478.7500    0.000000000000e+00
3479.0000    0.000000000000e+00
3479.2500    0.000000000000e+00
3479.5000    0.000000000000e+00
3479.7500    0.000000000000e+00
3480.0000    0.000000000000e+00
3480.2500    0.000000000000e+00
3480.5000    0.000000000000e+00
3480.7500    0.000000000000e+00
3481.0000    0.000000000000e+00
3481.2500    0.000000000000e+00
3481.5000    0.000000000000e+00
3481.7500    0.000000000000e+00
3482.0000    0.000000000000e+00
3482.2500    0.000000000000e+00
3482.5000    0.000000000000e+00
3482.7500    0.000000000000e+00
3483.0000    0.000000000000e+00
3483.2500    0.000000000000e+00
3483.5000    0.000000000000e+00
3483.7500    0.000000000000e+00
3484.0000    0.000000000000e+00
3484.2500    0.000000000000e+00
3484.5000    0.000000000000e+00
3484.7500    0.000000000000e+00
3485.0000    0.000000000000e+00
3485.2500    0.000000000000e+00
3485.5000    0.000000000000e+00
3485.7500    0.000000000000e+00
3486.0000    0.000000000000e+00
3486.2500    0.000000000000e+00
3486.5000    0.000000000000e+00
3486.7500    0.000000000000e+00
3487.0000    0.000000000000e+00
3487.2500    0.000000000000e+00
3487.5000    0.000000000000e+00
3487.7500    0.000000000000e+00
3488.0000    0.000000000000e+00
3488.2500    0.000000000000e+00
3488.5000    0.000000000000e+00
3488.7500    0.000000000000e+00
3489.0000    0.000000000000e+00
3489.2500    0.000000000000e+00
3489.5000    0.000000000000e+00
3489.7500    0.000000000000e+00
3490.0000    0.000000000000e+00
3490.2500    0.000000000000e+00
3490.5000    0.000000000000e+00
3490.7500    0.000000000000e+00
3491.0000    0.000000000000e+00
3491.2500    0.000000000000e+00
3491.5000    0.000000000000e+00
3491.7500    0.000000000000e+00
3492.0000    0.000000000000e+00
3492.2500    0.000000000000e+00
3492.5000    0.000000000000e+00
3492.7500    0.000000000000e+00
3493.0000    0.000000000000e+00
3493.2500    0.000000000000e+00
3493.5000    0.000000000000e+00
3493.7500    0.000000000000e+00
3494.0000    0.000000000000e+00
3494.2500    0.000000000000e+00
3494.5000    0.000000000000e+00
3494.7500    0.000000000000e+00
3495.0000    0.000000000000e+00
3495.2500    0.000000000000e+00
3495.5000    0.000000000000e+00
3495.7500    0.000000000000e+00
3496.0000    0.000000000000e+00
3496.2500    0.000000000000e+00
3496.5000    0.000000000000e+00
3496.7500    0.000000000000e+00
3497.0000    0.000000000000e+00
3497.2500    0.000000000000e+00
3497.5000    0.000000000000e+00
3497.7500    0.000000000000e+00
3498.0000    0.000000000000e+00
3498.2500    0.000000000000e+00
3498.5000    0.000000000000e+00
3498.7500    0.000000000000e+00
3499.0000    0.000000000000e+00
3499.2500    0.000000000000e+00
3499.5000    0.000000000000e+00
3499.7500    0.000000000000e+00
3500.0000    0.000000000000e+00
3500.2500    0.000000000000e+00
3500.5000    0.000000000000e+00
3500.7500    0.000000000000e+00
3501.0000    0.000000000000e+00
3501.2500    0.000000000000e+00
3501.5000    0.000000000000e+00
3501.7500    0.000000000000e+00
3502.0000    0.000000000000e+00
3502.2500    0.000000000000e+00
3502.5000    0.000000000000e+00
3502.7500    0.000000000000e+00
3503.0000    0.000000000000e+00
3503.2500    0.000000000000e+00
3503.5000    0.000000000000e+00
3503.7500    0.000000000000e+00
3504.0000    0.000000000000e+00
3504.2500    0.000000000000e+00
3504.5000    0.000000000000e+00
3504.7500    0.000000000000e+00
3505.0000    0.000000000000e+00
3505.2500    0.000000000000e+00
3505.5000    0.000000000000e+00
3505.7500    0.000000000000e+00
3506.0000    0.000000000000e+00
3506.2500    0.000000000000e+00
3506.5000    0.000000000000e+00
3506.7500    0.000000000000e+00
3507.0000    0.000000000000e+00
3507.2500    0.000000000000e+00
3507.5000    0.000000000000e+00
3507.7500    0.000000000000e+00
3508.0000    0.000000000000e+00
3508.2500    0.000000000000e+00
3508.5000    0.000000000000e+00
3508.7500    0.000000000000e+00
3509.0000    0.000000000000e+00
3509.2500    0.000000000000e+00
3509.5000    0.000000000000e+00
3509.7500    0.000000000000e+00
3510.0000    0.000000000000e+00
3510.2500    0.000000000000e+00
3510.5000    0.000000000000e+00
3510.7500    0.000000000000e+00
3511.0000    0.000000000000e+00
3511.2500    0.000000000000e+00
3511.5000    0.000000000000e+00
3511.7500    0.000000000000e+00
3512.0000    0.000000000000e+00
3512.2500    0.000000000000e+00
3512.5000    0.000000000000e+00
3512.7500    0.000000000000e+00
3513.0000    0.000000000000e+00
3513.2500    0.000000000000e+00
3513.5000    0.000000000000e+00
3513.7500    0.000000000000e+00
3514.0000    0.000000000000e+00
3514.2500    0.000000000000e+00
3514.5000    0.000000000000e+00
3514.7500    0.000000000000e+00
3515.0000    0.000000000000e+00
3515.2500    0.000000000000e+00
3515.5000    0.000000000000e+00
3515.7500    0.000000000000e+00
3516.0000    0.000000000000e+00
3516.2500    0.000000000000e+00
3516.5000    0.000000000000e+00
3516.7500    0.000000000000e+00
3517.0000    0.000000000000e+00
3517.2500    0.000000000000e+00
3517.5000    0.000000000000e+00
3517.7500    0.000000000000e+00
3518.0000    0.000000000000e+00
3518.2500    0.000000000000e+00
3518.5000    0.000000000000e+00
3518.7500    0.000000000000e+00
3519.0000    0.000000000000e+00
3519.2500    0.000000000000e+00
3519.5000    0.000000000000e+00
3519.7500    0.000000000000e+00
3520.0000    0.000000000000e+00
3520.2500    0.000000000000e+00
3520.5000    0.000000000000e+00
3520.7500    0.000000000000e+00
3521.0000    0.000000000000e+00
3521.2500    0.000000000000e+00
3521.5000    0.000000000000e+00
3521.7500    0.000000000000e+00
3522.0000    0.000000000000e+00
3522.2500    0.000000000000e+00
3522.5000    0.000000000000e+00
3522.7500    0.000000000000e+00
3523.0000    0.000000000000e+00
3523.2500    0.000000000000e+00
3523.5000    0.000000000000e+00
3523.7500    0.000000000000e+00
3524.0000    0.000000000000e+00
3524.2500    0.000000000000e+00
3524.5000    0.000000000000e+00
3524.7500    0.000000000000e+00
3525.0000    0.000000000000e+00
3525.2500    0.000000000000e+00
3525.5000    0.000000000000e+00
3525.7500    0.000000000000e+00
3526.0000    0.000000000000e+00
3526.2500    0.000000000000e+00
3526.5000    0.000000000000e+00
3526.7500    0.000000000000e+00
3527.0000    0.000000000000e+00
3527.2500    0.000000000000e+00
3527.5000    0.000000000000e+00
3527.7500    0.000000000000e+00
3528.0000    0.000000000000e+00
3528.2500    0.000000000000e+00
3528.5000    0.000000000000e+00
3528.7500    0.000000000000e+00
3529.0000    0.000000000000e+00
3529.2500    0.000000000000e+00
3529.5000    0.000000000000e+00
3529.7500    0.000000000000e+00
3530.0000    0.000000000000e+00
3530.2500    0.000000000000e+00
3530.5000    0.000000000000e+00
3530.7500    0.000000000000e+00
3531.0000    0.000000000000e+00
3531.2500    0.000000000000e+00
3531.5000    0.000000000000e+00
3531.7500    0.000000000000e+00
3532.0000    0.000000000000e+00
3532.2500    0.000000000000e+00
3532.5000    0.000000000000e+00
3532.7500    0.000000000000e+00
3533.0000    0.000000000000e+00
3533.2500    0.000000000000e+00
3533.5000    0.000000000000e+00
3533.7500    0.000000000000e+00
3534.0000    0.000000000000e+00
3534.2500    0.000000000000e+00
3534.5000    0.000000000000e+00
3534.7500    0.000000000000e+00
3535.0000    0.000000000000e+00
3535.2500    0.000000000000e+00
3535.5000    0.000000000000e+00
3535.7500    0.000000000000e+00
3536.0000    0.000000000000e+00
3536.2500    0.000000000000e+00
3536.5000    0.000000000000e+00
3536.7500    0.000000000000e+00
3537.0000    0.000000000000e+00
3537.2500    0.000000000000e+00
3537.5000    0.000000000000e+00
3537.7500    0.000000000000e+00
3538.0000    0.000000000000e+00
3538.2500    0.000000000000e+00
3538.5000    0.000000000000e+00
3538.7500    0.000000000000e+00
3539.0000    0.000000000000e+00
3539.2500    0.000000000000e+00
3539.5000    0.000000000000e+00
3539.7500    0.000000000000e+00
3540.0000    0.000000000000e+00
3540.2500    0.000000000000e+00
3540.5000    0.000000000000e+00
3540.7500    0.000000000000e+00
3541.0000    0.000000000000e+00
3541.2500    0.000000000000e+00
3541.5000    0.000000000000e+00
3541.7500    0.000000000000e+00
3542.0000    0.000000000000e+00
3542.2500    0.000000000000e+00
3542.5000    0.000000000000e+00
3542.7500    0.000000000000e+00
3543.0000    0.000000000000e+00
3543.2500    0.000000000000e+00
3543.5000    0.000000000000e+00
3543.7500    0.000000000000e+00
3544.0000    0.000000000000e+00
3544.2500    0.000000000000e+00
3544.5000    0.000000000000e+00
3544.7500    0.000000000000e+00
3545.0000    0.000000000000e+00
3545.2500    0.000000000000e+00
3545.5000    0.000000000000e+00
3545.7500    0.000000000000e+00
3546.0000    0.000000000000e+00
3546.2500    0.000000000000e+00
3546.5000    0.000000000000e+00
3546.7500    0.000000000000e+00
3547.0000    0.000000000000e+00
3547.2500    0.000000000000e+00
3547.5000    0.000000000000e+00
3547.7500    0.000000000000e+00
3548.0000    0.000000000000e+00
3548.2500    0.000000000000e+00
3548.5000    0.000000000000e+00
3548.7500    0.000000000000e+00
3549.0000    0.000000000000e+00
3549.2500    0.000000000000e+00
3549.5000    0.000000000000e+00
3549.7500    0.000000000000e+00
3550.0000    0.000000000000e+00
3550.2500    0.000000000000e+00
3550.5000    0.000000000000e+00
3550.7500    0.000000000000e+00
3551.0000    0.000000000000e+00
3551.2500    0.000000000000e+00
3551.5000    0.000000000000e+00
3551.7500    0.000000000000e+00
3552.0000    0.000000000000e+00
3552.2500    0.000000000000e+00
3552.5000    0.000000000000e+00
3552.7500    0.000000000000e+00
3553.0000    0.000000000000e+00
3553.2500    0.000000000000e+00
3553.5000    0.000000000000e+00
3553.7500    0.000000000000e+00
3554.0000    0.000000000000e+00
3554.2500    0.000000000000e+00
3554.5000    0.000000000000e+00
3554.7500    0.000000000000e+00
3555.0000    0.000000000000e+00
3555.2500    0.000000000000e+00
3555.5000    0.000000000000e+00
3555.7500    0.000000000000e+00
3556.0000    0.000000000000e+00
3556.2500    0.000000000000e+00
3556.5000    0.000000000000e+00
3556.7500    0.000000000000e+00
3557.0000    0.000000000000e+00
3557.2500    0.000000000000e+00
3557.5000    0.000000000000e+00
3557.7500    0.000000000000e+00
3558.0000    0.000000000000e+00
3558.2500    0.000000000000e+00
3558.5000    0.000000000000e+00
3558.7500    0.000000000000e+00
3559.0000    0.000000000000e+00
3559.2500    0.000000000000e+00
3559.5000    0.000000000000e+00
3559.7500    0.000000000000e+00
3560.0000    0.000000000000e+00
3560.2500    0.000000000000e+00
3560.5000    0.000000000000e+00
3560.7500    0.000000000000e+00
3561.0000    0.000000000000e+00
3561.2500    0.000000000000e+00
3561.5000    0.000000000000e+00
3561.7500    0.000000000000e+00
3562.0000    0.000000000000e+00
3562.2500    0.000000000000e+00
3562.5000    0.000000000000e+00
3562.7500    0.000000000000e+00
3563.0000    0.000000000000e+00
3563.2500    0.000000000000e+00
3563.5000    0.000000000000e+00
3563.7500    0.000000000000e+00
3564.0000    0.000000000000e+00
3564.2500    0.000000000000e+00
3564.5000    0.000000000000e+00
3564.7500    0.000000000000e+00
3565.0000    0.000000000000e+00
3565.2500    0.000000000000e+00
3565.5000    0.000000000000e+00
3565.7500    0.000000000000e+00
3566.0000    0.000000000000e+00
3566.2500    0.000000000000e+00
3566.5000    0.000000000000e+00
3566.7500    0.000000000000e+00
3567.0000    0.000000000000e+00
3567.2500    0.000000000000e+00
3567.5000    0.000000000000e+00
3567.7500    0.000000000000e+00
3568.0000    0.000000000000e+00
3568.2500    0.000000000000e+00
3568.5000    0.000000000000e+00
3568.7500    0.000000000000e+00
3569.0000    0.000000000000e+00
3569.2500    0.000000000000e+00
3569.5000    0.000000000000e+00
3569.7500    0.000000000000e+00
3570.0000    0.000000000000e+00
3570.2500    0.000000000000e+00
3570.5000    0.000000000000e+00
3570.7500    0.000000000000e+00
3571.0000    0.000000000000e+00
3571.2500    0.000000000000e+00
3571.5000    0.000000000000e+00
3571.7500    0.000000000000e+00
3572.0000    0.000000000000e+00
3572.2500    0.000000000000e+00
3572.5000    0.000000000000e+00
3572.7500    0.000000000000e+00
3573.0000    0.000000000000e+00
3573.2500    0.000000000000e+00
3573.5000    0.000000000000e+00
3573.7500    0.000000000000e+00
3574.0000    0.000000000000e+00
3574.2500    0.000000000000e+00
3574.5000    0.000000000000e+00
3574.7500    0.000000000000e+00
3575.0000    0.000000000000e+00
3575.2500    0.000000000000e+00
3575.5000    0.000000000000e+00
3575.7500    0.000000000000e+00
3576.0000    0.000000000000e+00
3576.2500    0.000000000000e+00
3576.5000    0.000000000000e+00
3576.7500    0.000000000000e+00
3577.0000    0.000000000000e+00
3577.2500    0.000000000000e+00
3577.5000    0.000000000000e+00
3577.7500    0.000000000000e+00
3578.0000    0.000000000000e+00
3578.2500    0.000000000000e+00
3578.5000    0.000000000000e+00
3578.7500    0.000000000000e+00
3579.0000    0.000000000000e+00
3579.2500    0.000000000000e+00
3579.5000    0.000000000000e+00
3579.7500    0.000000000000e+00
3580.0000    0.000000000000e+00
3580.2500    0.000000000000e+00
3580.5000    0.000000000000e+00
3580.7500    0.000000000000e+00
3581.0000    0.000000000000e+00
3581.2500    0.000000000000e+00
3581.5000    0.000000000000e+00
3581.7500    0.000000000000e+00
3582.0000    0.000000000000e+00
3582.2500    0.000000000000e+00
3582.5000    0.000000000000e+00
3582.7500    0.000000000000e+00
3583.0000    0.000000000000e+00
3583.2500    0.000000000000e+00
3583.5000    0.000000000000e+00
3583.7500    0.000000000000e+00
3584.0000    0.000000000000e+00
3584.2500    0.000000000000e+00
3584.5000    0.000000000000e+00
3584.7500    0.000000000000e+00
3585.0000    0.000000000000e+00
3585.2500    0.000000000000e+00
3585.5000    0.000000000000e+00
3585.7500    0.000000000000e+00
3586.0000    0.000000000000e+00
3586.2500    0.000000000000e+00
3586.5000    0.000000000000e+00
3586.7500    0.000000000000e+00
3587.0000    0.000000000000e+00
3587.2500    0.000000000000e+00
3587.5000    0.000000000000e+00
3587.7500    0.000000000000e+00
3588.0000    0.000000000000e+00
3588.2500    0.000000000000e+00
3588.5000    0.000000000000e+00
3588.7500    0.000000000000e+00
3589.0000    0.000000000000e+00
3589.2500    0.000000000000e+00
3589.5000    0.000000000000e+00
3589.7500    0.000000000000e+00
3590.0000    0.000000000000e+00
3590.2500    0.000000000000e+00
3590.5000    0.000000000000e+00
3590.7500    0.000000000000e+00
3591.0000    0.000000000000e+00
3591.2500    0.000000000000e+00
3591.5000    0.000000000000e+00
3591.7500    0.000000000000e+00
3592.0000    0.000000000000e+00
3592.2500    0.000000000000e+00
3592.5000    0.000000000000e+00
3592.7500    0.000000000000e+00
3593.0000    0.000000000000e+00
3593.2500    0.000000000000e+00
3593.5000    0.000000000000e+00
3593.7500    0.000000000000e+00
3594.0000    0.000000000000e+00
3594.2500    0.000000000000e+00
3594.5000    0.000000000000e+00
3594.7500    0.000000000000e+00
3595.0000    0.000000000000e+00
3595.2500    0.000000000000e+00
3595.5000    0.000000000000e+00
3595.7500    0.000000000000e+00
3596.0000    0.000000000000e+00
3596.2500    0.000000000000e+00
3596.5000    0.000000000000e+00
3596.7500    0.000000000000e+00
3597.0000    0.000000000000e+00
3597.2500    0.000000000000e+00
3597.5000    0.000000000000e+00
3597.7500    0.000000000000e+00
3598.0000    0.000000000000e+00
3598.2500    0.000000000000e+00
3598.5000    0.000000000000e+00
3598.7500    0.000000000000e+00
3599.0000    0.000000000000e+00
3599.2500    0.000000000000e+00
3599.5000    0.000000000000e+00
3599.7500    0.000000000000e+00
3600.0000    0.000000000000e+00
3600.2500    0.000000000000e+00
3600.5000    0.000000000000e+00
3600.7500    0.000000000000e+00
3601.0000    0.000000000000e+00
3601.2500    0.000000000000e+00
3601.5000    0.000000000000e+00
3601.7500    0.000000000000e+00
3602.0000    0.000000000000e+00
3602.2500    0.000000000000e+00
3602.5000    0.000000000000e+00
3602.7500    0.000000000000e+00
3603.0000    0.000000000000e+00
3603.2500    0.000000000000e+00
3603.5000    0.000000000000e+00
3603.7500    0.000000000000e+00
3604.0000    0.000000000000e+00
3604.2500    0.000000000000e+00
3604.5000    0.000000000000e+00
3604.7500    0.000000000000e+00
3605.0000    0.000000000000e+00
3605.2500    0.000000000000e+00
3605.5000    0.000000000000e+00
3605.7500    0.000000000000e+00
3606.0000    0.000000000000e+00
3606.2500    0.000000000000e+00
3606.5000    0.000000000000e+00
3606.7500    0.000000000000e+00
3607.0000    0.000000000000e+00
3607.2500    0.000000000000e+00
3607.5000    0.000000000000e+00
3607.7500    0.000000000000e+00
3608.0000    0.000000000000e+00
3608.2500    0.000000000000e+00
3608.5000    0.000000000000e+00
3608.7500    0.000000000000e+00
3609.0000    0.000000000000e+00
3609.2500    0.000000000000e+00
3609.5000    0.000000000000e+00
3609.7500    0.000000000000e+00
3610.0000    0.000000000000e+00
3610.2500    0.000000000000e+00
3610.5000    0.000000000000e+00
3610.7500    0.000000000000e+00
3611.0000    0.000000000000e+00
3611.2500    0.000000000000e+00
3611.5000    0.000000000000e+00
3611.7500    0.000000000000e+00
3612.0000    0.000000000000e+00
3612.2500    0.000000000000e+00
3612.5000    0.000000000000e+00
3612.7500    0.000000000000e+00
3613.0000    0.000000000000e+00
3613.2500    0.000000000000e+00
3613.5000    0.000000000000e+00
3613.7500    0.000000000000e+00
3614.0000    0.000000000000e+00
3614.2500    0.000000000000e+00
3614.5000    0.000000000000e+00
3614.7500    0.000000000000e+00
3615.0000    0.000000000000e+00
3615.2500    0.000000000000e+00
3615.5000    0.000000000000e+00
3615.7500    0.000000000000e+00
3616.0000    0.000000000000e+00
3616.2500    0.000000000000e+00
3616.5000    0.000000000000e+00
3616.7500    0.000000000000e+00
3617.0000    0.000000000000e+00
3617.2500    0.000000000000e+00
3617.5000    0.000000000000e+00
3617.7500    0.000000000000e+00
3618.0000    0.000000000000e+00
3618.2500    0.000000000000e+00
3618.5000    0.000000000000e+00
3618.7500    0.000000000000e+00
3619.0000    0.000000000000e+00
3619.2500    0.000000000000e+00
3619.5000    0.000000000000e+00
3619.7500    0.000000000000e+00
3620.0000    0.000000000000e+00
3620.2500    0.000000000000e+00
3620.5000    0.000000000000e+00
3620.7500    0.000000000000e+00
3621.0000    0.000000000000e+00
3621.2500    0.000000000000e+00
3621.5000    0.000000000000e+00
3621.7500    0.000000000000e+00
3622.0000    0.000000000000e+00
3622.2500    0.000000000000e+00
3622.5000    0.000000000000e+00
3622.7500    0.000000000000e+00
3623.0000    0.000000000000e+00
3623.2500    0.000000000000e+00
3623.5000    0.000000000000e+00
3623.7500    0.000000000000e+00
3624.0000    0.000000000000e+00
3624.2500    0.000000000000e+00
3624.5000    0.000000000000e+00
3624.7500    0.000000000000e+00
3625.0000    0.000000000000e+00
3625.2500    0.000000000000e+00
3625.5000    0.000000000000e+00
3625.7500    0.000000000000e+00
3626.0000    0.000000000000e+00
3626.2500    0.000000000000e+00
3626.5000    0.000000000000e+00
3626.7500    0.000000000000e+00
3627.0000    0.000000000000e+00
3627.2500    0.000000000000e+00
3627.5000    0.000000000000e+00
3627.7500    0.000000000000e+00
3628.0000    0.000000000000e+00
3628.2500    0.000000000000e+00
3628.5000    0.000000000000e+00
3628.7500    0.000000000000e+00
3629.0000    0.000000000000e+00
3629.2500    0.000000000000e+00
3629.5000    0.000000000000e+00
3629.7500    0.000000000000e+00
3630.0000    0.000000000000e+00
3630.2500    0.000000000000e+00
3630.5000    0.000000000000e+00
3630.7500    0.000000000000e+00
3631.0000    0.000000000000e+00
3631.2500    0.000000000000e+00
3631.5000    0.000000000000e+00
3631.7500    0.000000000000e+00
3632.0000    0.000000000000e+00
3632.2500    0.000000000000e+00
3632.5000    0.000000000000e+00
3632.7500    0.000000000000e+00
3633.0000    0.000000000000e+00
3633.2500    0.000000000000e+00
3633.5000    0.000000000000e+00
3633.7500    0.000000000000e+00
3634.0000    0.000000000000e+00
3634.2500    0.000000000000e+00
3634.5000    0.000000000000e+00
3634.7500    0.000000000000e+00
3635.0000    0.000000000000e+00
3635.2500    0.000000000000e+00
3635.5000    0.000000000000e+00
3635.7500    0.000000000000e+00
3636.0000    0.000000000000e+00
3636.2500    0.000000000000e+00
3636.5000    0.000000000000e+00
3636.7500    0.000000000000e+00
3637.0000    0.000000000000e+00
3637.2500    0.000000000000e+00
3637.5000    0.000000000000e+00
3637.7500    0.000000000000e+00
3638.0000    0.000000000000e+00
3638.2500    0.000000000000e+00
3638.5000    0.000000000000e+00
3638.7500    0.000000000000e+00
3639.0000    0.000000000000e+00
3639.2500    0.000000000000e+00
3639.5000    0.000000000000e+00
3639.7500    0.000000000000e+00
3640.0000    0.000000000000e+00
3640.2500    0.000000000000e+00
3640.5000    0.000000000000e+00
3640.7500    0.000000000000e+00
3641.0000    0.000000000000e+00
3641.2500    0.000000000000e+00
3641.5000    0.000000000000e+00
3641.7500    0.000000000000e+00
3642.0000    0.000000000000e+00
3642.2500    0.000000000000e+00
3642.5000    0.000000000000e+00
3642.7500    0.000000000000e+00
3643.0000    0.000000000000e+00
3643.2500    0.000000000000e+00
3643.5000    0.000000000000e+00
3643.7500    0.000000000000e+00
3644.0000    0.000000000000e+00
3644.2500    0.000000000000e+00
3644.5000    0.000000000000e+00
3644.7500    0.000000000000e+00
3645.0000    0.000000000000e+00
3645.2500    0.000000000000e+00
3645.5000    0.000000000000e+00
3645.7500    0.000000000000e+00
3646.0000    0.000000000000e+00
3646.2500    0.000000000000e+00
3646.5000    0.000000000000e+00
3646.7500    0.000000000000e+00
3647.0000    0.000000000000e+00
3647.2500    0.000000000000e+00
3647.5000    0.000000000000e+00
3647.7500    0.000000000000e+00
3648.0000    0.000000000000e+00
3648.2500    0.000000000000e+00
3648.5000    0.000000000000e+00
3648.7500    0.000000000000e+00
3649.0000    0.000000000000e+00
3649.2500    0.000000000000e+00
3649.5000    0.000000000000e+00
3649.7500    0.000000000000e+00
3650.0000    0.000000000000e+00
3650.2500    0.000000000000e+00
3650.5000    0.000000000000e+00
3650.7500    0.000000000000e+00
3651.0000    0.000000000000e+00
3651.2500    0.000000000000e+00
3651.5000    0.000000000000e+00
3651.7500    0.000000000000e+00
3652.0000    0.000000000000e+00
3652.2500    0.000000000000e+00
3652.5000    0.000000000000e+00
3652.7500    0.000000000000e+00
3653.0000    0.000000000000e+00
3653.2500    0.000000000000e+00
3653.5000    0.000000000000e+00
3653.7500    0.000000000000e+00
3654.0000    0.000000000000e+00
3654.2500    0.000000000000e+00
3654.5000    0.000000000000e+00
3654.7500    0.000000000000e+00
3655.0000    0.000000000000e+00
3655.2500    0.000000000000e+00
3655.5000    0.000000000000e+00
3655.7500    0.000000000000e+00
3656.0000    0.000000000000e+00
3656.2500    0.000000000000e+00
3656.5000    0.000000000000e+00
3656.7500    0.000000000000e+00
3657.0000    0.000000000000e+00
3657.2500    0.000000000000e+00
3657.5000    0.000000000000e+00
3657.7500    0.000000000000e+00
3658.0000    0.000000000000e+00
3658.2500    0.000000000000e+00
3658.5000    0.000000000000e+00
3658.7500    0.000000000000e+00
3659.0000    0.000000000000e+00
3659.2500    0.000000000000e+00
3659.5000    0.000000000000e+00
3659.7500    0.000000000000e+00
3660.0000    0.000000000000e+00
3660.2500    0.000000000000e+00
3660.5000    0.000000000000e+00
3660.7500    0.000000000000e+00
3661.0000    0.000000000000e+00
3661.2500    0.000000000000e+00
3661.5000    0.000000000000e+00
3661.7500    0.000000000000e+00
3662.0000    0.000000000000e+00
3662.2500    0.000000000000e+00
3662.5000    0.000000000000e+00
3662.7500    0.000000000000e+00
3663.0000    0.000000000000e+00
3663.2500    0.000000000000e+00
3663.5000    0.000000000000e+00
3663.7500    0.000000000000e+00
3664.0000    0.000000000000e+00
3664.2500    0.000000000000e+00
3664.5000    0.000000000000e+00
3664.7500    0.000000000000e+00
3665.0000    0.000000000000e+00
3665.2500    0.000000000000e+00
3665.5000    0.000000000000e+00
3665.7500    0.000000000000e+00
3666.0000    0.000000000000e+00
3666.2500    0.000000000000e+00
3666.5000    0.000000000000e+00
3666.7500    0.000000000000e+00
3667.0000    0.000000000000e+00
3667.2500    0.000000000000e+00
3667.5000    0.000000000000e+00
3667.7500    0.000000000000e+00
3668.0000    0.000000000000e+00
3668.2500    0.000000000000e+00
3668.5000    0.000000000000e+00
3668.7500    0.000000000000e+00
3669.0000    0.000000000000e+00
3669.2500    0.000000000000e+00
3669.5000    0.000000000000e+00
3669.7500    0.000000000000e+00
3670.0000    0.000000000000e+00
3670.2500    0.000000000000e+00
3670.5000    0.000000000000e+00
3670.7500    0.000000000000e+00
3671.0000    0.000000000000e+00
3671.2500    0.000000000000e+00
3671.5000    0.000000000000e+00
3671.7500    0.000000000000e+00
3672.0000    0.000000000000e+00
3672.2500    0.000000000000e+00
3672.5000    0.000000000000e+00
3672.7500    0.000000000000e+00
3673.0000    0.000000000000e+00
3673.2500    0.000000000000e+00
3673.5000    0.000000000000e+00
3673.7500    0.000000000000e+00
3674.0000    0.000000000000e+00
3674.2500    0.000000000000e+00
3674.5000    0.000000000000e+00
3674.7500    0.000000000000e+00
3675.0000    0.000000000000e+00
3675.2500    0.000000000000e+00
3675.5000    0.000000000000e+00
3675.7500    0.000000000000e+00
3676.0000    0.000000000000e+00
3676.2500    0.000000000000e+00
3676.5000    0.000000000000e+00
3676.7500    0.000000000000e+00
3677.0000    0.000000000000e+00
3677.2500    0.000000000000e+00
3677.5000    0.000000000000e+00
3677.7500    0.000000000000e+00
3678.0000    0.000000000000e+00
3678.2500    0.000000000000e+00
3678.5000    0.000000000000e+00
3678.7500    0.000000000000e+00
3679.0000    0.000000000000e+00
3679.2500    0.000000000000e+00
3679.5000    0.000000000000e+00
3679.7500    0.000000000000e+00
3680.0000    0.000000000000e+00
3680.2500    0.000000000000e+00
3680.5000    0.000000000000e+00
3680.7500    0.000000000000e+00
3681.0000    0.000000000000e+00
3681.2500    0.000000000000e+00
3681.5000    0.000000000000e+00
3681.7500    0.000000000000e+00
3682.0000    0.000000000000e+00
3682.2500    0.000000000000e+00
3682.5000    0.000000000000e+00
3682.7500    0.000000000000e+00
3683.0000    0.000000000000e+00
3683.2500    0.000000000000e+00
3683.5000    0.000000000000e+00
3683.7500    0.000000000000e+00
3684.0000    0.000000000000e+00
3684.2500    0.000000000000e+00
3684.5000    0.000000000000e+00
3684.7500    0.000000000000e+00
3685.0000    0.000000000000e+00
3685.2500    0.000000000000e+00
3685.5000    0.000000000000e+00
3685.7500    0.000000000000e+00
3686.0000    0.000000000000e+00
3686.2500    0.000000000000e+00
3686.5000    0.000000000000e+00
3686.7500    0.000000000000e+00
3687.0000    0.000000000000e+00
3687.2500    0.000000000000e+00
3687.5000    0.000000000000e+00
3687.7500    0.000000000000e+00
3688.0000    0.000000000000e+00
3688.2500    0.000000000000e+00
3688.5000    0.000000000000e+00
3688.7500    0.000000000000e+00
3689.0000    0.000000000000e+00
3689.2500    0.000000000000e+00
3689.5000    0.000000000000e+00
3689.7500    0.000000000000e+00
3690.0000    0.000000000000e+00
3690.2500    0.000000000000e+00
3690.5000    0.000000000000e+00
3690.7500    0.000000000000e+00
3691.0000    0.000000000000e+00
3691.2500    0.000000000000e+00
3691.5000    0.000000000000e+00
3691.7500    0.000000000000e+00
3692.0000    0.000000000000e+00
3692.2500    0.000000000000e+00
3692.5000    0.000000000000e+00
3692.7500    0.000000000000e+00
3693.0000    0.000000000000e+00
3693.2500    0.000000000000e+00
3693.5000    0.000000000000e+00
3693.7500    0.000000000000e+00
3694.0000    0.000000000000e+00
3694.2500    0.000000000000e+00
3694.5000    0.000000000000e+00
3694.7500    0.000000000000e+00
3695.0000    0.000000000000e+00
3695.2500    0.000000000000e+00
3695.5000    0.000000000000e+00
3695.7500    0.000000000000e+00
3696.0000    0.000000000000e+00
3696.2500    0.000000000000e+00
3696.5000    0.000000000000e+00
3696.7500    0.000000000000e+00
3697.0000    0.000000000000e+00
3697.2500    0.000000000000e+00
3697.5000    0.000000000000e+00
3697.7500    0.000000000000e+00
3698.0000    0.000000000000e+00
3698.2500    0.000000000000e+00
3698.5000    0.000000000000e+00
3698.7500    0.000000000000e+00
3699.0000    0.000000000000e+00
3699.2500    0.000000000000e+00
3699.5000    0.000000000000e+00
3699.7500    0.000000000000e+00
3700.0000    0.000000000000e+00
3700.2500    0.000000000000e+00
3700.5000    0.000000000000e+00
3700.7500    0.000000000000e+00
3701.0000    0.000000000000e+00
3701.2500    0.000000000000e+00
3701.5000    0.000000000000e+00
3701.7500    0.000000000000e+00
3702.0000    0.000000000000e+00
3702.2500    0.000000000000e+00
3702.5000    0.000000000000e+00
3702.7500    0.000000000000e+00
3703.0000    0.000000000000e+00
3703.2500    0.000000000000e+00
3703.5000    0.000000000000e+00
3703.7500    0.000000000000e+00
3704.0000    0.000000000000e+00
3704.2500    0.000000000000e+00
3704.5000    0.000000000000e+00
3704.7500    0.000000000000e+00
3705.0000    0.000000000000e+00
3705.2500    0.000000000000e+00
3705.5000    0.000000000000e+00
3705.7500    0.000000000000e+00
3706.0000    0.000000000000e+00
3706.2500    0.000000000000e+00
3706.5000    0.000000000000e+00
3706.7500    0.000000000000e+00
3707.0000    0.000000000000e+00
3707.2500    0.000000000000e+00
3707.5000    0.000000000000e+00
3707.7500    0.000000000000e+00
3708.0000    0.000000000000e+00
3708.2500    0.000000000000e+00
3708.5000    0.000000000000e+00
3708.7500    0.000000000000e+00
3709.0000    0.000000000000e+00
3709.2500    0.000000000000e+00
3709.5000    0.000000000000e+00
3709.7500    0.000000000000e+00
3710.0000    0.000000000000e+00
3710.2500    0.000000000000e+00
3710.5000    0.000000000000e+00
3710.7500    0.000000000000e+00
3711.0000    0.000000000000e+00
3711.2500    0.000000000000e+00
3711.5000    0.000000000000e+00
3711.7500    0.000000000000e+00
3712.0000    0.000000000000e+00
3712.2500    0.000000000000e+00
3712.5000    0.000000000000e+00
3712.7500    0.000000000000e+00
3713.0000    0.000000000000e+00
3713.2500    0.000000000000e+00
3713.5000    0.000000000000e+00
3713.7500    0.000000000000e+00
3714.0000    0.000000000000e+00
3714.2500    0.000000000000e+00
3714.5000    0.000000000000e+00
3714.7500    0.000000000000e+00
3715.0000    0.000000000000e+00
3715.2500    0.000000000000e+00
3715.5000    0.000000000000e+00
3715.7500    0.000000000000e+00
3716.0000    0.000000000000e+00
3716.2500    0.000000000000e+00
3716.5000    0.000000000000e+00
3716.7500    0.000000000000e+00
3717.0000    0.000000000000e+00
3717.2500    0.000000000000e+00
3717.5000    0.000000000000e+00
3717.7500    0.000000000000e+00
3718.0000    0.000000000000e+00
3718.2500    0.000000000000e+00
3718.5000    0.000000000000e+00
3718.7500    0.000000000000e+00
3719.0000    0.000000000000e+00
3719.2500    0.000000000000e+00
3719.5000    0.000000000000e+00
3719.7500    0.000000000000e+00
3720.0000    0.000000000000e+00
3720.2500    0.000000000000e+00
3720.5000    0.000000000000e+00
3720.7500    0.000000000000e+00
3721.0000    0.000000000000e+00
3721.2500    0.000000000000e+00
3721.5000    0.000000000000e+00
3721.7500    0.000000000000e+00
3722.0000    0.000000000000e+00
3722.2500    0.000000000000e+00
3722.5000    0.000000000000e+00
3722.7500    0.000000000000e+00
3723.0000    0.000000000000e+00
3723.2500    0.000000000000e+00
3723.5000    0.000000000000e+00
3723.7500    0.000000000000e+00
3724.0000    0.000000000000e+00
3724.2500    0.000000000000e+00
3724.5000    0.000000000000e+00
3724.7500    0.000000000000e+00
3725.0000    0.000000000000e+00
3725.2500    0.000000000000e+00
3725.5000    0.000000000000e+00
3725.7500    0.000000000000e+00
3726.0000    0.000000000000e+00
3726.2500    0.000000000000e+00
3726.5000    0.000000000000e+00
3726.7500    0.000000000000e+00
3727.0000    0.000000000000e+00
3727.2500    0.000000000000e+00
3727.5000    0.000000000000e+00
3727.7500    0.000000000000e+00
3728.0000    0.000000000000e+00
3728.2500    0.000000000000e+00
3728.5000    0.000000000000e+00
3728.7500    0.000000000000e+00
3729.0000    0.000000000000e+00
3729.2500    0.000000000000e+00
3729.5000    0.000000000000e+00
3729.7500    0.000000000000e+00
3730.0000    0.000000000000e+00
3730.2500    0.000000000000e+00
3730.5000    0.000000000000e+00
3730.7500    0.000000000000e+00
3731.0000    0.000000000000e+00
3731.2500    0.000000000000e+00
3731.5000    0.000000000000e+00
3731.7500    0.000000000000e+00
3732.0000    0.000000000000e+00
3732.2500    0.000000000000e+00
3732.5000    0.000000000000e+00
3732.7500    0.000000000000e+00
3733.0000    0.000000000000e+00
3733.2500    0.000000000000e+00
3733.5000    0.000000000000e+00
3733.7500    0.000000000000e+00
3734.0000    0.000000000000e+00
3734.2500    0.000000000000e+00
3734.5000    0.000000000000e+00
3734.7500    0.000000000000e+00
3735.0000    0.000000000000e+00
3735.2500    0.000000000000e+00
3735.5000    0.000000000000e+00
3735.7500    0.000000000000e+00
3736.0000    0.000000000000e+00
3736.2500    0.000000000000e+00
3736.5000    0.000000000000e+00
3736.7500    0.000000000000e+00
3737.0000    0.000000000000e+00
3737.2500    0.000000000000e+00
3737.5000    0.000000000000e+00
3737.7500    0.000000000000e+00
3738.0000    0.000000000000e+00
3738.2500    0.000000000000e+00
3738.5000    0.000000000000e+00
3738.7500    0.000000000000e+00
3739.0000    0.000000000000e+00
3739.2500    0.000000000000e+00
3739.5000    0.000000000000e+00
3739.7500    0.000000000000e+00
3740.0000    0.000000000000e+00
3740.2500    0.000000000000e+00
3740.5000    0.000000000000e+00
3740.7500    0.000000000000e+00
3741.0000    0.000000000000e+00
3741.2500    0.000000000000e+00
3741.5000    0.000000000000e+00
3741.7500    0.000000000000e+00
3742.0000    0.000000000000e+00
3742.2500    0.000000000000e+00
3742.5000    0.000000000000e+00
3742.7500    0.000000000000e+00
3743.0000    0.000000000000e+00
3743.2500    0.000000000000e+00
3743.5000    0.000000000000e+00
3743.7500    0.000000000000e+00
3744.0000    0.000000000000e+00
3744.2500    0.000000000000e+00
3744.5000    0.000000000000e+00
3744.7500    0.000000000000e+00
3745.0000    0.000000000000e+00
3745.2500    0.000000000000e+00
3745.5000    0.000000000000e+00
3745.7500    0.000000000000e+00
3746.0000    0.000000000000e+00
3746.2500    0.000000000000e+00
3746.5000    0.000000000000e+00
3746.7500    0.000000000000e+00
3747.0000    0.000000000000e+00
3747.2500    0.000000000000e+00
3747.5000    0.000000000000e+00
3747.7500    0.000000000000e+00
3748.0000    0.000000000000e+00
3748.2500    0.000000000000e+00
3748.5000    0.000000000000e+00
3748.7500    0.000000000000e+00
3749.0000    0.000000000000e+00
3749.2500    0.000000000000e+00
3749.5000    0.000000000000e+00
3749.7500    0.000000000000e+00
3750.0000    0.000000000000e+00
3750.2500    0.000000000000e+00
3750.5000    0.000000000000e+00
3750.7500    0.000000000000e+00
3751.0000    0.000000000000e+00
3751.2500    0.000000000000e+00
3751.5000    0.000000000000e+00
3751.7500    0.000000000000e+00
3752.0000    0.000000000000e+00
3752.2500    0.000000000000e+00
3752.5000    0.000000000000e+00
3752.7500    0.000000000000e+00
3753.0000    0.000000000000e+00
3753.2500    0.000000000000e+00
3753.5000    0.000000000000e+00
3753.7500    0.000000000000e+00
3754.0000    0.000000000000e+00
3754.2500    0.000000000000e+00
3754.5000    0.000000000000e+00
3754.7500    0.000000000000e+00
3755.0000    0.000000000000e+00
3755.2500    0.000000000000e+00
3755.5000    0.000000000000e+00
3755.7500    0.000000000000e+00
3756.0000    0.000000000000e+00
3756.2500    0.000000000000e+00
3756.5000    0.000000000000e+00
3756.7500    0.000000000000e+00
3757.0000    0.000000000000e+00
3757.2500    0.000000000000e+00
3757.5000    0.000000000000e+00
3757.7500    0.000000000000e+00
3758.0000    0.000000000000e+00
3758.2500    0.000000000000e+00
3758.5000    0.000000000000e+00
3758.7500    0.000000000000e+00
3759.0000    0.000000000000e+00
3759.2500    0.000000000000e+00
3759.5000    0.000000000000e+00
3759.7500    0.000000000000e+00
3760.0000    0.000000000000e+00
3760.2500    0.000000000000e+00
3760.5000    0.000000000000e+00
3760.7500    0.000000000000e+00
3761.0000    0.000000000000e+00
3761.2500    0.000000000000e+00
3761.5000    0.000000000000e+00
3761.7500    0.000000000000e+00
3762.0000    0.000000000000e+00
3762.2500    0.000000000000e+00
3762.5000    0.000000000000e+00
3762.7500    0.000000000000e+00
3763.0000    0.000000000000e+00
3763.2500    0.000000000000e+00
3763.5000    0.000000000000e+00
3763.7500    0.000000000000e+00
3764.0000    0.000000000000e+00
3764.2500    0.000000000000e+00
3764.5000    0.000000000000e+00
3764.7500    0.000000000000e+00
3765.0000    0.000000000000e+00
3765.2500    0.000000000000e+00
3765.5000    0.000000000000e+00
3765.7500    0.000000000000e+00
3766.0000    0.000000000000e+00
3766.2500    0.000000000000e+00
3766.5000    0.000000000000e+00
3766.7500    0.000000000000e+00
3767.0000    0.000000000000e+00
3767.2500    0.000000000000e+00
3767.5000    0.000000000000e+00
3767.7500    0.000000000000e+00
3768.0000    0.000000000000e+00
3768.2500    0.000000000000e+00
3768.5000    0.000000000000e+00
3768.7500    0.000000000000e+00
3769.0000    0.000000000000e+00
3769.2500    0.000000000000e+00
3769.5000    0.000000000000e+00
3769.7500    0.000000000000e+00
3770.0000    0.000000000000e+00
3770.2500    0.000000000000e+00
3770.5000    0.000000000000e+00
3770.7500    0.000000000000e+00
3771.0000    0.000000000000e+00
3771.2500    0.000000000000e+00
3771.5000    0.000000000000e+00
3771.7500    0.000000000000e+00
3772.0000    0.000000000000e+00
3772.2500    0.000000000000e+00
3772.5000    0.000000000000e+00
3772.7500    0.000000000000e+00
3773.0000    0.000000000000e+00
3773.2500    0.000000000000e+00
3773.5000    0.000000000000e+00
3773.7500    0.000000000000e+00
3774.0000    0.000000000000e+00
3774.2500    0.000000000000e+00
3774.5000    0.000000000000e+00
3774.7500    0.000000000000e+00
3775.0000    0.000000000000e+00
3775.2500    0.000000000000e+00
3775.5000    0.000000000000e+00
3775.7500    0.000000000000e+00
3776.0000    0.000000000000e+00
3776.2500    0.000000000000e+00
3776.5000    0.000000000000e+00
3776.7500    0.000000000000e+00
3777.0000    0.000000000000e+00
3777.2500    0.000000000000e+00
3777.5000    0.000000000000e+00
3777.7500    0.000000000000e+00
3778.0000    0.000000000000e+00
3778.2500    0.000000000000e+00
3778.5000    0.000000000000e+00
3778.7500    0.000000000000e+00
3779.0000    0.000000000000e+00
3779.2500    0.000000000000e+00
3779.5000    0.000000000000e+00
3779.7500    0.000000000000e+00
3780.0000    0.000000000000e+00
3780.2500    0.000000000000e+00
3780.5000    0.000000000000e+00
3780.7500    0.000000000000e+00
3781.0000    0.000000000000e+00
3781.2500    0.000000000000e+00
3781.5000    0.000000000000e+00
3781.7500    0.000000000000e+00
3782.0000    0.000000000000e+00
3782.2500    0.000000000000e+00
3782.5000    0.000000000000e+00
3782.7500    0.000000000000e+00
3783.0000    0.000000000000e+00
3783.2500    0.000000000000e+00
3783.5000    0.000000000000e+00
3783.7500    0.000000000000e+00
3784.0000    0.000000000000e+00
3784.2500    0.000000000000e+00
3784.5000    0.000000000000e+00
3784.7500    0.000000000000e+00
3785.0000    0.000000000000e+00
3785.2500    0.000000000000e+00
3785.5000    0.000000000000e+00
3785.7500    0.000000000000e+00
3786.0000    0.000000000000e+00
3786.2500    0.000000000000e+00
3786.5000    0.000000000000e+00
3786.7500    0.000000000000e+00
3787.0000    0.000000000000e+00
3787.2500    0.000000000000e+00
3787.5000    0.000000000000e+00
3787.7500    0.000000000000e+00
3788.0000    0.000000000000e+00
3788.2500    0.000000000000e+00
3788.5000    0.000000000000e+00
3788.7500    0.000000000000e+00
3789.0000    0.000000000000e+00
3789.2500    0.000000000000e+00
3789.5000    0.000000000000e+00
3789.7500    0.000000000000e+00
3790.0000    0.000000000000e+00
3790.2500    0.000000000000e+00
3790.5000    0.000000000000e+00
3790.7500    0.000000000000e+00
3791.0000    0.000000000000e+00
3791.2500    0.000000000000e+00
3791.5000    0.000000000000e+00
3791.7500    0.000000000000e+00
3792.0000    0.000000000000e+00
3792.2500    0.000000000000e+00
3792.5000    0.000000000000e+00
3792.7500    0.000000000000e+00
3793.0000    0.000000000000e+00
3793.2500    0.000000000000e+00
3793.5000    0.000000000000e+00
3793.7500    0.000000000000e+00
3794.0000    0.000000000000e+00
3794.2500    0.000000000000e+00
3794.5000    0.000000000000e+00
3794.7500    0.000000000000e+00
3795.0000    0.000000000000e+00
3795.2500    0.000000000000e+00
3795.5000    0.000000000000e+00
3795.7500    0.000000000000e+00
3796.0000    0.000000000000e+00
3796.2500    0.000000000000e+00
3796.5000    0.000000000000e+00
3796.7500    0.000000000000e+00
3797.0000    0.000000000000e+00
3797.2500    0.000000000000e+00
3797.5000    0.000000000000e+00
3797.7500    0.000000000000e+00
3798.0000    0.000000000000e+00
3798.2500    0.000000000000e+00
3798.5000    0.000000000000e+00
3798.7500    0.000000000000e+00
3799.0000    0.000000000000e+00
3799.2500    0.000000000000e+00
3799.5000    0.000000000000e+00
3799.7500    0.000000000000e+00
3800.0000    0.000000000000e+00
3800.2500    0.000000000000e+00
3800.5000    0.000000000000e+00
3800.7500    0.000000000000e+00
3801.0000    0.000000000000e+00
3801.2500    0.000000000000e+00
3801.5000    0.000000000000e+00
3801.7500    0.000000000000e+00
3802.0000    0.000000000000e+00
3802.2500    0.000000000000e+00
3802.5000    0.000000000000e+00
3802.7500    0.000000000000e+00
3803.0000    0.000000000000e+00
3803.2500    0.000000000000e+00
3803.5000    0.000000000000e+00
3803.7500    0.000000000000e+00
3804.0000    0.000000000000e+00
3804.2500    0.000000000000e+00
3804.5000    0.000000000000e+00
3804.7500    0.000000000000e+00
3805.0000    0.000000000000e+00
3805.2500    0.000000000000e+00
3805.5000    0.000000000000e+00
3805.7500    0.000000000000e+00
3806.0000    0.000000000000e+00
3806.2500    0.000000000000e+00
3806.5000    0.000000000000e+00
3806.7500    0.000000000000e+00
3807.0000    0.000000000000e+00
3807.2500    0.000000000000e+00
3807.5000    0.000000000000e+00
3807.7500    0.000000000000e+00
3808.0000    0.000000000000e+00
3808.2500    0.000000000000e+00
3808.5000    0.000000000000e+00
3808.7500    0.000000000000e+00
3809.0000    0.000000000000e+00
3809.2500    0.000000000000e+00
3809.5000    0.000000000000e+00
3809.7500    0.000000000000e+00
3810.0000    0.000000000000e+00
3810.2500    0.000000000000e+00
3810.5000    0.000000000000e+00
3810.7500    0.000000000000e+00
3811.0000    0.000000000000e+00
3811.2500    0.000000000000e+00
3811.5000    0.000000000000e+00
3811.7500    0.000000000000e+00
3812.0000    0.000000000000e+00
3812.2500    0.000000000000e+00
3812.5000    0.000000000000e+00
3812.7500    0.000000000000e+00
3813.0000    0.000000000000e+00
3813.2500    0.000000000000e+00
3813.5000    0.000000000000e+00
3813.7500    0.000000000000e+00
3814.0000    0.000000000000e+00
3814.2500    0.000000000000e+00
3814.5000    0.000000000000e+00
3814.7500    0.000000000000e+00
3815.0000    0.000000000000e+00
3815.2500    0.000000000000e+00
3815.5000    0.000000000000e+00
3815.7500    0.000000000000e+00
3816.0000    0.000000000000e+00
3816.2500    0.000000000000e+00
3816.5000    0.000000000000e+00
3816.7500    0.000000000000e+00
3817.0000    0.000000000000e+00
3817.2500    0.000000000000e+00
3817.5000    0.000000000000e+00
3817.7500    0.000000000000e+00
3818.0000    0.000000000000e+00
3818.2500    0.000000000000e+00
3818.5000    0.000000000000e+00
3818.7500    0.000000000000e+00
3819.0000    0.000000000000e+00
3819.2500    0.000000000000e+00
3819.5000    0.000000000000e+00
3819.7500    0.000000000000e+00
3820.0000    0.000000000000e+00
3820.2500    0.000000000000e+00
3820.5000    0.000000000000e+00
3820.7500    0.000000000000e+00
3821.0000    0.000000000000e+00
3821.2500    0.000000000000e+00
3821.5000    0.000000000000e+00
3821.7500    0.000000000000e+00
3822.0000    0.000000000000e+00
3822.2500    0.000000000000e+00
3822.5000    0.000000000000e+00
3822.7500    0.000000000000e+00
3823.0000    0.000000000000e+00
3823.2500    0.000000000000e+00
3823.5000    0.000000000000e+00
3823.7500    0.000000000000e+00
3824.0000    0.000000000000e+00
3824.2500    0.000000000000e+00
3824.5000    0.000000000000e+00
3824.7500    0.000000000000e+00
3825.0000    0.000000000000e+00
3825.2500    0.000000000000e+00
3825.5000    0.000000000000e+00
3825.7500    0.000000000000e+00
3826.0000    0.000000000000e+00
3826.2500    0.000000000000e+00
3826.5000    0.000000000000e+00
3826.7500    0.000000000000e+00
3827.0000    0.000000000000e+00
3827.2500    0.000000000000e+00
3827.5000    0.000000000000e+00
3827.7500    0.000000000000e+00
3828.0000    0.000000000000e+00
3828.2500    0.000000000000e+00
3828.5000    0.000000000000e+00
3828.7500    0.000000000000e+00
3829.0000    0.000000000000e+00
3829.2500    0.000000000000e+00
3829.5000    0.000000000000e+00
3829.7500    0.000000000000e+00
3830.0000    0.000000000000e+00
3830.2500    0.000000000000e+00
3830.5000    0.000000000000e+00
3830.7500    0.000000000000e+00
3831.0000    0.000000000000e+00
3831.2500    0.000000000000e+00
3831.5000    0.000000000000e+00
3831.7500    0.000000000000e+00
3832.0000    0.000000000000e+00
3832.2500    0.000000000000e+00
3832.5000    0.000000000000e+00
3832.7500    0.000000000000e+00
3833.0000    0.000000000000e+00
3833.2500    0.000000000000e+00
3833.5000    0.000000000000e+00
3833.7500    0.000000000000e+00
3834.0000    0.000000000000e+00
3834.2500    0.000000000000e+00
3834.5000    0.000000000000e+00
3834.7500    0.000000000000e+00
3835.0000    0.000000000000e+00
3835.2500    0.000000000000e+00
3835.5000    0.000000000000e+00
3835.7500    0.000000000000e+00
3836.0000    0.000000000000e+00
3836.2500    0.000000000000e+00
3836.5000    0.000000000000e+00
3836.7500    0.000000000000e+00
3837.0000    0.000000000000e+00
3837.2500    0.000000000000e+00
3837.5000    0.000000000000e+00
3837.7500    0.000000000000e+00
3838.0000    0.000000000000e+00
3838.2500    0.000000000000e+00
3838.5000    0.000000000000e+00
3838.7500    0.000000000000e+00
3839.0000    0.000000000000e+00
3839.2500    0.000000000000e+00
3839.5000    0.000000000000e+00
3839.7500    0.000000000000e+00
3840.0000    0.000000000000e+00
3840.2500    0.000000000000e+00
3840.5000    0.000000000000e+00
3840.7500    0.000000000000e+00
3841.0000    0.000000000000e+00
3841.2500    0.000000000000e+00
3841.5000    0.000000000000e+00
3841.7500    0.000000000000e+00
3842.0000    0.000000000000e+00
3842.2500    0.000000000000e+00
3842.5000    0.000000000000e+00
3842.7500    0.000000000000e+00
3843.0000    0.000000000000e+00
3843.2500    0.000000000000e+00
3843.5000    0.000000000000e+00
3843.7500    0.000000000000e+00
3844.0000    0.000000000000e+00
3844.2500    0.000000000000e+00
3844.5000    0.000000000000e+00
3844.7500    0.000000000000e+00
3845.0000    0.000000000000e+00
3845.2500    0.000000000000e+00
3845.5000    0.000000000000e+00
3845.7500    0.000000000000e+00
3846.0000    0.000000000000e+00
3846.2500    0.000000000000e+00
3846.5000    0.000000000000e+00
3846.7500    0.000000000000e+00
3847.0000    0.000000000000e+00
3847.2500    0.000000000000e+00
3847.5000    0.000000000000e+00
3847.7500    0.000000000000e+00
3848.0000    0.000000000000e+00
3848.2500    0.000000000000e+00
3848.5000    0.000000000000e+00
3848.7500    0.000000000000e+00
3849.0000    0.000000000000e+00
3849.2500    0.000000000000e+00
3849.5000    0.000000000000e+00
3849.7500    0.000000000000e+00
3850.0000    0.000000000000e+00
3850.2500    0.000000000000e+00
3850.5000    0.000000000000e+00
3850.7500    0.000000000000e+00
3851.0000    0.000000000000e+00
3851.2500    0.000000000000e+00
3851.5000    0.000000000000e+00
3851.7500    0.000000000000e+00
3852.0000    0.000000000000e+00
3852.2500    0.000000000000e+00
3852.5000    0.000000000000e+00
3852.7500    0.000000000000e+00
3853.0000    0.000000000000e+00
3853.2500    0.000000000000e+00
3853.5000    0.000000000000e+00
3853.7500    0.000000000000e+00
3854.0000    0.000000000000e+00
3854.2500    0.000000000000e+00
3854.5000    0.000000000000e+00
3854.7500    0.000000000000e+00
3855.0000    0.000000000000e+00
3855.2500    0.000000000000e+00
3855.5000    0.000000000000e+00
3855.7500    0.000000000000e+00
3856.0000    0.000000000000e+00
3856.2500    0.000000000000e+00
3856.5000    0.000000000000e+00
3856.7500    0.000000000000e+00
3857.0000    0.000000000000e+00
3857.2500    0.000000000000e+00
3857.5000    0.000000000000e+00
3857.7500    0.000000000000e+00
3858.0000    0.000000000000e+00
3858.2500    0.000000000000e+00
3858.5000    0.000000000000e+00
3858.7500    0.000000000000e+00
3859.0000    0.000000000000e+00
3859.2500    0.000000000000e+00
3859.5000    0.000000000000e+00
3859.7500    0.000000000000e+00
3860.0000    0.000000000000e+00
3860.2500    0.000000000000e+00
3860.5000    0.000000000000e+00
3860.7500    0.000000000000e+00
3861.0000    0.000000000000e+00
3861.2500    0.000000000000e+00
3861.5000    0.000000000000e+00
3861.7500    0.000000000000e+00
3862.0000    0.000000000000e+00
3862.2500    0.000000000000e+00
3862.5000    0.000000000000e+00
3862.7500    0.000000000000e+00
3863.0000    0.000000000000e+00
3863.2500    0.000000000000e+00
3863.5000    0.000000000000e+00
3863.7500    0.000000000000e+00
3864.0000    0.000000000000e+00
3864.2500    0.000000000000e+00
3864.5000    0.000000000000e+00
3864.7500    0.000000000000e+00
3865.0000    0.000000000000e+00
3865.2500    0.000000000000e+00
3865.5000    0.000000000000e+00
3865.7500    0.000000000000e+00
3866.0000    0.000000000000e+00
3866.2500    0.000000000000e+00
3866.5000    0.000000000000e+00
3866.7500    0.000000000000e+00
3867.0000    0.000000000000e+00
3867.2500    0.000000000000e+00
3867.5000    0.000000000000e+00
3867.7500    0.000000000000e+00
3868.0000    0.000000000000e+00
3868.2500    0.000000000000e+00
3868.5000    0.000000000000e+00
3868.7500    0.000000000000e+00
3869.0000    0.000000000000e+00
3869.2500    0.000000000000e+00
3869.5000    0.000000000000e+00
3869.7500    0.000000000000e+00
3870.0000    0.000000000000e+00
3870.2500    0.000000000000e+00
3870.5000    0.000000000000e+00
3870.7500    0.000000000000e+00
3871.0000    0.000000000000e+00
3871.2500    0.000000000000e+00
3871.5000    0.000000000000e+00
3871.7500    0.000000000000e+00
3872.0000    0.000000000000e+00
3872.2500    0.000000000000e+00
3872.5000    0.000000000000e+00
3872.7500    0.000000000000e+00
3873.0000    0.000000000000e+00
3873.2500    0.000000000000e+00
3873.5000    0.000000000000e+00
3873.7500    0.000000000000e+00
3874.0000    0.000000000000e+00
3874.2500    0.000000000000e+00
3874.5000    0.000000000000e+00
3874.7500    0.000000000000e+00
3875.0000    0.000000000000e+00
3875.2500    0.000000000000e+00
3875.5000    0.000000000000e+00
3875.7500    0.000000000000e+00
3876.0000    0.000000000000e+00
3876.2500    0.000000000000e+00
3876.5000    0.000000000000e+00
3876.7500    0.000000000000e+00
3877.0000    0.000000000000e+00
3877.2500    0.000000000000e+00
3877.5000    0.000000000000e+00
3877.7500    0.000000000000e+00
3878.0000    0.000000000000e+00
3878.2500    0.000000000000e+00
3878.5000    0.000000000000e+00
3878.7500    0.000000000000e+00
3879.0000    0.000000000000e+00
3879.2500    0.000000000000e+00
3879.5000    0.000000000000e+00
3879.7500    0.000000000000e+00
3880.0000    0.000000000000e+00
3880.2500    0.000000000000e+00
3880.5000    0.000000000000e+00
3880.7500    0.000000000000e+00
3881.0000    0.000000000000e+00
3881.2500    0.000000000000e+00
3881.5000    0.000000000000e+00
3881.7500    0.000000000000e+00
3882.0000    0.000000000000e+00
3882.2500    0.000000000000e+00
3882.5000    0.000000000000e+00
3882.7500    0.000000000000e+00
3883.0000    0.000000000000e+00
3883.2500    0.000000000000e+00
3883.5000    0.000000000000e+00
3883.7500    0.000000000000e+00
3884.0000    0.000000000000e+00
3884.2500    0.000000000000e+00
3884.5000    0.000000000000e+00
3884.7500    0.000000000000e+00
3885.0000    0.000000000000e+00
3885.2500    0.000000000000e+00
3885.5000    0.000000000000e+00
3885.7500    0.000000000000e+00
3886.0000    0.000000000000e+00
3886.2500    0.000000000000e+00
3886.5000    0.000000000000e+00
3886.7500    0.000000000000e+00
3887.0000    0.000000000000e+00
3887.2500    0.000000000000e+00
3887.5000    0.000000000000e+00
3887.7500    0.000000000000e+00
3888.0000    0.000000000000e+00
3888.2500    0.000000000000e+00
3888.5000    0.000000000000e+00
3888.7500    0.000000000000e+00
3889.0000    0.000000000000e+00
3889.2500    0.000000000000e+00
3889.5000    0.000000000000e+00
3889.7500    0.000000000000e+00
3890.0000    0.000000000000e+00
3890.2500    0.000000000000e+00
3890.5000    0.000000000000e+00
3890.7500    0.000000000000e+00
3891.0000    0.000000000000e+00
3891.2500    0.000000000000e+00
3891.5000    0.000000000000e+00
3891.7500    0.000000000000e+00
3892.0000    0.000000000000e+00
3892.2500    0.000000000000e+00
3892.5000    0.000000000000e+00
3892.7500    0.000000000000e+00
3893.0000    0.000000000000e+00
3893.2500    0.000000000000e+00
3893.5000    0.000000000000e+00
3893.7500    0.000000000000e+00
3894.0000    0.000000000000e+00
3894.2500    0.000000000000e+00
3894.5000    0.000000000000e+00
3894.7500    0.000000000000e+00
3895.0000    0.000000000000e+00
3895.2500    0.000000000000e+00
3895.5000    0.000000000000e+00
3895.7500    0.000000000000e+00
3896.0000    0.000000000000e+00
3896.2500    0.000000000000e+00
3896.5000    0.000000000000e+00
3896.7500    0.000000000000e+00
3897.0000    0.000000000000e+00
3897.2500    0.000000000000e+00
3897.5000    0.000000000000e+00
3897.7500    0.000000000000e+00
3898.0000    0.000000000000e+00
3898.2500    0.000000000000e+00
3898.5000    0.000000000000e+00
3898.7500    0.000000000000e+00
3899.0000    0.000000000000e+00
3899.2500    0.000000000000e+00
3899.5000    0.000000000000e+00
3899.7500    0.000000000000e+00
3900.0000    0.000000000000e+00
3900.2500    0.000000000000e+00
3900.5000    0.000000000000e+00
3900.7500    0.000000000000e+00
3901.0000    0.000000000000e+00
3901.2500    0.000000000000e+00
3901.5000    0.000000000000e+00
3901.7500    0.000000000000e+00
3902.0000    0.000000000000e+00
3902.2500    0.000000000000e+00
3902.5000    0.000000000000e+00
3902.7500    0.000000000000e+00
3903.0000    0.000000000000e+00
3903.2500    0.000000000000e+00
3903.5000    0.000000000000e+00
3903.7500    0.000000000000e+00
3904.0000    0.000000000000e+00
3904.2500    0.000000000000e+00
3904.5000    0.000000000000e+00
3904.7500    0.000000000000e+00
3905.0000    0.000000000000e+00
3905.2500    0.000000000000e+00
3905.5000    0.000000000000e+00
3905.7500    0.000000000000e+00
3906.0000    0.000000000000e+00
3906.2500    0.000000000000e+00
3906.5000    0.000000000000e+00
3906.7500    0.000000000000e+00
3907.0000    0.000000000000e+00
3907.2500    0.000000000000e+00
3907.5000    0.000000000000e+00
3907.7500    0.000000000000e+00
3908.0000    0.000000000000e+00
3908.2500    0.000000000000e+00
3908.5000    0.000000000000e+00
3908.7500    0.000000000000e+00
3909.0000    0.000000000000e+00
3909.2500    0.000000000000e+00
3909.5000    0.000000000000e+00
3909.7500    0.000000000000e+00
3910.0000    0.000000000000e+00
3910.2500    0.000000000000e+00
3910.5000    0.000000000000e+00
3910.7500    0.000000000000e+00
3911.0000    0.000000000000e+00
3911.2500    0.000000000000e+00
3911.5000    0.000000000000e+00
3911.7500    0.000000000000e+00
3912.0000    0.000000000000e+00
3912.2500    0.000000000000e+00
3912.5000    0.000000000000e+00
3912.7500    0.000000000000e+00
3913.0000    0.000000000000e+00
3913.2500    0.000000000000e+00
3913.5000    0.000000000000e+00
3913.7500    0.000000000000e+00
3914.0000    0.000000000000e+00
3914.2500    0.000000000000e+00
3914.5000    0.000000000000e+00
3914.7500    0.000000000000e+00
3915.0000    0.000000000000e+00
3915.2500    0.000000000000e+00
3915.5000    0.000000000000e+00
3915.7500    0.000000000000e+00
3916.0000    0.000000000000e+00
3916.2500    0.000000000000e+00
3916.5000    0.000000000000e+00
3916.7500    0.000000000000e+00
3917.0000    0.000000000000e+00
3917.2500    0.000000000000e+00
3917.5000    0.000000000000e+00
3917.7500    0.000000000000e+00
3918.0000    0.000000000000e+00
3918.2500    0.000000000000e+00
3918.5000    0.000000000000e+00
3918.7500    0.000000000000e+00
3919.0000    0.000000000000e+00
3919.2500    0.000000000000e+00
3919.5000    0.000000000000e+00
3919.7500    0.000000000000e+00
3920.0000    0.000000000000e+00
3920.2500    0.000000000000e+00
3920.5000    0.000000000000e+00
3920.7500    0.000000000000e+00
3921.0000    0.000000000000e+00
3921.2500    0.000000000000e+00
3921.5000    0.000000000000e+00
3921.7500    0.000000000000e+00
3922.0000    0.000000000000e+00
3922.2500    0.000000000000e+00
3922.5000    0.000000000000e+00
3922.7500    0.000000000000e+00
3923.0000    0.000000000000e+00
3923.2500    0.000000000000e+00
3923.5000    0.000000000000e+00
3923.7500    0.000000000000e+00
3924.0000    0.000000000000e+00
3924.2500    0.000000000000e+00
3924.5000    0.000000000000e+00
3924.7500    0.000000000000e+00
3925.0000    0.000000000000e+00
3925.2500    0.000000000000e+00
3925.5000    0.000000000000e+00
3925.7500    0.000000000000e+00
3926.0000    0.000000000000e+00
3926.2500    0.000000000000e+00
3926.5000    0.000000000000e+00
3926.7500    0.000000000000e+00
3927.0000    0.000000000000e+00
3927.2500    0.000000000000e+00
3927.5000    0.000000000000e+00
3927.7500    0.000000000000e+00
3928.0000    0.000000000000e+00
3928.2500    0.000000000000e+00
3928.5000    0.000000000000e+00
3928.7500    0.000000000000e+00
3929.0000    0.000000000000e+00
3929.2500    0.000000000000e+00
3929.5000    0.000000000000e+00
3929.7500    0.000000000000e+00
3930.0000    0.000000000000e+00
3930.2500    0.000000000000e+00
3930.5000    0.000000000000e+00
3930.7500    0.000000000000e+00
3931.0000    0.000000000000e+00
3931.2500    0.000000000000e+00
3931.5000    0.000000000000e+00
3931.7500    0.000000000000e+00
3932.0000    0.000000000000e+00
3932.2500    0.000000000000e+00
3932.5000    0.000000000000e+00
3932.7500    0.000000000000e+00
3933.0000    0.000000000000e+00
3933.2500    0.000000000000e+00
3933.5000    0.000000000000e+00
3933.7500    0.000000000000e+00
3934.0000    0.000000000000e+00
3934.2500    0.000000000000e+00
3934.5000    0.000000000000e+00
3934.7500    0.000000000000e+00
3935.0000    0.000000000000e+00
3935.2500    0.000000000000e+00
3935.5000    0.000000000000e+00
3935.7500    0.000000000000e+00
3936.0000    0.000000000000e+00
3936.2500    0.000000000000e+00
3936.5000    0.000000000000e+00
3936.7500    0.000000000000e+00
3937.0000    0.000000000000e+00
3937.2500    0.000000000000e+00
3937.5000    0.000000000000e+00
3937.7500    0.000000000000e+00
3938.0000    0.000000000000e+00
3938.2500    0.000000000000e+00
3938.5000    0.000000000000e+00
3938.7500    0.000000000000e+00
3939.0000    0.000000000000e+00
3939.2500    0.000000000000e+00
3939.5000    0.000000000000e+00
3939.7500    0.000000000000e+00
3940.0000    0.000000000000e+00
3940.2500    0.000000000000e+00
3940.5000    0.000000000000e+00
3940.7500    0.000000000000e+00
3941.0000    0.000000000000e+00
3941.2500    0.000000000000e+00
3941.5000    0.000000000000e+00
3941.7500    0.000000000000e+00
3942.0000    0.000000000000e+00
3942.2500    0.000000000000e+00
3942.5000    0.000000000000e+00
3942.7500    0.000000000000e+00
3943.0000    0.000000000000e+00
3943.2500    0.000000000000e+00
3943.5000    0.000000000000e+00
3943.7500    0.000000000000e+00
3944.0000    0.000000000000e+00
3944.2500    0.000000000000e+00
3944.5000    0.000000000000e+00
3944.7500    0.000000000000e+00
3945.0000    0.000000000000e+00
3945.2500    0.000000000000e+00
3945.5000    0.000000000000e+00
3945.7500    0.000000000000e+00
3946.0000    0.000000000000e+00
3946.2500    0.000000000000e+00
3946.5000    0.000000000000e+00
3946.7500    0.000000000000e+00
3947.0000    0.000000000000e+00
3947.2500    0.000000000000e+00
3947.5000    0.000000000000e+00
3947.7500    0.000000000000e+00
3948.0000    0.000000000000e+00
3948.2500    0.000000000000e+00
3948.5000    0.000000000000e+00
3948.7500    0.000000000000e+00
3949.0000    0.000000000000e+00
3949.2500    0.000000000000e+00
3949.5000    0.000000000000e+00
3949.7500    0.000000000000e+00
3950.0000    0.000000000000e+00
3950.2500    0.000000000000e+00
3950.5000    0.000000000000e+00
3950.7500    0.000000000000e+00
3951.0000    0.000000000000e+00
3951.2500    0.000000000000e+00
3951.5000    0.000000000000e+00
3951.7500    0.000000000000e+00
3952.0000    0.000000000000e+00
3952.2500    0.000000000000e+00
3952.5000    0.000000000000e+00
3952.7500    0.000000000000e+00
3953.0000    0.000000000000e+00
3953.2500    0.000000000000e+00
3953.5000    0.000000000000e+00
3953.7500    0.000000000000e+00
3954.0000    0.000000000000e+00
3954.2500    0.000000000000e+00
3954.5000    0.000000000000e+00
3954.7500    0.000000000000e+00
3955.0000    0.000000000000e+00
3955.2500    0.000000000000e+00
3955.5000    0.000000000000e+00
3955.7500    0.000000000000e+00
3956.0000    0.000000000000e+00
3956.2500    0.000000000000e+00
3956.5000    0.000000000000e+00
3956.7500    0.000000000000e+00
3957.0000    0.000000000000e+00
3957.2500    0.000000000000e+00
3957.5000    0.000000000000e+00
3957.7500    0.000000000000e+00
3958.0000    0.000000000000e+00
3958.2500    0.000000000000e+00
3958.5000    0.000000000000e+00
3958.7500    0.000000000000e+00
3959.0000    0.000000000000e+00
3959.2500    0.000000000000e+00
3959.5000    0.000000000000e+00
3959.7500    0.000000000000e+00
3960.0000    0.000000000000e+00
3960.2500    0.000000000000e+00
3960.5000    0.000000000000e+00
3960.7500    0.000000000000e+00
3961.0000    0.000000000000e+00
3961.2500    0.000000000000e+00
3961.5000    0.000000000000e+00
3961.7500    0.000000000000e+00
3962.0000    0.000000000000e+00
3962.2500    0.000000000000e+00
3962.5000    0.000000000000e+00
3962.7500    0.000000000000e+00
3963.0000    0.000000000000e+00
3963.2500    0.000000000000e+00
3963.5000    0.000000000000e+00
3963.7500    0.000000000000e+00
3964.0000    0.000000000000e+00
3964.2500    0.000000000000e+00
3964.5000    0.000000000000e+00
3964.7500    0.000000000000e+00
3965.0000    0.000000000000e+00
3965.2500    0.000000000000e+00
3965.5000    0.000000000000e+00
3965.7500    0.000000000000e+00
3966.0000    0.000000000000e+00
3966.2500    0.000000000000e+00
3966.5000    0.000000000000e+00
3966.7500    0.000000000000e+00
3967.0000    0.000000000000e+00
3967.2500    0.000000000000e+00
3967.5000    0.000000000000e+00
3967.7500    0.000000000000e+00
3968.0000    0.000000000000e+00
3968.2500    0.000000000000e+00
3968.5000    0.000000000000e+00
3968.7500    0.000000000000e+00
3969.0000    0.000000000000e+00
3969.2500    0.000000000000e+00
3969.5000    0.000000000000e+00
3969.7500    0.000000000000e+00
3970.0000    0.000000000000e+00
3970.2500    0.000000000000e+00
3970.5000    0.000000000000e+00
3970.7500    0.000000000000e+00
3971.0000    0.000000000000e+00
3971.2500    0.000000000000e+00
3971.5000    0.000000000000e+00
3971.7500    0.000000000000e+00
3972.0000    0.000000000000e+00
3972.2500    0.000000000000e+00
3972.5000    0.000000000000e+00
3972.7500    0.000000000000e+00
3973.0000    0.000000000000e+00
3973.2500    0.000000000000e+00
3973.5000    0.000000000000e+00
3973.7500    0.000000000000e+00
3974.0000    0.000000000000e+00
3974.2500    0.000000000000e+00
3974.5000    0.000000000000e+00
3974.7500    0.000000000000e+00
3975.0000    0.000000000000e+00
3975.2500    0.000000000000e+00
3975.5000    0.000000000000e+00
3975.7500    0.000000000000e+00
3976.0000    0.000000000000e+00
3976.2500    0.000000000000e+00
3976.5000    0.000000000000e+00
3976.7500    0.000000000000e+00
3977.0000    0.000000000000e+00
3977.2500    0.000000000000e+00
3977.5000    0.000000000000e+00
3977.7500    0.000000000000e+00
3978.0000    0.000000000000e+00
3978.2500    0.000000000000e+00
3978.5000    0.000000000000e+00
3978.7500    0.000000000000e+00
3979.0000    0.000000000000e+00
3979.2500    0.000000000000e+00
3979.5000    0.000000000000e+00
3979.7500    0.000000000000e+00
3980.0000    0.000000000000e+00
3980.2500    0.000000000000e+00
3980.5000    0.000000000000e+00
3980.7500    0.000000000000e+00
3981.0000    0.000000000000e+00
3981.2500    0.000000000000e+00
3981.5000    0.000000000000e+00
3981.7500    0.000000000000e+00
3982.0000    0.000000000000e+00
3982.2500    0.000000000000e+00
3982.5000    0.000000000000e+00
3982.7500    0.000000000000e+00
3983.0000    0.000000000000e+00
3983.2500    0.000000000000e+00
3983.5000    0.000000000000e+00
3983.7500    0.000000000000e+00
3984.0000    0.000000000000e+00
3984.2500    0.000000000000e+00
3984.5000    0.000000000000e+00
3984.7500    0.000000000000e+00
3985.0000    0.000000000000e+00
3985.2500    0.000000000000e+00
3985.5000    0.000000000000e+00
3985.7500    0.000000000000e+00
3986.0000    0.000000000000e+00
3986.2500    0.000000000000e+00
3986.5000    0.000000000000e+00
3986.7500    0.000000000000e+00
3987.0000    0.000000000000e+00
3987.2500    0.000000000000e+00
3987.5000    0.000000000000e+00
3987.7500    0.000000000000e+00
3988.0000    0.000000000000e+00
3988.2500    0.000000000000e+00
3988.5000    0.000000000000e+00
3988.7500    0.000000000000e+00
3989.0000    0.000000000000e+00
3989.2500    0.000000000000e+00
3989.5000    0.000000000000e+00
3989.7500    0.000000000000e+00
3990.0000    0.000000000000e+00
3990.2500    0.000000000000e+00
3990.5000    0.000000000000e+00
3990.7500    0.000000000000e+00
3991.0000    0.000000000000e+00
3991.2500    0.000000000000e+00
3991.5000    0.000000000000e+00
3991.7500    0.000000000000e+00
3992.0000    0.000000000000e+00
3992.2500    0.000000000000e+00
3992.5000    0.000000000000e+00
3992.7500    0.000000000000e+00
3993.0000    0.000000000000e+00
3993.2500    0.000000000000e+00
3993.5000    0.000000000000e+00
3993.7500    0.000000000000e+00
3994.0000    0.000000000000e+00
3994.2500    0.000000000000e+00
3994.5000    0.000000000000e+00
3994.7500    0.000000000000e+00
3995.0000    0.000000000000e+00
3995.2500    0.000000000000e+00
3995.5000    0.000000000000e+00
3995.7500    0.000000000000e+00
3996.0000    0.000000000000e+00
3996.2500    0.000000000000e+00
3996.5000    0.000000000000e+00
3996.7500    0.000000000000e+00
3997.0000    0.000000000000e+00
3997.2500    0.000000000000e+00
3997.5000    0.000000000000e+00
3997.7500    0.000000000000e+00
3998.0000    0.000000000000e+00
3998.2500    0.000000000000e+00
3998.5000    0.000000000000e+00
3998.7500    0.000000000000e+00
3999.0000    0.000000000000e+00
3999.2500    0.000000000000e+00
3999.5000    0.000000000000e+00
3999.7500    0.000000000000e+00
