1\1\GINC-RS1-C724\Freq\External='/home/mot/mace_gaussian/gm_helper.py'\ZDO\C2H5N
1O2\MOT\14-Nov-2025\0\\# freq (anharm) # external="/home/mot/mace_gaussian/gm_he
lper.py"\\Gaussian input generated from ASE\\0,1\O,-1.6419551199,0.7002367607,-0
.0000542726\O,-0.61717919,-1.2923734202,-0.0136702521\N,1.94818292,-0.0525402297
,-0.0033596171\C,0.7280953899,0.7194899991,0.0014434127\C,-0.55102829,-0.0929630
102,-0.0050823483\H,0.6982978,1.38477274,-0.86400139\H,0.6972988732,1.3723674528
,0.8762498675\H,1.97596204,-0.65578514,-0.81629984\H,1.9750337295,-0.6673134713,
0.8009293875\H,-2.4154081,0.1171074897,-0.0046550502\\Version=ES64L-G16RevC.02\H
F=-284.4606367\RMSD=0.000e+00\RMSF=3.347e-08\ZeroPoint=0.0798668\Thermal=0.08553
83\ETot=-284.3750984\HTot=-284.3741542\GTot=-284.4098319\Dipole=0.0088542,0.0312
809,0.0002281\DipoleDeriv=-0.8508455,0.2018555,0.0011942,0.2744441,-0.5072282,-0
.0004326,0.0017116,-0.0004743,-0.424446,-0.4556493,-0.1714372,-0.0013315,-0.0932
374,-1.0553977,-0.0056871,-0.000774,-0.0057319,-0.2651497,-0.8303133,0.211578,0.
0011791,0.0477752,-0.3062117,-0.0003243,0.0000114,-0.0002303,-0.2568727,0.411647
2,-0.3162557,-0.0021345,-0.4523381,0.1434576,-0.0006823,-0.0031046,-0.0006042,0.
2027484,0.9600705,-0.0988991,-0.0002394,0.0655128,1.220067,0.0076736,0.0009326,0
.0075792,0.1489178,0.0184686,0.0387143,-0.0302276,0.0373615,0.048105,0.0495235,-
0.0117382,0.0815547,0.0087104,0.0184198,0.0383726,0.0307893,0.0372467,0.0499649,
-0.0488929,0.0122823,-0.0809226,0.0068994,0.2216061,-0.0127824,-0.0877798,0.0933
987,0.100938,-0.0792304,-0.0338512,-0.0849215,0.131552,0.2214657,-0.0141304,0.08
76898,0.0928151,0.0986036,0.0788665,0.0352804,0.0844353,0.1340268,0.2849302,0.12
3039,0.0008606,-0.1031928,0.2076452,-0.0008145,-0.0007521,-0.0006846,0.3135851\P
G=CS [SG(C2H1N1O2),X(H4)]\NImag=0\\0.59338620,0.09250639,0.44369474,0.00097862,0
.00295001,0.03732917,0.00799018,0.06682935,0.00046439,0.10605176,0.05836898,-0.0
8002990,-0.00074301,0.02924440,0.86989353,0.00040408,-0.00073816,0.02889709,0.00
025178,0.00599962,0.03064644,-0.01047707,-0.00369978,-0.00003300,0.00103630,0.00
294020,0.00002214,0.29487225,-0.00401036,0.00131969,-0.00000046,-0.00532772,0.00
628367,0.00004903,-0.15616101,0.50042728,-0.00003521,-0.00000028,0.00106155,-0.0
0003680,0.00005377,-0.00102252,-0.00133411,-0.00136789,0.67973308,-0.03380903,-0
.01011086,-0.00009818,0.00385284,-0.00367136,-0.00003956,-0.18151203,0.11659821,
0.00078592,0.47694289,0.02079801,0.01070366,0.00000510,-0.03111980,-0.04166383,-
0.00050856,0.06123739,-0.12459165,-0.00012090,-0.05087377,0.55669684,0.00012216,
-0.00001264,0.01166275,-0.00023522,-0.00049280,0.02716861,0.00039129,-0.00008913
,-0.10270020,-0.00042569,-0.00024358,0.58676840,-0.24053701,0.04813727,0.0002419
3,-0.12367083,-0.07186596,-0.00053852,-0.03874547,-0.00409737,-0.00005291,-0.152
07393,-0.04669409,-0.00036438,0.59811117,0.06992902,-0.15704959,-0.00062166,-0.0
5070350,-0.74656425,-0.00479503,0.01801177,0.00206570,0.00000689,-0.04896400,-0.
09905680,-0.00004170,0.05621824,1.00207939,0.00039727,-0.00063417,-0.06421429,-0
.00038766,-0.00480718,-0.07802059,0.00010469,-0.00000581,0.00255024,-0.00038056,
-0.00004040,-0.09715009,0.00061126,0.00552616,0.23141952,-0.00175338,0.00090607,
-0.00212447,-0.00358471,-0.00353175,-0.00397027,-0.00559603,0.02036265,-0.027785
28,-0.04769992,-0.00280379,0.00545920,0.00390582,-0.01479669,0.02602044,0.057614
76,0.00075532,0.00088159,-0.00133379,-0.00309525,-0.00130804,-0.00253179,0.00536
535,-0.01133783,0.01475028,0.00091637,-0.13740752,0.12737186,-0.00161456,-0.0149
3722,0.01883195,-0.00463353,0.15408452,0.00046750,-0.00059181,0.00034964,0.00011
852,-0.00155094,-0.00070230,-0.00198090,-0.00076794,0.00287217,-0.00086262,0.129
01460,-0.21541391,-0.00144873,0.00043430,0.00062726,0.00255808,-0.14089425,0.230
43220,-0.00175530,0.00087503,0.00213473,-0.00358908,-0.00358974,0.00391616,-0.00
563040,0.01996376,0.02806310,-0.04769485,-0.00257961,-0.00530293,0.00393416,-0.0
1442363,-0.02622478,-0.00013089,0.00037964,0.00092555,0.05762093,0.00076039,0.00
085402,0.00134183,-0.00309612,-0.00136606,0.00251875,0.00535368,-0.01113583,-0.0
1494410,0.00104815,-0.13376864,-0.12620663,-0.00161333,-0.01465929,-0.01905156,0
.00037527,0.01225956,0.01536031,-0.00475626,0.15008330,-0.00045913,0.00060001,0.
00037912,-0.00016600,0.00153736,-0.00063992,0.00204766,0.00059112,0.00270454,0.0
0107126,-0.12785358,-0.21905786,0.00142968,-0.00066882,0.00032100,-0.00089642,-0
.01488834,-0.02081280,-0.00282571,0.13974332,0.23442724,0.00105645,-0.00108379,-
0.00029498,0.00126574,-0.00196123,-0.00105612,-0.02637687,0.00681174,-0.02656270
,-0.00837699,0.02249163,0.03007795,-0.00032540,0.00464371,0.00247659,0.00112149,
-0.00043315,-0.00054224,-0.00437378,0.00255996,-0.00050893,0.03790764,0.00013809
,-0.00036352,-0.00002254,0.00033700,0.00007304,-0.00036587,0.03281442,-0.1790240
9,-0.19296458,-0.00359445,-0.01446606,-0.01776204,-0.00049413,0.00159524,0.00062
422,-0.00037518,-0.00021847,-0.00010892,0.00433094,-0.00191879,0.00080795,-0.030
01053,0.18165793,-0.00103270,0.00048820,-0.00005521,-0.00109848,0.00086750,-0.00
002228,0.00821930,-0.16616138,-0.29551224,-0.00064575,-0.00020553,0.00236440,-0.
00004160,-0.00104837,0.00004506,0.00022495,0.00025572,0.00052557,-0.00082346,0.0
0076456,0.00205030,-0.00410724,0.18712895,0.31763229,0.00105494,-0.00108733,0.00
028078,0.00126328,-0.00197510,0.00102954,-0.02639860,0.00623850,0.02696173,-0.00
834335,0.02291812,-0.02976669,-0.00032263,0.00467733,-0.00241058,-0.00437536,0.0
0255340,0.00053802,0.00112114,-0.00044054,0.00053670,-0.00169112,-0.00303621,-0.
00072905,0.03789906,0.00012332,-0.00035681,0.00001838,0.00032087,0.00008018,0.00
036769,0.03270361,-0.18416732,0.19458955,-0.00362345,-0.01471892,0.01751457,-0.0
0049396,0.00158885,-0.00060276,0.00431977,-0.00189562,-0.00085925,-0.00037205,-0
.00021622,0.00009791,-0.00302080,0.01259054,-0.02210162,-0.02984784,0.18702099,0
.00103584,-0.00049375,-0.00006040,0.00110465,-0.00086832,-0.00002696,-0.00744625
,0.16775623,-0.29034727,0.00058185,-0.00001173,0.00258362,0.00003413,0.00107575,
0.00004869,0.00087776,-0.00081789,0.00202872,-0.00022959,-0.00026680,0.00052368,
0.00071504,0.02266396,-0.02709502,0.00336247,-0.18902558,0.31227779,-0.31515599,
-0.19327236,-0.00154983,0.00938452,-0.00395844,-0.00001923,-0.00117207,-0.000378
40,-0.00000375,-0.00128564,0.00662591,0.00004433,-0.05027587,-0.02459227,-0.0002
0667,0.00049823,-0.00019358,0.00022682,0.00049807,-0.00019118,-0.00022911,-0.000
20716,-0.00010997,0.00003402,-0.00020735,-0.00010947,-0.00003590,0.35792325,-0.2
3936915,-0.21965389,-0.00159386,-0.00338924,-0.00539835,0.00000432,0.00143436,0.
00016038,-0.00000274,0.00227515,-0.00172709,-0.00003791,0.02251788,0.02493797,0.
00015953,0.00017717,-0.00012098,-0.00003610,0.00017192,-0.00013206,0.00003309,0.
00000247,0.00007418,0.00001197,-0.00000033,0.00007433,-0.00001187,0.21617975,0.2
0178551,-0.00187843,-0.00156740,-0.01534942,-0.00001517,0.00000400,-0.00627758,0
.00000917,-0.00000378,0.00066066,0.00001331,-0.00003541,0.00377427,0.00012915,0.
00013249,0.00437320,-0.00036398,-0.00074375,0.00009346,0.00036693,0.00074032,0.0
0010469,-0.00019737,-0.00000113,0.00006712,0.00019707,0.00000110,0.00006715,0.00
173932,0.00147358,0.01248643\\0.,0.,0.,0.,0.00000001,0.,-0.00000004,0.00000005,0
.,0.00000001,-0.00000003,0.,0.,0.,0.,0.,0.00000002,-0.00000007,0.,0.00000002,0.0
0000007,0.00000002,-0.00000004,0.00000008,0.00000002,-0.00000004,-0.00000008,0.,
0.,0.\\0.00001547,0.00008914,-0.00017151,-0.01347333,0.01202924,0.00015604,-0.00
000315,-0.00001603,0.00271542,0.00000231,-0.00001670,0.00007969,-0.00538849,0.00
000209,-0.00030388,0.00277707,-0.00578954,-0.00007653,-0.00200999,0.02131324,0.0
0030157,-0.00000019,-0.00000070,0.00009188,-0.00000082,-0.00000415,0.00061396,-0
.00004941,-0.00000195,-0.00000426,0.00051870,-0.00000553,0.00000568,-0.00040463,
-0.00032740,-0.00051163,0.00023238,0.00007915,0.00000445,0.00080822,-0.00039235,
-0.00000487,0.04303892,0.03588475,0.00056104,-0.00000270,-0.00001606,0.00226277,
0.00000050,-0.00000128,0.00020809,0.00001629,0.00013631,-0.01902398,-0.00000621,
-0.00001677,0.00000818,-0.00103347,0.00000689,-0.00000705,0.00134811,0.00006602,
-0.00000014,0.00123593,-0.00004777,-0.00022811,0.00243577,-0.00011413,-0.0000054
8,-0.00107514,-0.00035926,0.00000655,-0.00936123,-0.00121570,-0.00001615,0.00541
286,0.01599935,0.00023433,-0.00000897,-0.00004766,0.00706145,0.00000012,0.000013
08,-0.00057839,0.00000128,-0.00000292,0.00053763,-0.00000167,-0.00000799,0.00101
528,0.00001406,-0.00005805,0.00007015,-0.00517471,0.00000660,0.00022574,-0.01607
204,0.00001924,0.00000531,0.00084490,-0.00001332,-0.00000706,-0.00031511,0.00007
739,-0.00024578,0.00856067,-0.00466589,-0.00006118,0.00036873,-0.01559395,-0.000
22586,-0.00276739,-0.00158972,-0.00000659,0.00189420,0.00130482,0.00000873,-0.01
224456,0.01723822,0.00023172,-0.00016703,0.00000982,-0.00007999,0.00055444,0.000
52096,-0.00010266,-0.00040320,-0.00320325,-0.00265893,0.00089097,-0.00311738,0.0
0415644,-0.00080970,0.00219022,0.00175643,-0.00012696,-0.00029538,-0.00030519,-0
.00006349,0.00040684,0.00007074,-0.00050689,0.00053403,0.00192135,0.00165922,-0.
00274241,0.02822202,-0.00930254,-0.00108712,0.00161618,0.00205584,0.00316843,-0.
03111584,-0.00001672,0.00016037,0.00012629,0.00023151,0.00009252,-0.00003761,-0.
00121868,0.00218836,-0.00188321,0.00284393,-0.01037159,-0.02526594,0.00080201,0.
00150920,-0.00129773,-0.00266173,0.00913593,0.02826068,0.00016713,-0.00000887,-0
.00007978,-0.00055458,-0.00051954,-0.00011075,0.00040763,0.00323836,-0.00261474,
-0.00089902,0.00307036,0.00417067,0.00080677,-0.00221674,0.00172443,-0.00000032,
0.00034201,0.00028086,0.00013309,0.00029565,0.00030372,-0.00005702,-0.00040951,-
0.00006481,-0.00050882,-0.00051846,-0.00197544,0.00160363,0.00271292,-0.02793074
,-0.01005793,0.00107324,-0.00166639,0.00201480,-0.00034196,0.00004987,-0.0034980
1,-0.00314136,0.03084337,-0.00001217,0.00016649,-0.00012493,0.00022502,0.0000904
6,0.00003181,-0.00122791,0.00213708,0.00193287,0.00285294,-0.01112656,0.02498272
,0.00081681,0.00146439,0.00135088,0.00027599,-0.00349762,-0.00004955,-0.00267427
,0.00997503,-0.02799433,0.00031101,-0.00028982,0.00001982,0.00024552,-0.00025610
,-0.00005719,-0.00055447,-0.01038121,-0.01037566,0.00100885,0.00546685,-0.003268
96,-0.00012344,0.00067613,-0.00012900,-0.00014964,-0.00003540,0.00002144,-0.0003
2647,0.00019802,-0.00032896,-0.00035058,-0.00010750,0.00002188,-0.00001807,-0.00
031049,0.00017592,0.00026487,-0.00464783,-0.06415990,-0.02144858,-0.00041596,-0.
00301198,0.00289067,0.00010088,-0.00006719,-0.00035205,0.00018419,-0.00009686,0.
00001281,-0.00058833,0.00033935,0.00073940,0.00520911,0.06668963,-0.00003012,0.0
0004720,0.00016907,-0.00034828,-0.00000568,-0.00030474,-0.01472605,-0.01982123,0
.06531630,0.00160840,0.00182881,0.00204961,-0.00017295,-0.00040861,-0.00011973,0
.00011049,0.00007474,-0.00019531,-0.00057880,0.00039798,-0.00027773,0.01434833,0
.02471314,-0.06654894,-0.00031100,0.00028945,0.00002379,-0.00024506,0.00025690,-
0.00005417,0.00058308,0.01054921,-0.01015048,-0.00100690,-0.00542183,-0.00334542
,0.00012379,-0.00067375,-0.00013861,0.00032751,-0.00019376,-0.00033170,0.0001494
9,0.00003500,0.00002188,0.00000027,0.00058380,-0.00023339,0.00031781,0.00010793,
-0.00002233,-0.00001585,0.00031513,-0.00017952,0.00025833,0.00488031,0.06472175,
-0.01958887,0.00038962,0.00294372,0.00296234,-0.00009800,0.00007805,-0.00035275,
0.00059568,-0.00035544,0.00073106,-0.00018576,0.00009564,0.00001117,-0.00057258,
0.00009726,-0.00682175,-0.00543986,-0.06736702,-0.00002875,0.00004963,-0.0001686
3,-0.00034445,-0.00001228,0.00030788,-0.01458214,-0.01795498,-0.06590675,0.00161
530,0.00189377,-0.00198329,-0.00017436,-0.00040998,0.00010852,-0.00057031,0.0003
8874,0.00029279,0.00010780,0.00007335,0.00019669,-0.00024164,-0.00682108,-0.0000
9753,0.01419599,0.02279747,0.06725910,-0.00000058,-0.00000927,0.00145797,0.00000
072,0.00000474,-0.00068597,-0.00000020,-0.00000162,0.00020664,-0.00000011,0.0000
0162,-0.00014029,-0.00000225,-0.00000771,0.00097510,-0.00011608,-0.00009724,0.00
004909,0.00011628,0.00009647,0.00005066,-0.00006105,-0.00000787,0.00002237,0.000
06101,0.00000753,0.00002256,0.00000225,0.00000363,0.00001967,-0.00079684,0.00000
401,-0.00000252,0.00009739,-0.00000106,-0.00000271,0.00012221,-0.00000204,0.0000
1117,-0.00048769,-0.00002090,-0.00000901,-0.00005931,-0.00000671,-0.00000682,0.0
0003935,0.00000988,0.00000544,0.00004015,-0.00001500,0.00001190,-0.00000461,0.00
001484,-0.00001210,-0.00000463,0.00001335,-0.00001503,-0.00044480,-0.00196252,-0
.00001909,-0.00057103,0.00025581,0.00000180,0.00013863,0.00025737,0.00000290,0.0
0032549,-0.00107917,-0.00001106,0.00293708,0.00132375,0.00001126,-0.00022573,0.0
0005607,0.00004961,-0.00022542,0.00005697,-0.00004844,0.00001181,0.00001889,0.00
000902,0.00001210,0.00001885,-0.00000877,-0.00195813,0.00105399,0.00001278,0.000
02439,0.00015529,0.00009626,-0.02124124,-0.00675146,-0.00012065,-0.00000039,-0.0
0000114,0.00025759,0.00000331,-0.00000260,0.00001409,-0.00076953,0.00002765,0.00
017569,0.00042613,-0.00120708,-0.00001370,-0.00288712,-0.01232249,-0.00017900,-0
.00000053,-0.00000761,0.00103875,-0.00000008,-0.00000658,0.00086964,0.00016821,0
.00000084,-0.00000310,0.00007434,0.00000546,-0.00000210,-0.00036493,0.00108994,0
.00112920,-0.00012409,0.00036069,0.00000363,-0.00073591,0.00065964,0.00000218,-0
.14652190,-0.07919896,-0.00129741,-0.00000129,-0.00000456,0.00065045,0.00000068,
0.00001187,-0.00174120,-0.00000686,-0.00011857,0.01478396,0.00001953,-0.00001077
,0.00000805,-0.00099290,-0.00000548,-0.00002593,0.00269994,0.00001741,-0.0001986
3,0.00490486,0.00012694,0.00014127,0.00159107,-0.00013564,-0.00000676,0.00055145
,0.00093702,0.00002524,-0.00283810,0.02295874,0.00020549,-0.01700940,-0.00990861
,-0.00016080,-0.00000667,-0.00004755,0.00678401,-0.00000282,-0.00002837,0.003002
65,0.00000391,0.00001409,-0.00204909,-0.00000352,-0.00000106,0.00011159,0.000013
94,-0.00003305,0.00002770,-0.00247163,-0.00002031,-0.00016909,0.01158583,0.00003
540,0.00001226,-0.00261716,-0.00004396,-0.00001572,0.00174128,0.00009270,0.00015
269,0.00483569,-0.00141421,-0.00002103,0.00191575,0.01213283,0.00017191,-0.00475
555,0.00089712,-0.00001617,0.00602672,0.00046392,0.00001924,-0.01214243,-0.01070
956,-0.00016663,0.00005981,0.00005263,-0.00009200,0.00015743,0.00030031,0.000170
40,0.00501938,0.00027176,-0.00048265,-0.00209787,-0.00371906,0.00611658,0.000221
47,0.00191543,0.00094140,-0.00257113,0.00003868,-0.00024662,0.00013155,0.0002795
6,0.00007694,0.00007623,-0.00400935,-0.00204263,0.00143917,-0.00232668,0.0138579
3,-0.00244396,0.00023497,0.00169825,-0.00050071,0.00407031,-0.01477625,0.0001040
7,0.00017713,-0.00007806,-0.00000869,0.00005120,-0.00002080,0.00194410,0.0005439
3,-0.00279903,0.00399057,-0.00046394,-0.01670480,0.00032231,-0.00044563,0.000215
93,-0.00624875,0.00237513,0.01880408,-0.00005983,-0.00005152,-0.00009290,-0.0001
5761,-0.00030277,0.00016590,-0.00502108,-0.00026541,-0.00049548,0.00208624,0.003
63238,0.00615222,-0.00022290,-0.00192814,0.00091400,-0.00000062,0.00043048,0.000
53930,0.00258552,-0.00004031,0.00024219,0.00013385,-0.00027949,-0.00007873,0.000
07449,0.00397964,0.00201448,0.00143255,0.00227273,-0.01381031,-0.00287647,-0.000
23895,-0.00168444,-0.00052193,-0.00043609,0.00002524,-0.00177080,-0.00398398,0.0
1470177,0.00010334,0.00017941,0.00008251,-0.00001288,0.00004943,0.00002277,0.001
99205,0.00053243,0.00282888,0.00400660,-0.00089488,0.01666882,0.00031893,-0.0004
6878,-0.00022831,0.00053313,-0.00177031,-0.00002463,-0.00628165,0.00284832,-0.01
874399,-0.00089936,0.00021711,-0.00025797,-0.00024924,0.00046051,0.00026770,0.00
463636,0.04822690,0.06817731,-0.00646176,-0.00780114,0.00241888,-0.00043464,-0.0
0092784,0.00006935,0.00081486,-0.00013779,0.00014001,0.00151584,-0.00140667,-0.0
0078973,0.00117152,-0.00000523,0.00011774,-0.00004544,0.00042938,-0.00027325,-0.
00035844,0.04416839,0.09682089,0.03788447,0.00356017,0.00299619,-0.00506534,0.00
001070,-0.00032636,0.00037023,-0.00063406,0.00067869,0.00013388,0.00178765,-0.00
074721,-0.00061614,-0.04392000,-0.09910431,0.00035093,-0.00022511,-0.00008926,0.
00077748,-0.00044094,0.00049757,0.07436702,0.02872128,-0.10385919,-0.00518683,0.
00239324,0.00268617,0.00051725,0.00130939,-0.00046247,-0.00023281,0.00011567,0.0
0087607,-0.00052983,0.00047856,0.00026182,-0.07538578,-0.04212965,0.09999458,0.0
0089925,-0.00021316,-0.00026011,0.00024805,-0.00046378,0.00026197,-0.00479910,-0
.04922435,0.06735735,0.00646489,0.00776304,0.00254035,0.00043396,0.00092525,0.00
008251,-0.00151432,0.00141724,-0.00077103,-0.00081476,0.00013565,0.00014202,-0.0
0000619,-0.00536601,0.00535144,-0.00099929,0.00000027,-0.00011384,-0.00004833,-0
.00044002,0.00028449,-0.00034780,-0.04526501,-0.09772878,0.03495781,-0.00348012,
-0.00295807,-0.00507323,-0.00001849,0.00030243,0.00036793,-0.00177920,0.00074896
,-0.00060376,0.00063716,-0.00068229,0.00013738,0.00527790,-0.00013994,0.00981839
,0.04503614,0.10026420,0.00035190,-0.00022826,0.00008546,0.00077214,-0.00043033,
-0.00050762,0.07360422,0.02579001,0.10492981,-0.00522649,0.00239832,-0.00272742,
0.00051699,0.00130817,0.00048707,-0.00055670,0.00049461,-0.00026510,-0.00022368,
0.00011859,-0.00087256,0.00542732,0.00981228,0.00014613,-0.07463733,-0.03922214,
-0.10132670,-0.00001539,-0.00009950,0.01321342,0.00000067,0.00000374,-0.00053608
,-0.00000022,-0.00000067,0.00009051,-0.00000004,-0.00000226,0.00036536,-0.000002
72,-0.00001550,0.00211255,-0.00008901,0.00000259,-0.00001189,0.00008919,-0.00000
252,-0.00001183,-0.00008740,-0.00003098,-0.00002886,0.00008751,0.00003138,-0.000
02837,0.00001741,-0.00010313,-0.00014246,0.01073955,0.00000440,-0.00000212,0.000
16425,-0.00000224,-0.00000159,0.00017693,0.00000218,0.00000523,-0.00013379,-0.00
001804,0.00000226,-0.00108562,-0.00004204,-0.00002052,0.00000287,0.00004415,0.00
001930,0.00000314,0.00001102,-0.00002245,-0.00004083,-0.00001001,0.00002283,-0.0
0004125,0.00011372,0.00013952,0.01360220,0.00924452,0.00015786,-0.00062982,0.000
13317,0.00000145,0.00029977,0.00004604,0.00000181,-0.00029437,-0.00059995,-0.000
00519,0.00261778,0.00076809,0.00000045,-0.00014860,0.00008262,-0.00000366,-0.000
14789,0.00008284,0.00000470,-0.00006708,0.00001414,-0.00005141,-0.00006719,0.000
01377,0.00005092,-0.01516481,-0.00978525,-0.00015692,0.01415421,-0.00148354,-0.0
1478513,-0.00000191,-0.00009959,-0.00093390,0.00688765,-0.00475334,-0.00002987,-
0.00491959,-0.00409142,-0.00684083,-0.00005041,0.03604809,-0.00346838,-0.0000251
6,-0.00005079,-0.00009925,0.00025348,-0.00001228,0.00115647,0.00038483,0.0004973
1,0.00000375,0.00263294,-0.00223540,-0.00001428,0.01744289,-0.00067086,-0.000346
51,-0.00000310,0.00392568,0.00048527,0.00000753,-0.03647869,-0.02684945,-0.00000
458,-0.00000243,0.00003395,0.00002964,0.00000399,-0.00025421,-0.00025666,-0.0002
9477,0.01156158,-0.00612671,-0.00012015,-0.00000474,0.00341291,0.00244825,0.0000
1997,-0.01586932,-0.00234012,-0.00002558,0.01941618,0.00089061,-0.00074823,-0.00
000938,0.00013046,0.00523353,0.00004438,0.00122660,0.00933634,0.00006990,-0.0142
2477,-0.01622315,0.00000246,-0.00000996,0.00063970,0.00000345,0.00004571,-0.0009
8097,-0.00000015,0.00006786,-0.00037070,-0.00008746,-0.00008912,-0.00486697,0.01
242499,0.00116052,0.00001559,-0.00735514,-0.03278761,-0.00023809,0.00631640,-0.0
0245107,-0.00001338,0.00129904,0.00220193,0.00001569,-0.01499971,-0.00042595,-0.
00185468,-0.00001110,-0.03507085,0.00420927,0.00000809,-0.00022288,0.00269669,0.
00002483,0.00580550,-0.00010600,-0.00000681,0.02829015,-0.00250900,0.00000429,-0
.00001019,-0.00033121,-0.00025437,0.00000940,0.00024981,0.00000250,0.00002355,-0
.00080452,0.00004137,-0.00000888,0.00131630,0.00019290,-0.00000353,0.00026482,-0
.00057308,-0.00009568,0.00011813,-0.00012910,0.00042060,0.00021570,-0.00230201,0
.00072688,-0.00095862,0.00056603,0.00471395,-0.00641724,0.00019648,-0.00033992,-
0.00113280,0.00253451,0.00037346,0.00024189,-0.00022523,-0.00028745,-0.00003244,
-0.00015948,0.00096351,0.00133266,-0.00129371,0.00446756,-0.00076493,0.00059394,
-0.00001415,-0.00148284,0.00152317,-0.00491877,0.00030934,-0.00017222,-0.0001773
7,0.00015241,-0.00001284,-0.00000601,0.00000192,-0.00015549,-0.00012479,0.000010
95,-0.00617185,-0.00002105,0.00193875,-0.00007811,0.00036502,-0.00017989,0.00720
881,-0.00015757,-0.00189657,-0.00057314,-0.00009419,-0.00012031,-0.00012887,0.00
042362,-0.00020984,-0.00230330,0.00071300,0.00096622,0.00055151,0.00462199,0.006
48220,0.00019509,-0.00035561,0.00112829,-0.00015257,-0.00056210,-0.00073071,0.00
255113,0.00037072,0.00023613,0.00022685,-0.00028779,-0.00003479,0.00015863,0.000
95972,0.00131216,0.00131336,0.00437983,-0.00075629,-0.00062739,-0.00001350,-0.00
145566,-0.00154138,-0.00057261,0.00003636,0.00012687,-0.00481573,0.00030448,0.00
017669,0.00017845,0.00015823,0.00000859,0.00000598,0.00000404,0.00016653,0.00014
416,0.00003274,0.00623333,-0.00001212,0.00194463,0.00007836,-0.00038362,-0.00020
568,0.00072257,-0.00012545,-0.00010945,-0.00727310,0.00018349,-0.00190833,-0.000
22777,0.00008812,-0.00006948,-0.00002750,0.00020014,0.00020177,-0.00322524,0.018
28131,0.02254510,-0.00128001,0.00001782,0.00126482,0.00034488,-0.00067474,-0.000
09238,-0.00002507,0.00007232,-0.00004042,-0.00024675,-0.00013029,-0.00015540,0.0
0432840,0.00002462,-0.00002358,-0.00005143,0.00058400,0.00003508,-0.00015408,0.0
1753286,0.00594040,-0.00176506,-0.00021890,0.00215023,0.00276325,-0.00004947,0.0
0032815,0.00028163,0.00012944,-0.00010343,-0.00005843,-0.00008850,0.00044133,-0.
00010232,-0.01628447,-0.00833072,0.00012993,-0.00012948,0.00000271,0.00055381,-0
.00025571,-0.00011789,0.01857959,0.00061824,-0.00517195,0.00002363,0.00003042,0.
00044039,-0.00003051,0.00043765,-0.00007568,-0.00002471,-0.00002452,-0.00002341,
-0.00007140,0.00004573,0.00005859,-0.02136083,-0.00080476,0.00388162,-0.00022770
,0.00008698,0.00007046,-0.00002664,0.00020270,-0.00019880,-0.00317833,0.01860145
,-0.02227990,-0.00127852,0.00003589,-0.00126638,0.00034474,-0.00067549,0.0000832
4,-0.00024701,-0.00013244,0.00015318,-0.00002514,0.00007171,0.00004144,0.0003133
2,-0.00160109,0.00223762,0.00427962,0.00002641,-0.00002616,0.00005105,0.00059166
,0.00002920,0.00015686,0.01779380,0.00592149,0.00194384,-0.00021537,0.00218970,-
0.00273855,-0.00004958,0.00033833,-0.00027579,-0.00008962,0.00044045,0.00010766,
0.00012901,-0.00010460,0.00005742,-0.00156913,-0.00043922,0.00008071,-0.01658816
,-0.00835091,-0.00012983,0.00012917,0.00000521,-0.00054532,0.00025805,-0.0001128
8,-0.01832548,-0.00043856,-0.00519996,-0.00002868,-0.00000544,0.00039943,0.00003
029,-0.00043252,-0.00008572,0.00006978,-0.00004044,0.00005973,0.00002655,0.00002
344,-0.00002217,-0.00226102,-0.00010322,0.00101203,0.02112694,0.00061113,0.00395
059,-0.02612327,0.00471397,0.00001840,-0.00034666,-0.00062895,-0.00000477,0.0001
0113,-0.00030758,-0.00000223,-0.00069111,0.00038554,0.00000262,0.00123322,0.0036
6979,0.00002695,0.00013182,0.00003806,-0.00000036,0.00013205,0.00003794,0.000001
00,0.00004573,-0.00002849,-0.00003712,0.00004565,-0.00002902,0.00003677,0.025471
43,0.00498596,0.02414710,0.00017235,-0.00088046,0.00038408,0.00000114,-0.0000368
3,0.00017094,0.00000004,0.00001817,-0.00031121,0.00000108,0.00371280,-0.00016426
,0.00000202,0.00002574,0.00002294,-0.00005433,0.00002850,0.00002088,0.00005401,-
0.00000108,0.00000177,0.00000172,-0.00000154,0.00000172,-0.00000161,-0.00785126,
-0.02427397,0.00002033,0.00017219,0.00037216,-0.00000656,0.00000129,0.00015296,-
0.00000030,-0.00000011,0.00016212,0.,0.00000129,-0.00046055,0.00002726,0.0000019
9,-0.00014822,0.00019838,-0.00009071,0.00004556,-0.00019789,0.00009041,0.0000474
0,-0.00003215,-0.00000557,-0.00000640,0.00003220,0.00000565,-0.00000626,-0.00004
126,-0.00017642,-0.00015877,0.07619174,-0.01482101,-0.04293706,-0.00006014,-0.00
029254,-0.00309384,0.00540873,-0.00911707,-0.00006022,-0.00469911,-0.00829373,0.
00636602,0.00006125,0.00155382,-0.01194308,-0.00005436,0.00006078,-0.00289424,0.
00000623,-0.00011098,0.00375015,-0.00194098,0.00030535,0.00000089,-0.00034308,0.
00066549,0.00000451,0.03104406,-0.00052466,0.00059677,0.00000187,-0.00184660,-0.
00024797,-0.00000329,0.00306298,0.01075665,-0.00000502,0.00000235,0.00029204,-0.
00001340,-0.00000185,0.00006518,0.00004562,0.00015254,-0.01039459,-0.01838788,-0
.00035363,-0.00001451,-0.00023769,0.00022144,0.00000118,-0.02438347,0.01338451,0
.00008099,0.06641456,0.00152424,-0.00083836,-0.00002291,0.00237607,-0.00193707,-
0.00001568,0.00641979,-0.00431478,-0.00003237,0.00292912,0.01724862,-0.00000112,
-0.00002399,0.00249806,0.00001654,-0.00001691,0.00045318,0.00003134,-0.00002837,
0.00074296,0.00005994,0.00013633,-0.00163893,-0.00567972,0.01567080,0.00010727,-
0.00023256,0.00507113,0.00003721,-0.00696075,0.00046433,-0.00000123,-0.02128389,
-0.02290441,-0.00017543,0.03038934,0.00999059,-0.01124385,-0.00008901,0.00873813
,0.00535198,0.00005803,0.00282526,-0.00099703,-0.00001227,-0.02195149,-0.0095205
3,-0.00007970,-0.00487699,0.01991987,0.00006678,-0.00008575,0.00204680,0.0000633
5,0.00005592,-0.00208392,0.00001560,-0.00001362,0.00095141,-0.00016864,-0.000080
24,-0.00010871,-0.00001817,0.00012864,0.00148176,-0.00093808,-0.00047069,0.00002
601,0.00043406,0.00008453,0.00019095,0.00078015,-0.00004216,-0.00061456,-0.00080
116,0.00331144,-0.00455457,0.00031321,0.00074241,-0.00018914,0.00007177,0.000826
58,0.00026959,-0.00028808,0.00004712,0.00008773,-0.00015968,-0.00007986,0.000318
60,-0.00104826,0.00207894,0.00083959,-0.00057706,0.00090974,-0.00126933,0.001620
63,-0.00336584,-0.00023171,-0.00024702,-0.00030580,0.00038342,0.00018388,0.00000
550,0.00012028,-0.00009570,0.00000627,0.00017352,-0.00369878,-0.00045131,-0.0005
3097,-0.00052498,0.00053692,-0.00077339,0.00473305,0.00043875,0.00050716,-0.0009
3834,-0.00047061,-0.00003424,0.00043449,0.00008724,-0.00018937,0.00077934,-0.000
05091,0.00061458,-0.00081068,0.00324564,0.00460098,0.00031237,0.00074025,0.00020
097,0.00006972,-0.00033733,-0.00035594,0.00008270,0.00082266,0.00026114,0.000287
28,0.00004956,0.00008554,0.00015925,-0.00008243,0.00030372,0.00105002,0.00202532
,0.00082461,0.00059868,0.00090402,-0.00123849,-0.00162622,-0.00034226,-0.0002020
6,-0.00009967,-0.00329750,-0.00021900,0.00025725,0.00030351,0.00039212,-0.000182
83,-0.00000589,0.00012204,0.00009523,-0.00000448,0.00018922,0.00372771,0.0004743
3,-0.00050647,0.00053918,-0.00054271,-0.00080340,0.00035129,0.00009783,-0.000100
42,-0.00478102,-0.00045285,0.00048353,0.00004361,-0.00012694,-0.00000117,0.00000
984,-0.00000448,-0.00006403,0.00061194,-0.00708338,-0.00895733,0.00025526,0.0010
5597,0.00078915,-0.00061870,0.00034724,0.00006165,0.00006572,0.00016629,-0.00000
365,-0.00014190,-0.00029567,0.00000724,-0.00022281,-0.00002147,-0.00002434,0.000
04534,-0.00021250,0.00000987,0.00002877,-0.00658252,-0.00321849,0.00073882,0.000
80513,-0.00128676,-0.00148323,0.00006830,-0.00005394,-0.00016051,-0.00007265,0.0
0008409,0.00000814,0.00005103,0.00001335,0.00005044,0.00533103,0.00428887,-0.000
06512,0.00013408,-0.00002661,-0.00024240,0.00017360,0.00001182,-0.00659291,-0.00
029093,0.00389773,-0.00007806,-0.00045492,-0.00057944,0.00003791,-0.00027654,0.0
0015364,-0.00003670,0.00002439,0.00006678,0.00008404,-0.00001868,0.00009645,0.00
753941,0.00071813,-0.00276581,0.00004354,-0.00012679,-0.00000055,0.00000949,-0.0
0000519,0.00006396,0.00059421,-0.00721060,0.00885165,0.00025606,0.00106659,-0.00
077308,-0.00061859,0.00034778,-0.00005758,-0.00014179,-0.00029555,-0.00001173,0.
00006567,0.00016625,0.00000602,-0.00001406,0.00063722,-0.00064739,-0.00020559,-0
.00002235,-0.00002178,-0.00004529,-0.00021590,0.00001275,-0.00002901,-0.00667490
,-0.00321055,-0.00084791,0.00080223,-0.00131426,0.00147368,0.00006865,-0.0000601
3,0.00015754,0.00005229,0.00001382,-0.00005156,-0.00007316,0.00008455,-0.0000079
7,0.00062795,0.00018183,-0.00001943,0.00543872,0.00430782,0.00006489,-0.00013416
,-0.00002909,0.00023934,-0.00017360,0.00000928,0.00649462,0.00018125,0.00390752,
0.00009046,0.00044567,-0.00055274,-0.00003782,0.00027389,0.00015972,-0.00008358,
0.00001716,0.00009587,0.00003566,-0.00002395,0.00006637,0.00065739,0.00003516,-0
.00087089,-0.00745969,-0.00061097,-0.00280198,-0.05380262,0.00951058,0.00003667,
-0.00078414,0.00061975,0.00000371,-0.00018142,-0.00015352,-0.00000130,-0.0010211
0,0.00097554,0.00000624,0.00437929,0.00309683,0.00002518,0.00014640,0.00004990,0
.00002088,0.00014662,0.00005005,-0.00002007,0.00001111,-0.00000357,0.00000121,0.
00001107,-0.00000353,-0.00000127,0.05109478,0.01051912,0.04757188,0.00034209,-0.
00137262,0.00221424,0.00001182,0.00014083,0.00001309,-0.00000107,0.00005844,0.00
029894,0.00000057,0.00462442,-0.00088857,0.00000362,0.00010294,0.00008969,-0.000
08726,0.00010535,0.00008665,0.00008779,-0.00001802,0.00000552,0.00001029,-0.0000
1842,0.00000594,-0.00001046,-0.01414203,-0.04939739,0.00004386,0.00034152,0.0004
3133,-0.00001049,0.00001296,0.00044623,0.00000080,-0.00000124,0.00017501,-0.0000
0030,0.00000110,0.00022307,0.00003607,0.00000274,-0.00102393,0.00017724,-0.00012
567,0.00005775,-0.00017566,0.00012614,0.00006057,-0.00002865,0.00001894,0.000016
35,0.00002839,-0.00001909,0.00001596,-0.00007125,-0.00035739,-0.00040235,0.00016
704,0.00109083,0.00133184,-0.14550180,-0.09341206,-0.00149888,0.00000299,0.00001
282,-0.00189074,0.00000611,0.00002218,-0.00002615,0.00251982,0.00007403,0.000896
13,-0.00331444,0.00114911,0.00002317,-0.00532371,-0.06285267,-0.00090224,-0.0000
0095,-0.00001470,0.00208216,-0.00000042,-0.00000180,0.00025294,-0.00000223,0.000
00271,-0.00000304,0.00068226,-0.00000298,0.00000567,-0.00078954,-0.00001857,-0.0
0011768,-0.00043462,-0.00025636,0.00000398,0.00048136,-0.00000554,-0.00000525,0.
00193968,0.00825402,0.00011991,-0.00000120,0.00000896,-0.00109032,0.00000050,0.0
0003741,-0.00558468,0.00000321,0.00004484,-0.00620576,0.00002720,-0.00001870,0.0
0006424,-0.00694629,-0.00003318,-0.00002423,-0.00078535,-0.00000607,-0.00001381,
0.00298541,0.00019087,0.00054600,0.00318323,-0.00206529,-0.00006304,0.00471811,0
.00418457,0.00002373,0.00061095,-0.00104785,0.00001060,-0.02369145,-0.03829493,-
0.00057319,-0.00002517,-0.00021446,0.02956813,-0.00001257,-0.00013996,0.01495573
,0.00000261,0.00001788,-0.00254379,-0.00000053,0.00005617,-0.00876944,0.00004157
,-0.00009926,-0.00001394,-0.00445752,-0.00008349,-0.00083607,0.05918050,0.000012
22,-0.00002842,0.00354519,-0.00006977,-0.00008751,0.00121977,0.00029095,0.000815
16,0.01428384,0.00641259,0.00003911,0.00694619,0.05810008,0.00084864,-0.00200020
,0.00044091,0.00002581,0.00968904,0.01105601,0.00008804,-0.03621139,-0.05717380,
-0.00085674,0.00045010,0.00076575,-0.00029624,-0.00111406,-0.00116154,0.00082696
,0.00191610,0.00159983,0.00219154,-0.00181188,-0.00953376,0.01157481,0.00209415,
-0.00136879,-0.00328497,-0.00178307,-0.00089453,0.00012487,0.00078600,-0.0007461
6,-0.00044443,0.00149009,-0.00042731,0.00045297,-0.00232689,-0.00975435,-0.04516
164,0.01593899,0.00183080,-0.00073310,-0.00537205,0.00984661,0.04645727,0.000616
21,0.00023855,-0.00075634,-0.00102960,-0.00058145,-0.00044591,-0.00105660,-0.000
29111,0.00021587,0.01328100,0.01503099,0.04119921,-0.00040501,-0.00451643,0.0049
2919,-0.01294267,-0.01556950,-0.04432075,-0.00045047,-0.00076170,-0.00030852,0.0
0111427,0.00115030,0.00084420,-0.00191739,-0.00163056,0.00216658,0.00178313,0.00
934946,0.01175850,-0.00208991,0.00142059,-0.00326174,-0.00000189,0.00115347,0.00
165548,0.00181301,0.00088477,-0.00013929,0.00077425,0.00075905,0.00043147,0.0014
9075,0.00044502,-0.00041560,-0.00232924,0.00954467,0.04470247,0.01717462,-0.0018
1874,0.00087291,-0.00529139,-0.00118347,-0.00008085,0.00566966,-0.00964213,-0.04
599479,0.00062750,0.00022490,0.00077113,-0.00101811,-0.00058032,0.00045866,-0.00
105232,-0.00029583,-0.00025196,0.01346766,0.01626638,-0.04071129,-0.00042769,-0.
00443208,-0.00507324,0.00163882,0.00567100,0.00008274,-0.01313014,-0.01686816,0.
04382834,0.00019513,0.00009712,-0.00019014,0.00010865,0.00005074,0.00004679,-0.0
0027442,0.00005087,0.00127744,0.00026820,0.00062084,-0.00034652,0.00050461,-0.00
037319,0.00023180,-0.00032572,-0.00003588,-0.00011883,-0.00054046,0.00074780,0.0
0001071,0.00001524,0.00004458,0.00004355,-0.00003239,0.00005496,0.00022169,-0.00
014264,0.00212440,-0.01752139,-0.00525200,-0.00037686,0.00084685,0.00110302,-0.0
0003106,0.00000266,0.00029069,0.00034011,-0.00041659,-0.00023285,-0.00077193,0.0
0015627,0.00028052,-0.00125279,0.01665115,0.00000559,-0.00009005,0.00013717,0.00
010410,0.00003139,-0.00021783,-0.00015650,-0.00363477,0.01828623,0.00111706,0.00
033279,0.00081681,-0.00038047,-0.00002455,0.00037484,0.00023325,-0.00027316,-0.0
0059316,0.00001842,-0.00035391,-0.00000882,-0.00109665,0.00604713,-0.01872859,-0
.00019492,-0.00009430,-0.00019157,-0.00010882,-0.00005143,0.00004569,0.00027313,
-0.00006535,0.00129799,-0.00026908,-0.00061622,-0.00035472,-0.00050444,0.0003698
7,0.00023695,0.00054042,-0.00074747,0.00000066,0.00032559,0.00003789,-0.00011861
,-0.00000017,-0.00014581,0.00014800,-0.00001272,-0.00004462,-0.00004182,-0.00003
108,-0.00005627,-0.00022001,-0.00014895,-0.00211637,0.01764081,-0.00474221,0.000
35963,-0.00086731,0.00110271,0.00003615,-0.00000653,0.00029598,0.00077126,-0.000
15519,0.00027907,-0.00034313,0.00042385,-0.00023566,0.00014607,0.00002960,-0.002
07591,0.00126180,-0.01681638,0.00000489,-0.00008880,-0.00013911,0.00010293,0.000
02509,0.00021632,-0.00016536,-0.00312261,-0.01840435,0.00112293,0.00033135,-0.00
079547,-0.00038014,-0.00001887,-0.00037113,0.00003003,-0.00035711,0.00000778,0.0
0022807,-0.00027554,0.00058604,0.00015008,-0.00207608,-0.00002943,-0.00110033,0.
00554180,0.01889130,-0.00014256,-0.00089032,0.11781903,0.00000335,0.00002008,-0.
00274947,0.00000036,0.00000133,-0.00017041,0.00000045,-0.00000940,0.00131652,-0.
00001031,-0.00009914,0.01337047,0.00003585,-0.00022518,-0.00000063,-0.00003589,0
.00022516,0.00000217,0.00004894,0.00001440,0.00000720,-0.00004899,-0.00001451,0.
00000689,0.00014879,-0.00098795,-0.00134025,0.10011701,0.00002122,-0.00000405,0.
00140869,0.00000317,0.00000048,0.00012761,0.00001462,-0.00000505,0.00068438,-0.0
0002772,0.00001484,-0.00875902,-0.00007602,-0.00004330,-0.00002692,0.00007564,0.
00004356,-0.00003076,-0.00005158,-0.00001377,0.00004106,0.00005103,0.00001298,0.
00004077,0.00097759,0.00133456,0.13052961,0.08788741,0.00148281,-0.00309054,-0.0
0084097,0.00000069,-0.00045476,-0.00019549,-0.00000084,-0.00210547,0.00002365,0.
00000459,0.00459406,0.00667779,-0.00000452,0.00002847,0.00001262,-0.00031862,0.0
0002915,0.00000896,0.00031840,0.00003531,0.00001460,-0.00003722,0.00003594,0.000
01424,0.00003806,-0.12960177,-0.09360281,-0.00148335,-0.00713060,0.04176934,-0.0
8287338,0.00029129,-0.00059615,0.00411614,-0.00068038,-0.01364377,-0.00009275,-0
.00784443,-0.00828010,0.02757202,0.00025262,-0.02657848,0.01720020,-0.00005452,0
.00024955,-0.00853193,-0.00019279,0.00012194,-0.00204504,0.00198607,0.00127640,0
.00001017,-0.00066595,0.00087360,0.00000585,-0.00553733,0.00013858,0.00010721,0.
,-0.00065897,0.00126587,0.00000874,-0.03752402,-0.02614012,0.00000206,0.00000065
,0.00011832,-0.00000507,0.00000962,-0.00001375,-0.00028328,-0.00036456,0.0219771
9,0.00121227,0.00203016,0.00001568,-0.00139806,-0.00263505,-0.00002263,0.0058173
2,-0.00711163,-0.00004672,0.01381775,0.00157680,-0.00112927,-0.00000073,-0.00689
965,-0.01561604,-0.00015302,-0.00376792,0.00867755,0.00006761,0.01885125,0.00277
758,0.00001245,-0.00000047,-0.00089997,-0.00005303,-0.00015057,0.00529329,-0.000
02288,0.00006569,-0.00111002,0.00015147,0.00014430,-0.01594669,0.05148495,-0.034
14049,-0.00021389,0.01154726,0.03694725,0.00026791,0.00771340,-0.00284349,-0.000
01494,-0.01967964,-0.00438844,-0.00004328,-0.06167099,-0.03974737,0.01972635,0.0
0011689,0.04962818,-0.03211993,-0.00022646,-0.00582069,-0.00099937,0.00000074,-0
.00824121,0.00268693,0.00000577,0.00179503,0.01396330,-0.00025386,0.00012011,0.0
0012815,0.00035831,-0.00023374,0.00364385,-0.00003616,0.00000245,-0.00157257,-0.
00007074,0.00000798,0.00121426,-0.00002330,0.00009191,0.00121441,-0.00001262,0.0
0016537,0.00013389,-0.00014591,-0.00087297,-0.00069440,-0.00238007,0.00052331,0.
00002047,0.00053879,-0.00043013,0.00151744,0.00014462,-0.00082039,0.00061117,0.0
0211185,0.00001979,-0.00006904,-0.00002551,-0.00032784,-0.00055699,-0.00058514,0
.00071855,0.00020581,-0.00000121,-0.00098115,-0.00071437,0.00080610,-0.00065130,
-0.00064590,0.00117698,0.00124663,0.00151331,0.00016081,-0.00002197,0.00002186,0
.00022776,0.00001791,0.00003964,-0.00035597,-0.00001381,-0.00028978,0.00136759,0
.00012241,0.00514355,-0.00028300,0.00058578,-0.00050048,-0.00151857,-0.00101914,
-0.00424205,-0.00001229,0.00016724,-0.00013156,-0.00014644,-0.00088275,0.0006816
6,-0.00238046,0.00052354,-0.00001540,0.00054212,-0.00040823,-0.00152869,0.000145
01,-0.00081093,-0.00062205,-0.00031041,0.00015375,0.00027482,0.00210833,0.000022
05,-0.00006970,0.00002423,-0.00032522,-0.00056494,0.00057614,0.00071341,0.000205
49,0.00000909,-0.00096055,-0.00069993,-0.00089050,-0.00065392,-0.00062073,-0.001
17944,0.00015732,0.00022832,0.00029048,0.00122358,0.00148306,-0.00016055,0.00002
086,0.00002218,-0.00023263,-0.00002754,0.00004812,0.00036377,0.00002146,-0.00028
906,-0.00138671,-0.00020619,0.00512578,0.00027445,-0.00058843,-0.00052604,-0.000
27285,-0.00028569,-0.00009533,0.00154345,0.00110216,-0.00420829,-0.00032821,-0.0
0005112,-0.00003974,-0.00006417,-0.00037664,0.00008620,-0.00263580,0.02325102,0.
02755772,-0.00072595,-0.00204232,-0.00015251,0.00087587,0.00022530,-0.00013436,-
0.00008739,-0.00000251,-0.00002572,0.00010975,-0.00009829,-0.00014104,0.00249124
,0.00004055,0.00005688,-0.00008325,0.00001333,0.00001519,-0.00004369,0.02160348,
0.00829092,-0.00254672,-0.00060091,0.00240950,0.00329999,-0.00017371,-0.00000674
,0.00030968,0.00014587,-0.00012565,-0.00004558,-0.00011315,0.00009647,-0.0001761
0,-0.01909355,-0.01011695,0.00017791,-0.00001487,-0.00006237,0.00017771,-0.00001
312,0.00006478,0.02212732,-0.00009055,-0.00947678,-0.00007868,0.00052604,0.00074
991,-0.00010301,0.00001189,-0.00007220,0.00006548,-0.00003342,-0.00008689,-0.000
12802,-0.00000155,0.00001221,-0.02465911,-0.00052386,0.00734154,-0.00032806,-0.0
0005170,0.00003870,-0.00006387,-0.00037539,-0.00009171,-0.00257914,0.02364120,-0
.02721556,-0.00072619,-0.00204368,0.00012172,0.00087559,0.00022336,0.00013865,0.
00010944,-0.00010029,0.00013973,-0.00008735,-0.00000292,0.00002568,0.00037097,-0
.00182459,0.00242735,0.00243494,0.00004298,0.00005546,0.00008498,0.00001582,0.00
001439,0.00004299,0.02191359,0.00824934,0.00282484,-0.00059818,0.00246372,-0.003
27625,-0.00017481,-0.00000217,-0.00030888,-0.00011517,0.00009392,0.00017713,0.00
014674,-0.00012677,0.00004517,-0.00178996,-0.00060271,0.00013560,-0.01944356,-0.
01012802,-0.00017762,0.00001650,-0.00006110,-0.00017765,0.00001197,0.00006527,-0
.02180922,0.00037061,-0.00949186,0.00006847,-0.00050396,0.00069593,0.00010162,-0
.00001063,-0.00007650,0.00012650,0.00000260,0.00001506,-0.00006340,0.00003284,-0
.00008582,-0.00245446,-0.00016825,0.00154164,0.02437876,0.00025226,0.00740891,-0
.04619112,0.00247858,-0.00001180,-0.00053806,0.00218053,0.00001441,0.00066195,0.
00006047,0.00000073,0.00060161,-0.00044768,-0.00000269,0.00856393,0.00356871,0.0
0003234,0.00003171,-0.00007562,0.00001254,0.00003173,-0.00007547,-0.00001358,-0.
00000629,0.00000267,-0.00000696,-0.00000634,0.00000255,0.00000700,0.03685088,0.0
0441738,0.03662348,0.00022691,-0.00122341,0.00279024,0.00000895,0.00001360,0.000
13729,-0.00000007,0.00024727,-0.00085566,-0.00000406,0.00428387,-0.00198173,0.00
001295,0.00000016,0.00007058,-0.00009321,0.00000021,0.00006873,0.00009427,-0.000
02192,-0.00001690,0.00000384,-0.00002244,-0.00001716,-0.00000394,-0.00769473,-0.
03681887,0.00000202,0.00022580,0.00514871,-0.00000985,0.00001091,0.00143576,0.00
000039,-0.00000004,0.00014830,0.00000226,-0.00000446,-0.00026604,0.00003744,0.00
001254,-0.00345288,0.00001086,-0.00003558,-0.00000557,-0.00001081,0.00003655,-0.
00000375,-0.00003699,-0.00002223,-0.00001186,0.00003668,0.00002216,-0.00001155,-
0.00003199,-0.00024564,-0.00298114,0.00020171,0.00133813,0.00212780,-0.17569786,
-0.14923866,-0.00232950,0.00000240,-0.00000879,0.00084600,-0.00000834,0.00003427
,-0.00005380,0.00273983,-0.00007920,-0.00068026,-0.00502778,0.00480761,0.0000514
0,0.00726850,0.04771192,0.00068860,-0.00000134,-0.00001223,0.00167319,-0.0000000
5,-0.00000328,0.00045014,-0.00001360,-0.00000498,-0.00000729,0.00050348,0.000002
17,-0.00000541,0.00064241,-0.00008331,0.00002768,0.00065787,0.00051957,0.0000086
3,-0.00035596,0.00011687,0.00000547,0.01184334,-0.00194162,-0.00001409,-0.000003
40,-0.00002349,0.00376508,-0.00000005,-0.00001769,0.00299037,-0.00000095,-0.0000
2111,0.00309019,-0.00002027,-0.00001269,0.00007437,-0.00460532,0.00002153,0.0000
5580,-0.00150467,0.00001253,0.00004054,-0.00409252,-0.00014659,-0.00051518,0.002
15129,-0.00582682,-0.00007097,-0.00289915,-0.00632302,-0.00005575,-0.00142809,-0
.00159479,-0.00003959,0.01765346,0.03613392,0.00053545,-0.00000469,-0.00011012,0
.01367655,0.00000226,0.00003127,-0.00085952,-0.00000180,-0.00002022,0.00287583,0
.00000392,0.00000577,-0.00063926,0.00000891,0.00003472,-0.00021366,0.00797205,0.
00005134,0.00067677,-0.05113647,-0.00000070,0.00001852,-0.00211110,0.00004134,-0
.00001962,0.00486059,0.00003962,-0.00038966,-0.00551339,0.02199912,0.00021834,-0
.00308374,-0.04379776,-0.00067903,0.00026820,-0.00048670,-0.00001671,-0.00619035
,-0.00210857,0.00001570,-0.00775959,0.02733006,0.00038075,-0.00093068,0.00068005
,-0.00100617,0.00049004,0.00114480,-0.00081412,-0.00178016,-0.00066338,-0.001800
65,0.00097359,0.00547134,-0.00691266,-0.00009708,-0.00062213,0.00301045,0.000905
33,0.00008392,0.00022232,0.00001783,0.00049875,0.00063585,-0.00095213,0.00073862
,-0.00050415,0.00178992,0.00638860,0.03333398,-0.01302638,-0.00150597,-0.0006976
2,0.00409919,-0.00611429,-0.03323998,-0.00081177,0.00024101,0.00040097,0.0006553
0,0.00036691,0.00020013,0.00071980,0.00016215,-0.00009898,-0.00939885,-0.0122559
4,-0.02779562,0.00118703,0.00356492,-0.00333714,0.00849104,0.01194167,0.03011626
,0.00093277,-0.00066593,-0.00101424,-0.00048984,-0.00113349,-0.00083068,0.001781
39,0.00068878,-0.00178910,-0.00095473,-0.00535743,-0.00702265,0.00009225,0.00057
510,0.00301520,0.00000131,-0.00071788,-0.00114312,-0.00092496,-0.00007238,-0.000
22604,0.00002025,-0.00050694,-0.00062741,-0.00095880,-0.00075088,0.00047625,0.00
179445,-0.00623827,-0.03296106,-0.01389974,0.00148424,0.00058889,0.00406169,0.00
073867,0.00005669,-0.00397555,0.00597816,0.03288655,-0.00081136,0.00024275,-0.00
039934,0.00064780,0.00035951,-0.00020877,0.00071109,0.00016831,0.00012565,-0.009
52166,-0.01312826,0.02740385,0.00120456,0.00352638,0.00345071,-0.00113274,-0.003
97639,-0.00005799,0.00861055,0.01284674,-0.02974320,-0.00025184,0.00007420,0.000
11428,-0.00005574,-0.00001312,-0.00008729,-0.00000473,-0.00445752,-0.00734600,0.
00036471,0.00037523,0.00041117,-0.00046118,0.00003921,-0.00018844,0.00021190,0.0
0004651,0.00011167,0.00028634,-0.00046072,0.00000823,-0.00011410,-0.00008274,0.0
0009295,0.00009932,-0.00010854,-0.00013381,0.00011684,-0.00579941,0.00879819,0.0
0210031,-0.00005761,-0.00090615,-0.00080479,0.00024860,-0.00004779,-0.00030952,-
0.00021906,0.00028354,0.00015995,0.00041849,-0.00001978,-0.00016001,0.00498979,-
0.00803794,-0.00000002,-0.00003844,-0.00002219,-0.00011550,0.00002378,0.00015462
,-0.00643658,0.00158321,-0.00886279,-0.00037474,-0.00076775,-0.00115070,0.000126
51,-0.00003142,-0.00022452,-0.00017667,0.00019765,0.00039597,0.00002866,0.000201
27,-0.00001420,0.00751556,-0.00239831,0.00976503,0.00025171,-0.00007578,0.000113
48,0.00005597,0.00001433,-0.00008686,0.00002048,0.00456019,-0.00729190,-0.000364
75,-0.00038016,0.00040406,0.00046125,-0.00003649,-0.00018870,-0.00028638,0.00046
032,0.00001445,-0.00021183,-0.00004833,0.00011120,0.00000069,0.00055599,-0.00059
582,0.00009692,0.00008261,-0.00009380,0.00009776,0.00011004,0.00013175,0.0001210
5,0.00588838,-0.00884719,0.00185463,0.00006388,0.00092861,-0.00080789,-0.0002500
3,0.00005268,-0.00031226,-0.00041867,0.00001919,-0.00016042,0.00022137,-0.000288
66,0.00016174,-0.00054880,-0.00001691,0.00118548,-0.00509390,0.00810278,0.000001
42,-0.00004018,0.00002316,-0.00011371,0.00002788,-0.00015279,-0.00636345,0.00133
600,0.00889604,-0.00037560,-0.00077135,0.00112827,0.00012323,-0.00003392,0.00021
955,0.00002234,0.00020187,0.00001483,-0.00017333,0.00019913,-0.00039092,-0.00060
369,0.00118611,0.00001622,0.00745504,-0.00214947,-0.00981268,-0.00019665,-0.0011
9604,0.15752970,0.00000336,0.00002211,-0.00300275,0.00000076,-0.00000062,0.00011
638,0.00000193,0.00001047,-0.00171817,-0.00000384,-0.00012203,0.01663038,0.00051
212,0.00012141,0.00017447,-0.00051269,-0.00012355,0.00017232,0.00002396,0.000054
48,0.00002861,-0.00002407,-0.00005489,0.00002774,0.00019512,-0.00140087,-0.00192
285,0.14239346,0.00001965,0.00000053,0.00115224,0.00001027,0.00000287,-0.0000305
0,0.00001094,-0.00003129,0.00128892,0.00007684,0.00003148,-0.01047525,0.00000266
,-0.00010981,-0.00004471,-0.00000716,0.00011458,-0.00004078,-0.00004480,-0.00001
230,0.00004453,0.00004382,0.00001153,0.00004393,0.00128866,0.00191526,0.18505162
,0.12733403,0.00211949,-0.00284953,-0.00122592,-0.00000388,-0.00143764,-0.000372
46,-0.00000363,-0.00163790,0.00310047,0.00002936,-0.00993533,0.00605890,-0.00002
764,0.00031919,-0.00029323,0.00016159,0.00031871,-0.00028943,-0.00016578,0.00006
452,0.00001009,-0.00005743,0.00006505,0.00000938,0.00005831,-0.16995868,-0.13433
184,-0.00211038,0.00501296,-0.03978979,0.08520336,-0.00027938,0.00060168,-0.0024
0140,-0.00169110,0.01232970,0.00008330,0.00328846,0.00991245,-0.01467533,-0.0001
4391,0.01480129,0.09895088,0.00006607,-0.00014252,0.00630956,0.00011490,0.000807
07,-0.01306939,0.00157100,-0.00013677,-0.00000038,0.00032946,0.00173061,0.000012
66,0.07111332,-0.00025165,0.00037915,-0.00000119,-0.00073467,0.00176874,0.000013
84,-0.17216569,-0.03625161,-0.00000119,-0.00000112,0.00052593,-0.00000491,0.0000
1526,-0.00023215,-0.00124553,-0.00109091,0.10291194,-0.00598502,-0.00148355,-0.0
0001499,-0.00204901,-0.00507301,-0.00003978,-0.05811761,0.03937537,0.00025023,0.
16950196,0.00121352,0.00211236,0.00000357,-0.00933903,-0.00959966,-0.00010412,0.
04293128,-0.01090590,-0.00001702,0.02976553,0.03850366,0.00000423,0.00000202,0.0
0170958,-0.00007019,-0.00010167,0.00425330,0.00027558,-0.00001906,-0.00506121,0.
00032765,0.00051717,-0.03164542,-0.05680295,0.03574536,0.00022329,-0.00012523,-0
.01963768,-0.00014196,-0.00537489,-0.00213918,-0.00001831,-0.09584052,-0.0526396
7,-0.00043315,0.16811334,0.03606965,-0.02420741,-0.00013835,-0.01823141,-0.07442
486,-0.00056456,0.00079196,-0.00023695,-0.00000097,-0.05650131,-0.02981725,-0.00
028101,0.04668392,0.13301343,0.00022560,-0.00013853,-0.00189615,-0.00013193,-0.0
0056537,0.00330127,0.00000258,-0.00000265,-0.00003742,-0.00046068,-0.00027880,0.
00505233,0.00043235,0.00101312,-0.00534357,-0.00015358,-0.00003063,-0.00001019,-
0.00029526,0.00007756,-0.00048971,-0.00333827,0.00141524,-0.00247845,-0.00162827
,-0.00000460,0.00055781,0.00037670,-0.00267559,0.00257419,0.00455657,0.00088151,
0.00012481,-0.00031121,-0.00025949,0.00054359,-0.00051650,0.00273759,-0.00043831
,0.00039027,-0.00155293,0.00032337,-0.00218711,-0.00183711,-0.00355524,0.0040370
0,0.00080156,0.00293762,-0.00003779,-0.00021775,0.00028788,0.00025459,-0.0000605
7,0.00031310,-0.00129706,0.00023730,-0.00027402,0.00111545,-0.00130026,0.0100811
0,-0.00009991,0.00159511,-0.00233629,-0.00061193,-0.00071632,-0.00845644,-0.0001
5364,-0.00003102,0.00000924,-0.00029553,0.00007050,0.00049007,-0.00334263,0.0013
8006,0.00249486,-0.00162633,0.00000204,-0.00057129,0.00037957,-0.00263680,-0.002
60890,-0.00064028,0.00015380,0.00044200,0.00455514,0.00088052,0.00011730,0.00030
979,-0.00025642,0.00053532,0.00051937,0.00271930,-0.00042937,-0.00038938,-0.0015
3920,0.00027566,0.00204555,-0.00183373,-0.00347467,-0.00405532,0.00016012,0.0003
0540,-0.00002446,0.00079174,0.00291487,0.00004984,0.00021528,0.00029545,-0.00025
897,0.00006382,0.00032164,0.00133244,-0.00023794,-0.00027860,-0.00115096,0.00116
047,0.01012686,0.00007691,-0.00161437,-0.00241973,-0.00044069,0.00002657,0.00017
005,0.00063821,0.00087936,-0.00843225,-0.00069680,-0.00014565,-0.00022056,-0.000
09608,-0.00033726,0.00006837,-0.00160863,0.06595048,0.07290224,-0.00178734,-0.00
611459,-0.00029162,0.00124021,0.00060168,0.00023579,-0.00016279,0.00031243,-0.00
016382,0.00119020,-0.00129508,-0.00048356,0.00189565,0.00006292,0.00007435,-0.00
016305,0.00020151,-0.00020048,-0.00015035,0.06033773,0.02315809,-0.00607128,-0.0
0151189,0.00458240,0.00466571,-0.00019386,-0.00006655,0.00051955,0.00014873,0.00
010810,-0.00022521,0.00014534,-0.00016803,-0.00062104,-0.05461211,-0.02671561,0.
00023439,-0.00012872,-0.00009074,0.00039884,-0.00040598,0.00008316,0.06053205,-0
.00753426,-0.04895286,-0.00115356,0.00220263,0.00287741,0.00020175,0.00063491,0.
00003907,0.00017329,-0.00017898,-0.00000399,-0.00054644,0.00041560,0.00011881,-0
.06585724,0.00361868,0.03912293,-0.00069678,-0.00014893,0.00021776,-0.00009555,-
0.00033671,-0.00007338,-0.00145654,0.06697342,-0.07190029,-0.00178893,-0.0061155
7,0.00019914,0.00124071,0.00060570,-0.00022579,0.00118902,-0.00130137,0.00046628
,-0.00016278,0.00030986,0.00016807,0.00013056,-0.00452783,0.00604260,0.00174539,
0.00006607,0.00007016,0.00016541,0.00020701,-0.00020835,0.00014643,0.06118657,0.
02294844,0.00716727,-0.00152280,0.00468002,-0.00464176,-0.00019038,-0.00005007,-
0.00052104,0.00013681,-0.00017089,0.00061706,0.00015092,0.00010231,0.00022690,-0
.00444288,-0.00077441,0.00142831,-0.05554039,-0.02659816,-0.00023417,0.00013085,
-0.00008656,-0.00039614,0.00040145,0.00009050,-0.05961136,0.00863679,-0.04889529
,0.00112663,-0.00218396,0.00278138,-0.00020310,-0.00063549,0.00002210,0.00054968
,-0.00042123,0.00012284,-0.00017134,0.00018086,0.00000179,-0.00611426,-0.0015421
3,0.00684698,0.06502918,-0.00462001,0.03915573,0.05959591,-0.00630873,-0.0000080
9,0.00102984,-0.00120775,-0.00000723,0.00022480,0.00019662,0.00000136,-0.0006789
3,0.00030110,0.00000186,-0.01320694,-0.00470781,-0.00004322,0.00009616,0.0000640
0,-0.00006782,0.00009628,0.00006289,0.00006872,-0.00010498,-0.00005054,-0.000025
69,-0.00010509,-0.00005093,0.00002489,-0.04694706,-0.00904521,-0.04919874,-0.000
32275,0.00128151,-0.00268985,-0.00000867,-0.00013259,0.00000771,-0.00000211,0.00
004379,-0.00015465,0.00000017,-0.00395768,0.00281956,-0.00000797,-0.00002920,-0.
00017846,0.00009509,-0.00002658,-0.00017880,-0.00009904,0.00008297,0.00000214,-0
.00005218,0.00008182,0.00000095,0.00005287,0.01170115,0.04957014,-0.00002760,-0.
00032118,-0.00465355,0.00001051,-0.00001010,-0.00137100,-0.00000098,-0.00000193,
0.00029368,0.00000002,0.00000032,-0.00017533,-0.00003787,-0.00000840,0.00361838,
0.00017601,-0.00012249,0.00009576,-0.00017640,0.00011865,0.00009597,-0.00007534,
-0.00003088,-0.00004078,0.00007644,0.00003142,-0.00003947,0.00005521,0.00034458,
0.00217633,-0.00000219,-0.00002354,-0.00024697,0.00190773,0.01732173,0.00024916,
0.00000040,0.00000732,-0.00095396,0.00000226,-0.00000267,-0.00000354,0.00140986,
0.00004103,0.00067040,0.00026042,-0.00091349,0.00000314,-0.00196968,-0.04702026,
-0.00067266,-0.00000011,0.00000038,-0.00006018,0.,-0.00000115,0.00026773,-0.0001
2150,-0.00000189,-0.00000175,0.00015209,0.00000178,0.00000746,0.00027340,-0.0007
4280,0.00028908,0.00025337,0.00009369,0.00000186,-0.00027210,-0.00131921,-0.0000
0746,0.10583489,-0.02027602,-0.00016758,0.00000007,0.00002454,-0.00332624,0.0000
0190,0.00002553,-0.00407978,0.00000427,-0.00001104,0.00161169,0.00002232,-0.0000
2254,0.00001370,-0.00046967,-0.00000497,-0.00003845,-0.00079676,0.00006818,0.000
05078,-0.00633603,0.00009474,-0.00108929,0.00319988,-0.00145266,-0.00001378,0.00
076200,0.00619037,0.00003655,-0.00905426,-0.00078713,-0.00005505,-0.01944282,0.0
7640085,0.00106697,-0.00000784,-0.00005289,0.00787001,-0.00000480,-0.00006815,0.
00620772,-0.00000240,-0.00003685,0.00530775,0.00000955,0.00012238,-0.01668538,0.
00001593,-0.00003636,0.00010061,-0.00852114,-0.00004423,-0.00065483,0.05022017,0
.00000693,-0.00000147,0.00192482,0.00000933,0.00016218,-0.01675835,0.00012056,0.
00053729,0.00578707,-0.00559272,-0.00009278,0.00216077,0.04163699,0.00065964,-0.
00112756,-0.00171803,0.00000387,0.00004117,-0.00599123,-0.00017173,-0.01387753,-
0.03768420,-0.00055322,0.00026666,0.00042388,-0.00017679,0.00042847,0.00011860,-
0.00041093,-0.00780562,0.00610609,-0.00476866,0.00578603,-0.01709749,0.01729636,
-0.00364624,0.00028844,0.00404786,0.00436247,-0.00018744,-0.00011989,-0.00007705
,0.00005843,-0.00086782,-0.00102964,0.00546446,-0.00452743,0.00626100,-0.0154326
5,0.05663946,-0.02662133,-0.00323166,0.00010307,0.00513155,0.01160217,-0.0512547
7,-0.00039997,0.00023558,0.00004914,0.00059660,-0.00040840,-0.00012727,-0.000220
36,0.00358661,-0.00378301,0.01234847,-0.02455498,-0.04336943,0.00302994,0.004362
61,-0.00049123,-0.01669834,0.02186565,0.04679935,-0.00026600,-0.00042159,-0.0001
8307,-0.00042869,-0.00011226,-0.00041321,0.00781144,-0.00604164,-0.00485071,-0.0
0582026,0.01687856,0.01748251,0.00363808,-0.00035115,0.00404683,-0.00000128,0.00
108655,0.00112037,-0.00432400,0.00019321,0.00011760,-0.00007445,-0.00006575,0.00
088817,-0.00101886,-0.00546799,0.00438700,0.00626338,0.01528681,-0.05588989,-0.0
2801914,0.00318222,-0.00023831,0.00512477,-0.00109557,0.00008499,-0.00596149,-0.
01138917,0.05061165,-0.00039751,0.00023748,-0.00004752,0.00059509,-0.00039769,0.
00010713,-0.00029375,0.00358829,0.00391763,0.01251141,-0.02595093,0.04265410,0.0
0307919,0.00435178,0.00063462,0.00110481,-0.00596024,-0.00008371,-0.01681383,0.0
2324158,-0.04619470,0.00031800,0.00008937,-0.00000957,0.00009027,0.00025072,-0.0
0003662,0.00142352,-0.03545791,-0.05184143,-0.00098652,0.00714167,0.00302434,-0.
00185784,-0.00050739,0.00023967,0.00007841,0.00015161,0.00051634,-0.00064580,-0.
00051466,-0.00046553,0.00156792,0.00007303,-0.00012298,0.00006188,-0.00021966,-0
.00054858,-0.00011175,-0.03876491,0.02545448,0.00698592,0.00272869,-0.00250509,-
0.00426534,0.00101321,0.00073051,-0.00052404,-0.00047745,0.00030797,0.00035375,-
0.00020994,0.00030525,0.00043068,0.03232381,-0.02358768,-0.00027434,0.00007916,0
.00011102,-0.00036233,0.00021387,-0.00004599,-0.04805438,0.00788445,-0.02115740,
0.00047235,-0.00544945,-0.00611154,-0.00026329,-0.00016039,0.00000812,-0.0003499
3,0.00040450,0.00067973,0.00022142,-0.00003128,-0.00023450,0.05245199,-0.0064902
6,0.02663845,-0.00031767,-0.00008932,-0.00001108,-0.00008981,-0.00025042,-0.0000
4035,-0.00130942,0.03618486,-0.05135664,0.00098260,-0.00717773,0.00291646,0.0018
5787,0.00050409,0.00024903,0.00064607,0.00052129,-0.00045768,-0.00007860,-0.0001
5943,0.00051480,0.00000447,0.00350982,-0.00386977,-0.00168785,-0.00006918,0.0001
2093,0.00006511,0.00022492,0.00054703,-0.00010435,0.03943857,-0.02565760,0.00636
416,-0.00273018,0.00264439,-0.00431793,-0.00100876,-0.00072060,-0.00053536,0.000
20627,-0.00031084,0.00042314,0.00048198,-0.00031886,0.00035944,-0.00345835,-0.00
005037,0.00353075,-0.03306144,0.02376304,-0.00027559,0.00008237,-0.00010929,-0.0
0035932,0.00022073,0.00004709,-0.04752282,0.00725892,0.02124642,0.00042763,-0.00
550714,0.00597617,-0.00027555,-0.00016996,-0.00001806,0.00022485,-0.00003846,0.0
0023981,-0.00034241,0.00040946,-0.00066865,-0.00391945,0.00353475,0.00004590,0.0
5201464,-0.00581004,-0.02669389,0.00000868,0.00004184,-0.00505686,-0.00000001,-0
.00000123,0.00021472,-0.00000018,-0.00000060,0.00008185,0.00000004,-0.00000280,0
.00050090,-0.00000232,0.00000977,-0.00156731,-0.00011498,-0.00003276,0.00016463,
0.00011510,0.00003034,0.00016531,0.00000758,0.00002340,0.00002829,-0.00000766,-0
.00002383,0.00002802,-0.00000625,0.00007738,0.00014229,-0.00986835,0.00000112,0.
00000018,0.00050154,-0.00000167,-0.00000054,0.00003827,0.00000423,0.00001222,-0.
00036933,-0.00004006,-0.00001844,0.00015226,-0.00007494,-0.00005473,0.00009753,0
.00007865,0.00005240,0.00009960,-0.00001888,0.00001648,0.00001865,0.00001829,-0.
00001711,0.00001938,-0.00004413,-0.00013275,-0.01006107,-0.01009113,-0.00015097,
-0.00019707,-0.00052628,-0.00000017,0.00023070,0.00003742,0.00000072,-0.00056388
,-0.00134467,-0.00001225,0.00560714,0.00243466,0.00002076,-0.00026923,0.00006402
,0.00008662,-0.00026791,0.00006604,-0.00008440,0.00004027,0.00002441,0.00006620,
0.00004060,0.00002508,-0.00006549,0.00544047,0.00931045,0.00013899,-0.00547596,0
.02078736,-0.04851747,0.00014498,-0.00033469,0.00010588,0.00079752,-0.00691934,-
0.00004686,0.00020877,-0.00485131,0.00575118,0.00006318,-0.01119898,-0.07416713,
-0.00003211,0.00006199,-0.00350216,-0.00008542,-0.00060608,0.00994913,-0.0040158
4,-0.00033176,-0.00000444,-0.00004462,-0.00080848,-0.00000556,0.05436578,0.00101
197,0.00084653,0.00000948,-0.00021417,0.00250853,0.00002057,-0.21743697,-0.03021
435,0.00000514,0.00000871,-0.00040213,-0.00000133,0.00002023,-0.00039478,-0.0016
1636,-0.00155204,0.16998903,0.01317639,0.00292007,0.00002883,0.00083748,0.007398
17,0.00005559,-0.04347338,0.04801831,0.00032466,-0.06222630,0.00134098,-0.001711
22,-0.00000586,0.00705190,0.00973412,0.00010291,0.06663181,-0.02981580,-0.000083
43,-0.08380057,-0.01606950,0.00001757,-0.00000495,-0.00078168,0.00005312,0.00010
311,-0.00413424,0.00045734,-0.00009411,-0.01274745,-0.00064849,-0.00035389,0.026
82477,0.03106526,-0.02031138,-0.00012892,-0.00068000,0.00899048,0.00006502,-0.01
097903,0.00408149,0.00002033,0.08780469,0.04501554,0.00037564,-0.11427666,-0.022
52451,0.01495423,0.00006929,0.01071501,0.05584492,0.00042068,0.00190083,-0.00199
662,-0.00004369,0.04312305,0.02465954,0.00025451,-0.04059052,-0.10011087,-0.0001
4470,0.00007056,0.00342041,0.00007731,0.00041969,-0.00230285,0.00000479,-0.00004
244,0.00428560,0.00036215,0.00025560,-0.00757006,-0.00035441,-0.00073026,-0.0009
4120,0.00042770,0.00015162,-0.00001046,0.00015051,0.00001578,0.00052017,-0.00223
115,0.00081634,-0.00324951,0.00152946,-0.00797562,0.01097006,-0.00080368,0.00263
264,-0.00228750,-0.00129051,-0.00114211,-0.00025285,0.00037079,0.00045450,-0.000
38969,0.00064691,0.00252185,-0.00162880,0.00368716,-0.00519364,0.00112486,-0.001
28017,0.00094941,0.00437961,-0.00488562,0.00362136,-0.00290808,0.00031542,0.0001
9559,-0.00045286,-0.00024193,0.00001721,-0.00023648,-0.00066269,0.00048376,-0.00
055016,0.00784410,-0.00075462,-0.00566662,-0.00006285,-0.00154971,0.00241528,-0.
00716862,0.00160834,0.00394632,0.00042806,0.00015167,0.00001364,0.00015083,0.000
02321,-0.00051945,-0.00223567,0.00077051,0.00325892,0.00155116,-0.00781939,-0.01
107439,-0.00080640,0.00259799,0.00232104,0.00016906,0.00009052,-0.00034868,-0.00
130702,-0.00113708,-0.00024481,-0.00036913,0.00045174,-0.00038019,-0.00064843,0.
00251640,-0.00156915,-0.00369883,-0.00508286,0.00109458,0.00137082,0.00094282,0.
00428745,0.00491338,0.00008618,-0.00021141,-0.00056158,0.00352074,-0.00286089,-0
.00033065,-0.00019244,-0.00046126,0.00024884,-0.00001923,-0.00024628,0.00069670,
-0.00049741,-0.00060529,-0.00790909,0.00084211,-0.00565804,0.00007258,0.00157939
,0.00251016,0.00034945,0.00055010,0.00060070,0.00721353,-0.00170141,0.00391564,-
0.00041768,-0.00005799,-0.00005989,-0.00032369,-0.00008162,0.00016450,0.00454304
,0.08059557,0.08662132,-0.00055293,-0.01019749,-0.00314832,0.00041563,0.00004336
,-0.00029845,-0.00026503,0.00008399,-0.00010830,0.00248618,-0.00123634,-0.000386
95,-0.00481209,0.00031894,0.00002788,-0.00016462,0.00016926,-0.00021003,-0.00011
129,0.07196895,0.03109011,-0.00599740,-0.00359363,0.00533778,0.00293873,-0.00026
032,-0.00029873,0.00063930,-0.00007602,0.00041482,-0.00013853,0.00074454,-0.0006
4733,-0.00070998,-0.06409791,-0.03515987,0.00009270,-0.00028175,-0.00004898,0.00
043959,-0.00070256,0.00014345,0.07082793,-0.01263440,-0.07973340,-0.00146267,0.0
0357735,0.00456623,0.00032639,0.00095903,0.00002858,0.00031527,-0.00022732,0.000
15201,-0.00082728,0.00064680,-0.00004717,-0.07616655,0.00623411,0.06357777,-0.00
041764,-0.00005916,0.00005863,-0.00032299,-0.00008007,-0.00016620,0.00472242,0.0
8180612,-0.08536685,-0.00055810,-0.01023719,0.00299682,0.00041567,0.00004020,0.0
0029950,0.00248479,-0.00124100,0.00037220,-0.00026479,0.00008218,0.00010901,-0.0
0101347,-0.00515749,0.00652697,-0.00498582,0.00032004,0.00002150,0.00016599,0.00
017539,-0.00022156,0.00010629,0.07296284,0.03080073,0.00765783,-0.00361071,0.005
43062,-0.00293058,-0.00025491,-0.00027588,-0.00064394,0.00073184,-0.00064810,0.0
0070225,-0.00007168,0.00040955,0.00014212,-0.00506670,-0.00049855,0.00242653,-0.
06516868,-0.03496100,-0.00008857,0.00028269,-0.00004263,-0.00043767,0.00069727,0
.00015429,-0.06969800,0.01430486,-0.07962340,0.00140549,-0.00357680,0.00447856,-
0.00032960,-0.00096332,0.00000570,0.00084071,-0.00065680,-0.00004500,-0.00031681
,0.00023109,0.00015704,-0.00661411,-0.00260213,0.01140611,0.07516648,-0.00771448
,0.06355264,-0.03556781,0.00366892,0.00000450,-0.00077380,0.00059283,0.00000345,
-0.00065153,0.00055082,0.00000368,0.00191153,-0.00000999,0.00000063,0.00784451,0
.00206196,0.00002026,-0.00017114,-0.00014488,0.00006136,-0.00017139,-0.00014378,
-0.00006342,-0.00005996,-0.00001632,-0.00007234,-0.00006005,-0.00001745,0.000072
08,0.02769965,0.00587572,0.02912503,0.00019556,-0.00068531,0.00152984,0.00000645
,0.00007452,-0.00002117,0.00000145,-0.00017818,0.00021502,-0.00000348,0.00143740
,-0.00144364,0.00000373,-0.00000413,0.00011965,-0.00000270,-0.00000813,0.0001222
1,0.00000677,0.00001513,-0.00005609,0.00000220,0.00001508,-0.00005731,-0.0000023
6,-0.00654210,-0.02953355,0.00002023,0.00019430,0.00216541,-0.00000566,0.0000071
8,0.00056992,0.00000028,0.00000172,-0.00021802,-0.00000057,-0.00000338,0.0006885
2,0.00001581,0.00000409,-0.00185163,-0.00027958,0.00018661,-0.00016318,0.0002794
8,-0.00018271,-0.00016549,-0.00000324,-0.00008819,-0.00004459,0.00000344,0.00008
799,-0.00004328,-0.00003020,-0.00020761,-0.00093766,0.27511940,-0.13899987,-0.00
016148,-0.00081521,0.00013919,-0.03087965,0.00092093,0.01272236,0.00008787,-0.00
790654,0.00502240,-0.01373052,-0.00013656,-0.02911700,0.09190036,0.00003298,-0.0
0013214,0.00583013,-0.00020579,0.00071678,-0.01099165,0.00086897,0.00151799,0.00
001133,-0.00216759,0.00075042,0.00000362,-0.18437946,0.00084256,0.00078162,0.000
00623,-0.00020889,0.00014910,-0.00000504,0.08358477,-0.08919566,0.00000652,0.000
00661,-0.00002391,-0.00000321,-0.00000449,0.00083894,0.00046407,-0.00090984,0.04
516380,-0.01752274,-0.00050871,-0.00001409,0.00015162,-0.00117596,-0.00000784,0.
16089854,-0.11440765,-0.00071635,-0.16171054,-0.00175597,-0.00111842,-0.00001396
,0.00040570,-0.00220936,-0.00000984,-0.10597200,0.06554064,0.00049131,0.12723524
,-0.07310284,-0.00002298,-0.00001324,0.00069782,0.00000344,-0.00001075,-0.000795
76,-0.00065622,0.00048647,-0.01191252,0.00080489,-0.00056321,0.01614747,-0.15040
911,0.10887201,0.00067841,0.00945831,0.02653770,0.00019177,0.01318204,0.00186720
,0.00002203,0.00735632,-0.00353925,-0.00001936,0.10892813,0.11740757,-0.07646543
,-0.00061850,0.01821113,-0.07725512,-0.00057543,-0.00411621,-0.00521618,-0.00002
522,0.00301865,0.00424608,0.00005250,-0.14205226,0.15188205,0.00073926,-0.000623
40,0.01975004,0.00013241,-0.00057065,0.00493070,-0.00002062,-0.00002179,-0.00200
964,0.00002739,0.00004873,-0.00287472,-0.00094064,0.00111849,-0.01645451,0.00015
717,-0.00075666,0.00020919,0.00015791,-0.00018810,0.00020925,0.00207553,-0.00690
022,0.00501614,0.00206324,0.00076898,-0.00113212,0.00022161,0.00187993,-0.000490
40,-0.00572320,0.00027756,-0.00019227,0.00009796,-0.00009587,-0.00060485,-0.0000
6275,-0.00314280,0.00407106,-0.00389100,-0.00355473,-0.00305977,0.00574441,0.001
63910,0.00267687,-0.00094487,0.00560648,-0.00245715,0.00002811,-0.00001586,0.000
06530,-0.00003726,0.00014257,0.00002023,0.00190875,-0.00227863,0.00114376,0.0019
3134,0.00334862,-0.00420721,-0.00063887,-0.00116886,0.00113236,-0.00407158,-0.00
007617,0.00421236,0.00015744,-0.00075362,-0.00021985,0.00015811,-0.00018493,-0.0
0021175,0.00208356,-0.00683065,-0.00511299,0.00206417,0.00075654,0.00115027,0.00
022028,0.00187140,0.00051607,0.00073605,0.00000513,0.00032444,-0.00573263,0.0002
7804,-0.00019105,-0.00010129,-0.00009646,-0.00060359,0.00005375,-0.00311976,0.00
398260,0.00392794,-0.00352030,-0.00293036,-0.00573026,0.00162874,0.00264640,0.00
096832,0.00000948,-0.00040603,0.00023153,0.00554791,-0.00245806,-0.00002404,0.00
001134,0.00006379,0.00003605,-0.00015167,0.00001876,-0.00195236,0.00231129,0.001
22419,-0.00197450,-0.00332954,-0.00433755,0.00066110,0.00119259,0.00116416,-0.00
032278,-0.00022856,-0.00061349,0.00413968,-0.00001260,0.00422269,-0.00047208,-0.
00020499,0.00013645,-0.00031775,-0.00047965,0.00016866,0.00334257,0.02072698,0.0
2190111,0.00304294,-0.00883642,-0.00586510,0.00047065,0.00024926,-0.00071133,0.0
0043689,-0.00008831,0.00008235,-0.00001428,-0.00045414,-0.00038828,-0.00634886,-
0.00015831,0.00016342,0.00003702,-0.00025416,-0.00014409,0.00020832,0.01541703,0
.01009961,-0.00666274,-0.00339786,0.00561078,0.00719278,-0.00019790,-0.00051558,
-0.00040538,0.00046694,-0.00040313,0.00013229,-0.00099470,0.00021893,0.00030609,
-0.00974188,-0.01405018,-0.00000165,-0.00003277,-0.00007813,-0.00001938,-0.00036
882,0.00013486,0.01556358,-0.00279799,-0.01726021,-0.00201275,0.00381721,0.00282
115,0.00095971,0.00030133,-0.00006498,0.00017325,-0.00021238,-0.00045742,-0.0006
5584,0.00036894,-0.00117971,-0.01463100,-0.00088944,0.01327893,-0.00047192,-0.00
020306,-0.00013981,-0.00031757,-0.00047761,-0.00017601,0.00338526,0.02103348,-0.
02157980,0.00303400,-0.00891477,0.00573889,0.00047093,0.00023944,0.00071543,-0.0
0001547,-0.00045922,0.00038311,0.00043718,-0.00008738,-0.00008258,-0.00008431,-0
.00115949,0.00061882,-0.00638227,-0.00015827,0.00016344,-0.00003375,-0.00025417,
-0.00014632,-0.00021262,0.01562929,0.00995889,0.00706895,-0.00341798,0.00576726,
-0.00715475,-0.00018467,-0.00051697,0.00039872,-0.00100362,0.00022828,-0.0002871
7,0.00046950,-0.00040429,-0.00013100,-0.00115037,-0.00093693,-0.00016729,-0.0099
5010,-0.01406982,-0.00000106,0.00003598,-0.00007830,0.00001524,0.00036427,0.0001
3691,-0.01531865,0.00321034,-0.01716217,0.00196450,-0.00378546,0.00267362,-0.000
96182,-0.00030749,-0.00006387,0.00064294,-0.00034940,-0.00118788,-0.00016555,0.0
0021304,-0.00045655,-0.00063861,0.00011246,0.00281534,0.01446805,0.00048797,0.01
333198,-0.10834805,0.01831456,0.00006569,-0.00013744,-0.00068729,-0.00000491,0.0
0071058,0.00029241,0.00000249,0.00062243,-0.00014805,-0.00000172,0.01010082,0.00
329108,0.00003242,-0.00010972,-0.00018733,0.00008962,-0.00010989,-0.00018613,-0.
00009229,-0.00005577,0.00002034,0.00000527,-0.00005583,0.00002038,-0.00000503,0.
09738286,0.01724430,0.09075068,0.00062367,-0.00131265,0.00264439,0.00001898,-0.0
0054875,-0.00017168,-0.00000152,-0.00027070,0.00125599,-0.00000395,0.00542933,-0
.00148212,0.00003183,0.00011680,0.00014699,-0.00002831,0.00011342,0.00014543,0.0
0003206,-0.00002049,-0.00004283,-0.00001880,-0.00002128,-0.00004354,0.00001829,-
0.02072998,-0.09320331,0.00005806,0.00062429,0.00465290,-0.00000937,0.00001933,-
0.00012313,-0.00000350,-0.00000104,-0.00000223,-0.00000260,-0.00000388,0.0017877
1,0.00004766,0.00003060,-0.00550954,-0.00023389,-0.00007724,-0.00010801,0.000235
53,0.00008064,-0.00010629,-0.00005425,-0.00003140,-0.00000984,0.00005390,0.00003
094,-0.00000908,-0.00009155,-0.00067225,-0.00057249,0.29249919,-0.15311985,-0.00
853619,-0.00090453,0.00008824,-0.03324489,0.00018739,0.01443961,0.00010011,-0.00
775372,0.00524340,-0.01131200,-0.00011401,-0.02971980,0.08998947,0.00003456,-0.0
0010873,0.00510264,-0.00020790,0.00072880,-0.01463694,-0.00146283,-0.00044890,-0
.00000386,0.00116514,-0.00049426,-0.00000260,0.11921922,-0.00153908,-0.00010261,
0.00000067,0.00014475,0.00072751,0.00000846,-0.05219665,0.08005137,-0.00001163,0
.00000130,-0.00032113,0.00000196,0.00000809,-0.00044731,-0.00027241,0.00092858,-
0.05440980,0.00014410,0.00358655,0.00002694,-0.00249818,-0.00130565,-0.00001187,
-0.10164687,0.07682430,0.00048175,0.06014483,0.00413620,-0.00049820,0.00001484,-
0.00396406,-0.00608955,-0.00005972,0.07319138,-0.05037257,-0.00041071,-0.0802881
8,0.04986538,0.00003086,0.00001453,-0.00224718,-0.00003082,-0.00005820,0.0019689
4,0.00045585,-0.00040862,0.01313387,-0.00053296,0.00036953,-0.00843599,-0.165536
18,0.11610776,0.00071899,0.00911094,0.02785492,0.00019883,0.00199835,-0.00219555
,-0.00001513,0.03900224,0.03343997,0.00026526,0.10597055,0.12744346,-0.08635237,
-0.00071198,0.02063195,-0.07533875,-0.00058684,0.00067507,0.00306641,0.00001445,
0.02915211,0.01616717,0.00018785,-0.18538731,0.13512782,0.00079980,-0.00071848,0
.02378360,0.00014734,-0.00058269,0.00864188,0.00000533,0.00001281,0.00109335,0.0
0023470,0.00019031,-0.00783576,-0.00124756,0.00101998,-0.02287938,0.00125334,-0.
00034010,0.00028285,-0.00047281,-0.00092680,0.00006151,-0.00415609,0.00856293,-0
.00420859,0.00185570,-0.02059263,0.02424697,-0.00139442,0.00166902,-0.00125158,0
.00416167,-0.00048823,-0.00063188,0.00047220,-0.00011077,-0.00098461,0.00030781,
0.00418766,-0.00642417,0.00768659,-0.01624538,-0.00067537,-0.00405718,0.00118587
,0.00500746,-0.00484920,0.01025615,0.00344458,0.00075050,0.00005752,-0.00020880,
-0.00004492,-0.00008021,-0.00014541,-0.00198077,0.00346917,-0.00285216,0.0200542
5,-0.00191225,0.00313557,-0.00071882,-0.00155938,0.00229551,-0.01760077,-0.00034
366,-0.00359827,0.00125453,-0.00033597,-0.00028599,-0.00047278,-0.00092591,-0.00
007509,-0.00416330,0.00850607,0.00432885,0.00190686,-0.02024701,-0.02453955,-0.0
0139670,0.00164922,0.00127095,-0.00053215,0.00058079,0.00003260,0.00412108,-0.00
047695,-0.00062424,-0.00047867,-0.00011104,-0.00098119,-0.00031985,0.00416786,-0
.00626452,-0.00773050,-0.01596244,-0.00075939,0.00398352,0.00116995,0.00491553,0
.00488790,0.00058124,0.00036978,-0.00003121,0.01000367,0.00343319,-0.00075569,-0
.00006382,-0.00021763,0.00004296,0.00006723,-0.00014886,0.00203891,-0.00350808,-
0.00300460,-0.02028530,0.00183364,0.00316843,0.00073132,0.00159862,0.00238971,-0
.00002506,0.00003553,0.00011356,0.01775404,0.00045525,-0.00354629,0.00051601,0.0
0007810,0.00014138,0.00030416,0.00040587,-0.00022448,-0.00542433,-0.01886514,-0.
01825370,-0.00134348,0.00723098,0.00374077,-0.00017232,-0.00061869,0.00017160,-0
.00047843,-0.00043522,0.00014556,0.00008488,0.00143397,0.00082767,0.00584821,-0.
00005378,0.00011085,-0.00000343,0.00015105,0.00027308,-0.00012447,-0.01428957,-0
.01041563,0.00549891,0.00239906,-0.00398770,-0.00490831,0.00018073,-0.00011723,0
.00044211,-0.00048296,0.00023815,-0.00004940,0.00123428,-0.00049163,-0.00044180,
0.00974591,0.01395048,-0.00012040,0.00014259,0.00002123,-0.00000388,0.00048817,-
0.00010237,-0.01410571,0.00462388,0.02352633,0.00178595,-0.00347563,-0.00259968,
-0.00080868,-0.00057526,-0.00007180,-0.00002344,0.00022264,0.00044398,0.00087348
,-0.00047984,0.00110583,0.01294169,-0.00071049,-0.01836589,0.00051604,0.00008027
,-0.00013968,0.00030389,0.00040318,0.00023072,-0.00546117,-0.01911762,0.01794974
,-0.00133721,0.00727958,-0.00363595,-0.00017304,-0.00061684,-0.00018053,0.000086
82,0.00144509,-0.00080832,-0.00047828,-0.00043284,-0.00015280,0.00056674,0.00106
252,-0.00052084,0.00587773,-0.00005550,0.00011282,0.00000467,0.00015083,0.000278
18,0.00013007,-0.01448238,-0.01026415,-0.00599746,0.00241864,-0.00410701,0.00488
963,0.00016969,-0.00011912,-0.00044259,0.00124612,-0.00050446,0.00042027,-0.0004
8329,0.00024067,0.00004595,0.00105532,0.00046200,-0.00028597,0.00992813,0.013923
49,0.00012019,-0.00014119,0.00001924,0.00000650,-0.00048228,-0.00010720,0.013867
42,-0.00512772,0.02341170,-0.00175023,0.00346251,-0.00248664,0.00081106,0.000573
88,-0.00006919,-0.00085697,0.00045855,0.00111673,0.00001550,-0.00022603,0.000441
31,0.00054119,0.00035095,-0.00400993,-0.01277363,0.00118237,-0.01836843,-0.12937
158,0.01995253,0.00006377,0.00012598,-0.00053495,-0.00000367,-0.00006811,-0.0001
2401,-0.00000085,0.00377200,-0.00018622,-0.00000042,0.01259058,0.00540201,0.0000
4995,-0.00032363,-0.00037596,0.00017069,-0.00032415,-0.00037342,-0.00017606,0.00
009856,0.00005277,-0.00001818,0.00009850,0.00005244,0.00001898,0.11340185,0.0189
1034,0.10783383,0.00072745,-0.00161252,0.00343786,0.00002448,-0.00031022,-0.0000
0164,0.00000074,-0.00057900,0.00045723,-0.00001275,0.00747396,-0.00235693,0.0000
3987,0.00002704,0.00016052,0.00002914,0.00001815,0.00016179,-0.00002252,-0.00003
109,-0.00002237,0.00004992,-0.00003148,-0.00002242,-0.00005102,-0.02386519,-0.10
964787,0.00005635,0.00072805,0.00731292,-0.00001135,0.00002509,-0.00012537,-0.00
000218,0.00000085,-0.00013025,-0.00000322,-0.00001252,0.00219843,0.00006472,0.00
003868,-0.00734792,-0.00062492,0.00006673,-0.00030070,0.00062522,-0.00006057,-0.
00030145,-0.00003169,-0.00005407,0.00005230,0.00003130,0.00005306,0.00005240,-0.
00010422,-0.00078530,-0.00141036,0.00000342,0.00001614,-0.00012723,-0.00298281,0
.00892333,0.00012380,0.00000104,0.00000348,-0.00050428,-0.00000073,0.00000841,-0
.00001303,0.00162769,0.00001054,0.00037473,-0.00131116,0.00019948,0.00001198,0.0
0063856,-0.02628295,-0.00037400,-0.00000033,0.00000002,-0.00001777,-0.00000004,-
0.00000188,0.00019677,0.00012017,-0.00000420,-0.00000040,-0.00013484,0.00000143,
0.00000009,-0.00085231,0.00072112,-0.00062220,0.00059990,0.00019063,0.00000073,-
0.00013250,0.00083933,-0.00000006,-0.10467571,0.04364051,0.00050203,-0.00000070,
0.00001624,-0.00221242,0.00000193,0.00000292,-0.00047652,-0.00000199,0.00001313,
-0.00111119,-0.00010664,-0.00002550,-0.00000738,0.00185022,0.00002176,0.00000929
,-0.00213843,-0.00002735,0.00013042,-0.00921549,-0.00068662,-0.00060808,0.003428
39,-0.00081496,0.00000808,-0.00288042,0.00083473,-0.00001122,0.00457952,-0.00907
964,-0.00012843,0.09288631,0.04264919,0.00071472,-0.00000556,-0.00003585,0.00518
763,-0.00000092,-0.00003190,0.00270074,-0.00000111,-0.00000173,-0.00002278,0.000
00503,0.00004089,-0.00477726,0.00001218,-0.00002816,0.00006285,-0.00684098,-0.00
000998,-0.00037815,0.03101005,-0.00001277,-0.00000869,-0.00207099,0.00003643,0.0
0018452,-0.01398354,0.00009520,0.00048618,0.00450108,-0.00197532,-0.00005729,-0.
00109779,0.02203510,0.00037907,0.00195835,0.00329064,0.00000981,-0.00398418,-0.0
1190006,-0.00018955,-0.01060853,-0.03409965,-0.00049836,-0.00105738,0.00004587,0
.00005121,-0.00006798,-0.00087036,-0.00132044,0.00434552,-0.00657450,0.00026102,
-0.00560377,0.03571275,-0.04190031,-0.00110325,-0.00687184,0.00546380,0.00467376
,0.00019894,0.00073078,-0.00075085,-0.00018171,-0.00052356,-0.00147303,-0.003495
43,0.00283115,-0.00286430,0.03364374,0.02630845,-0.01693167,-0.00448301,-0.00622
824,0.01114342,-0.02392856,-0.02287383,-0.00098849,-0.00056028,0.00084719,0.0019
8062,0.00111543,0.00123515,0.00054801,-0.00359710,0.00530991,-0.04101033,-0.0182
7336,-0.01291947,0.00208194,0.01160172,-0.00869897,0.04058220,0.01285681,0.01373
092,0.00105846,-0.00004597,0.00005275,0.00006721,0.00088779,-0.00130641,-0.00434
653,0.00657421,0.00035591,0.00569953,-0.03509041,-0.04241303,0.00109451,0.006780
01,0.00555220,0.00000383,-0.00252440,-0.00335253,-0.00476734,-0.00018399,-0.0007
1211,-0.00074914,0.00015512,0.00052829,-0.00144770,0.00349052,-0.00273963,-0.002
82365,-0.03303584,-0.02579808,-0.01752129,0.00444016,0.00590442,0.01110863,0.002
57445,0.00003117,-0.00218502,0.02333243,0.02249947,-0.00098902,-0.00055840,-0.00
086693,0.00198452,0.00114158,-0.00123912,0.00059896,-0.00355292,-0.00540042,-0.0
4149365,-0.01886534,0.01231335,0.00213663,0.01156965,0.00903153,-0.00331618,-0.0
0218794,-0.00003500,0.04092918,0.01339983,-0.01326298,-0.00040021,-0.00010190,-0
.00013981,-0.00021274,-0.00045322,0.00022549,-0.00156638,0.03893572,0.05252411,0
.00382206,-0.01083455,-0.00452807,0.00037528,0.00051928,-0.00033051,0.00036656,0
.00012042,-0.00046253,0.00187508,-0.00052747,0.00055979,-0.00415639,-0.00017983,
0.00020182,-0.00011383,-0.00010540,0.00006572,0.00025636,0.04209328,-0.02978479,
-0.01417570,-0.00939192,0.00314827,0.00741954,-0.00037277,-0.00063620,0.00023206
,0.00040988,0.00009761,0.00000578,0.00068447,0.00039658,-0.00093130,-0.03039476,
0.02647910,0.00018898,-0.00006758,-0.00006088,-0.00006548,-0.00035807,-0.0000032
6,0.04872097,-0.01516929,0.02293415,-0.00154556,0.00769084,0.00562968,0.00071813
,0.00009354,0.00028405,0.00005089,-0.00005276,-0.00017782,-0.00020563,0.00056145
,-0.00035647,-0.05130655,0.01086410,-0.02812898,0.00040015,0.00010396,-0.0001379
5,0.00021256,0.00045036,0.00023217,0.00145078,-0.03966375,0.05199205,-0.00381525
,0.01088913,-0.00437125,-0.00037573,-0.00051462,-0.00033799,-0.00187548,0.000518
81,0.00056469,-0.00036608,-0.00011374,-0.00046483,-0.00000398,-0.00276193,0.0034
4561,0.00427372,0.00017725,-0.00019918,-0.00011733,0.00010603,-0.00006426,0.0002
5552,-0.04276791,0.03019306,-0.01346777,0.00940445,-0.00336433,0.00746267,0.0003
6222,0.00063137,0.00024553,-0.00068038,-0.00039116,-0.00094274,-0.00041056,-0.00
009688,0.00000140,0.00271657,0.00005021,-0.00352023,0.03111126,-0.02677824,0.000
19192,-0.00007117,0.00005830,-0.00006373,-0.00035852,0.00000199,0.04814428,-0.01
445777,-0.02322681,-0.00140962,0.00773565,-0.00542042,0.00072326,0.00010600,-0.0
0027878,-0.00021792,0.00055139,0.00035145,0.00004442,-0.00005681,0.00017661,0.00
348466,-0.00352337,-0.00004623,-0.05089566,0.01011740,0.02831079,0.00000111,-0.0
0000199,0.00070346,-0.00000032,-0.00000266,0.00042081,-0.00000009,-0.00000144,0.
00020920,-0.00000019,-0.00000010,-0.00002388,-0.00000043,0.00000646,-0.00111645,
0.00031820,0.00013118,0.00005643,-0.00031866,-0.00013164,0.00005460,-0.00009928,
0.00001899,-0.00000137,0.00009931,-0.00001893,-0.00000161,0.00000035,0.00002093,
0.00006387,-0.00369425,-0.00000127,0.00000086,0.00047301,0.00000041,0.00000100,-
0.00005256,-0.00000253,-0.00000308,-0.00003502,-0.00001321,-0.00001806,-0.000080
36,0.00018270,0.00001762,-0.00002124,-0.00018759,-0.00001324,-0.00001656,0.00001
991,-0.00001832,-0.00004200,-0.00001948,0.00001941,-0.00004281,0.00000013,-0.000
05007,-0.00263879,-0.00526573,-0.00006498,0.00014052,-0.00059432,-0.00000054,-0.
00005338,-0.00008728,-0.00000091,0.00035717,0.00046680,0.00000327,0.00186023,0.0
0261420,0.00001849,0.00034572,-0.00029105,0.00035664,0.00034313,-0.00028631,-0.0
0036056,-0.00002658,-0.00003364,-0.00007423,-0.00002683,-0.00003444,0.00007310,-
0.00030120,0.00351178,0.00004972,0.08035608,0.06883278,-0.14401373,0.00055163,-0
.00080284,-0.02585139,-0.00319240,0.01039360,0.00007131,-0.00634413,0.01138128,-
0.01801846,-0.00013365,0.04066289,0.17917544,0.00007835,-0.00013421,0.00164529,0
.00029865,0.00145496,-0.02164570,-0.00168132,-0.00042597,-0.00000406,0.00141213,
-0.00033846,-0.00000148,0.04935921,0.00005214,0.00022050,0.00000089,0.00013866,0
.00067680,0.00000646,-0.03335001,-0.00005384,-0.00000065,0.00000061,0.00010010,0
.00000192,0.00000619,-0.00021861,-0.00022442,-0.00020599,0.02615637,0.01008533,0
.00289786,0.00002983,0.00059020,0.00210441,0.00001468,-0.05283877,0.03735974,0.0
0023938,0.05693165,0.00097158,-0.00190075,0.00002898,-0.00181021,0.00253311,0.00
000882,0.03396476,-0.01609828,-0.00005306,-0.10072770,0.00973539,0.00001609,0.00
003009,-0.00588771,-0.00001323,0.00001107,0.00114995,0.00021518,-0.00005111,-0.0
0591980,-0.00069145,-0.00006415,0.01062233,0.09002693,-0.08208736,-0.00053638,0.
00891194,-0.05486035,-0.00039425,-0.01010358,0.00065110,-0.00000108,-0.00291470,
-0.00534885,-0.00004595,-0.13164672,-0.08416923,0.05172245,0.00028442,-0.0469412
2,-0.16837262,-0.00133017,0.00163724,-0.00006015,0.00000150,-0.01138561,-0.00500
455,-0.00011852,0.14190094,0.14166892,-0.00055122,0.00028561,0.00504787,-0.00033
780,-0.00133472,0.01443815,0.00000595,0.00000094,-0.00013921,-0.00008898,-0.0001
1505,0.01070344,0.00093624,0.00109479,-0.00047682,-0.00088449,-0.00034791,0.0003
5693,0.00006159,0.00027903,-0.00095784,0.00327879,-0.00439711,0.00028713,-0.0052
6508,0.03602075,-0.03936233,0.00042563,-0.00388472,0.00342670,0.00283651,0.00041
624,0.00011330,-0.00035090,-0.00015326,0.00038537,-0.00130920,-0.00304263,0.0043
4239,-0.00599735,0.03452877,0.00756345,-0.00338676,-0.00380326,-0.00801516,0.009
67166,-0.02641866,-0.00603264,-0.00053139,-0.00026856,0.00060156,0.00048679,0.00
038089,0.00059822,0.00006525,-0.00237160,0.00330799,-0.03715535,-0.00462797,-0.0
0497654,0.00123796,0.00526341,-0.00513565,0.03553575,0.00189296,0.00306716,-0.00
088469,-0.00034308,-0.00036357,0.00006105,0.00026579,0.00096110,0.00327926,-0.00
439530,-0.00034991,-0.00535350,0.03545050,0.03987131,0.00043104,-0.00382945,-0.0
0347518,-0.00063796,-0.00084933,-0.00011889,0.00291853,0.00040824,0.00010456,0.0
0034428,-0.00014780,0.00037218,0.00130580,-0.00304828,0.00422295,0.00600690,0.03
399156,0.00744609,0.00360259,-0.00377414,-0.00780162,-0.00971398,-0.00085113,0.0
0086984,0.00018009,-0.02590710,-0.00597640,0.00053555,0.00026108,0.00061049,-0.0
0048956,-0.00038380,0.00061195,-0.00010877,0.00237960,0.00342697,0.03764329,0.00
484549,-0.00477076,-0.00128546,-0.00530581,-0.00535460,0.00010327,-0.00020307,0.
00241289,-0.03590889,-0.00205135,0.00292890,0.00024444,0.00012119,0.00007088,-0.
00000642,0.00000337,-0.00008625,0.00354289,0.00193934,0.00036334,-0.00187604,0.0
0105671,0.00215518,-0.00027707,0.00037872,0.00035587,0.00004848,0.00075024,-0.00
042417,-0.00003986,-0.00135332,-0.00090338,-0.00089807,0.00018792,-0.00002801,0.
00006864,0.00012395,-0.00017986,-0.00016171,0.00207851,0.00328089,0.00067794,0.0
0098613,-0.00133308,-0.00258964,0.00000857,0.00052162,0.00011800,0.00012537,0.00
022620,0.00008771,-0.00073105,0.00030623,0.00032743,-0.00266441,-0.00339603,-0.0
0015313,-0.00020323,-0.00005292,0.00000222,-0.00005240,-0.00006314,0.00127634,-0
.00251984,-0.01343380,0.00091569,-0.00042382,-0.00002761,-0.00007763,0.00016087,
0.00008529,-0.00018291,0.00001754,-0.00016315,-0.00054517,0.00008935,0.00008988,
-0.00135549,0.00216623,0.01078290,0.00024434,0.00012195,-0.00006880,-0.00000652,
0.00000208,0.00008636,0.00354472,0.00194115,-0.00031620,-0.00187253,0.00108686,-
0.00214204,-0.00027676,0.00038394,-0.00035085,-0.00004150,-0.00136596,0.00088385
,0.00004777,0.00074413,0.00043507,-0.00077965,-0.00013290,0.00012588,-0.00090112
,0.00018579,-0.00002994,-0.00006810,0.00012379,-0.00018289,0.00016015,0.00209699
,0.00325121,-0.00043764,0.00099614,-0.00137579,0.00257158,0.00000759,0.00052550,
-0.00011172,-0.00073837,0.00031214,-0.00032511,0.00012284,0.00022761,-0.00008201
,-0.00013183,0.00065100,0.00065013,-0.00268077,-0.00333134,0.00015613,0.00020369
,-0.00005090,-0.00000039,0.00005069,-0.00006002,-0.00122710,0.00275997,-0.013405
94,-0.00090371,0.00040585,0.00001158,0.00007734,-0.00015415,0.00008109,0.0005345
5,-0.00008776,0.00008561,0.00018492,-0.00001111,-0.00016386,-0.00013182,-0.00068
031,0.00275719,0.00130401,-0.00237056,0.01072127,-0.17431421,0.00083692,-0.00010
777,-0.00148744,0.00049995,0.00000068,0.00020667,0.00006028,0.00000048,0.0025134
2,-0.00066439,-0.00000277,0.04542329,0.00590939,0.00007925,0.00017805,-0.0000621
6,0.00002020,0.00017837,-0.00006215,-0.00002112,0.00004130,0.00001792,-0.0000058
0,0.00004124,0.00001782,0.00000607,0.12721931,0.00173325,0.11183008,0.00062828,-
0.00239040,0.00361094,-0.00000089,0.00042785,0.00021753,0.00000090,-0.00075129,-
0.00156558,-0.00000514,0.00730576,-0.00518439,0.00010446,0.00021275,0.00023511,-
0.00021180,0.00021617,0.00022856,0.00021243,-0.00010002,-0.00004896,0.00011516,-
0.00010050,-0.00004750,-0.00011632,-0.00655357,-0.10927580,-0.00010138,0.0006277
6,0.02383762,-0.00001993,0.00000076,0.00354391,0.00000310,0.00000069,0.00012594,
-0.00000339,-0.00000509,-0.00090488,0.00008920,0.00010366,-0.01924957,0.00025875
,-0.00024712,0.00020192,-0.00025573,0.00024743,0.00020815,-0.00004414,-0.0000143
0,0.00002537,0.00004273,0.00001328,0.00002397,0.00003079,-0.00072707,-0.00781242
,-0.00000272,-0.00001584,0.00002606,0.00236944,-0.00182750,-0.00002334,-0.000000
58,-0.00000268,0.00033891,-0.00000005,-0.00000479,-0.00000324,-0.00000667,-0.000
00435,-0.00009995,0.00067294,0.00046168,0.00000382,0.00004562,0.00701038,0.00010
000,0.00000027,-0.00000145,0.00016613,-0.00000074,-0.00000217,0.00021224,0.00010
027,0.00000435,-0.00000593,0.00036850,-0.00000803,-0.00001253,0.00062019,0.00060
189,-0.00051520,-0.00063976,0.00046284,0.00000565,0.00107699,0.00113750,0.000013
27,-0.08734561,0.03613549,0.00041493,0.00000024,0.00000051,-0.00001470,0.0000005
7,0.00001189,-0.00179046,0.00002092,0.00014417,-0.01997934,0.00005204,0.00000320
,0.00000906,-0.00056900,-0.00000548,-0.00000839,-0.00034939,0.00012349,0.0000981
8,-0.01072871,0.00032794,0.00011938,-0.00040248,-0.00070240,-0.00000930,0.000797
54,0.00152580,0.00000782,-0.01645906,-0.00304371,-0.00011910,-0.04533020,-0.0083
7312,-0.00017142,0.00000360,0.00001686,-0.00232186,0.00000033,0.00000667,-0.0004
8066,0.00000113,0.00001533,-0.00183318,0.00000581,0.00005769,-0.00828898,-0.0000
1132,0.00002770,-0.00000131,0.00071818,0.00000568,0.00010322,-0.00882591,-0.0000
0049,0.00001061,0.00244469,0.00001383,-0.00000735,-0.00140006,-0.00008111,-0.000
26894,-0.00394366,-0.00053491,-0.00000229,-0.00008642,-0.00565392,-0.00010355,-0
.00012805,-0.00393325,-0.00001174,-0.00182793,0.00243132,0.00000154,0.00985874,0
.01886306,0.00028026,0.00127541,0.00027753,-0.00015761,0.00028049,0.00117828,0.0
0053644,-0.00649172,0.00993077,-0.00372774,0.00820942,-0.03639119,0.03972569,-0.
00143182,0.00343750,-0.00139454,-0.00054840,0.00015548,-0.00032780,0.00037888,0.
00022201,-0.00008570,0.00030222,0.00602152,-0.00679060,0.00839476,-0.03313041,0.
01472524,-0.00382933,0.00331291,0.00422048,-0.00525992,0.01991026,-0.01074615,0.
00034067,0.00059600,-0.00050576,-0.00100044,-0.00131473,-0.00116733,-0.00086301,
0.00795862,-0.00712671,0.03538706,-0.00156188,-0.02110722,0.00082488,-0.00600057
,0.00639841,-0.03555685,0.00049501,0.02277565,-0.00127562,-0.00027593,-0.0001636
1,-0.00027994,-0.00118427,0.00051795,0.00649713,-0.00988573,-0.00386986,-0.00829
618,0.03582346,0.04020676,0.00143251,-0.00341046,-0.00143427,-0.00000239,0.00104
831,0.00208720,0.00063033,-0.00016073,0.00031394,0.00037596,-0.00020805,0.000100
37,0.00028677,-0.00601823,0.00655769,0.00837978,0.03262747,-0.01464167,-0.004301
89,-0.00331838,-0.00406035,-0.00523038,-0.00107600,0.00002440,-0.00171169,-0.019
40236,0.01072554,0.00033637,0.00059294,0.00051983,-0.00100516,-0.00133129,0.0011
5212,-0.00094969,0.00793917,0.00735422,0.03582210,-0.00203074,0.02111041,0.00078
669,-0.00597116,-0.00655924,0.00207206,-0.00171047,-0.00002201,-0.03581023,0.000
95067,-0.02283697,-0.00024732,-0.00019265,0.00004263,-0.00036208,-0.00027129,0.0
0015013,0.00444024,0.04393099,0.05850396,0.00116216,-0.01016996,-0.00529357,0.00
162462,0.00006633,-0.00050533,-0.00000591,-0.00025717,0.00093637,0.00110423,-0.0
0260764,-0.00228862,-0.00766141,-0.00043237,0.00008768,-0.00002300,-0.00008077,0
.00012715,0.00029164,0.05071424,-0.04217199,-0.02369002,-0.01328271,0.00597201,0
.01004287,-0.00013571,0.00026020,-0.00043657,0.00053568,-0.00017446,0.00010379,-
0.00242170,0.00081591,0.00141720,-0.03265862,0.03502700,0.00017407,-0.00023985,-
0.00009464,-0.00002062,-0.00069643,-0.00002889,0.05300000,-0.02360429,0.03342774
,-0.00114543,0.01072793,0.00654188,0.00078881,0.00044919,0.00039019,0.00050823,-
0.00006613,0.00000318,-0.00171498,0.00113724,-0.00085583,-0.05514825,0.01614762,
-0.03926040,0.00024706,0.00019230,0.00004555,0.00036193,0.00026992,0.00015437,-0
.00456750,-0.04473430,0.05790543,-0.00115497,0.01023202,-0.00514212,-0.00162495,
-0.00005962,-0.00050765,-0.00109967,0.00263873,-0.00225349,0.00000425,0.00024387
,0.00093995,-0.00000414,-0.00222988,0.00358676,0.00778754,0.00042987,-0.00008390
,-0.00002505,0.00008072,-0.00012135,0.00028959,-0.05143829,0.04283158,-0.0226623
0,0.01328610,-0.00626840,0.01006207,0.00012496,-0.00026040,-0.00043457,0.0024443
1,-0.00085203,0.00139567,-0.00054299,0.00017389,0.00010568,0.00218291,0.00005450
,-0.00382093,0.03342381,-0.03547281,0.00018039,-0.00024217,0.00009112,-0.0000190
9,-0.00069826,0.00002324,0.05230532,-0.02256882,-0.03396007,-0.00095003,0.010743
59,-0.00625268,0.00078925,0.00045096,-0.00038966,-0.00168255,0.00111593,0.000887
39,0.00050055,-0.00006333,-0.00000096,0.00361821,-0.00382347,-0.00005036,-0.0547
1357,0.01512093,0.03958009,-0.00000035,0.00000135,-0.00030487,0.00000008,0.00000
012,-0.00001858,0.00000002,0.00000057,-0.00009090,0.,-0.00000116,0.00018642,0.00
000009,0.00000064,-0.00003088,-0.00018541,0.00007836,0.00009762,0.00018567,-0.00
007995,0.00009654,-0.00005040,-0.00000817,-0.00002858,0.00005045,0.00000861,-0.0
0002849,-0.00000014,-0.00000685,-0.00001456,0.00060971,0.00000096,0.00000042,-0.
00008718,-0.00000051,-0.00000181,0.00012598,0.00000121,0.00000193,0.00001976,0.0
0000077,0.00000384,0.00018913,-0.00024713,0.00000662,0.00003978,0.00025167,-0.00
000972,0.00003799,-0.00002290,0.00000201,-0.00003433,0.00002316,-0.00000108,-0.0
0003536,-0.00000037,0.00001234,0.00091202,0.00143336,0.00001491,-0.00012732,0.00
002762,-0.00000051,0.00006174,0.00012809,0.00000179,-0.00017107,-0.00029001,-0.0
0000192,-0.00012369,-0.00072839,-0.00000393,-0.00032313,0.00017905,-0.00013560,-
0.00031952,0.00017689,0.00013844,-0.00001553,-0.00003006,-0.00007287,-0.00001522
,-0.00003110,0.00007189,0.00012172,-0.00086546,-0.00001220,-0.05008901,0.1164729
8,-0.10656428,0.00080377,-0.00066478,-0.00393237,-0.00123310,0.00195830,0.000012
54,0.00350536,0.00578776,-0.01042814,-0.00007983,0.04496262,0.07600826,0.0000398
4,-0.00008203,0.00123644,0.00032460,0.00059333,-0.00360103,0.00269663,0.00087774
,0.00000774,-0.00110635,0.00150189,0.00000992,-0.03978438,-0.00027084,-0.0001311
6,-0.00000195,-0.00086870,-0.00174590,-0.00001479,0.04069555,-0.00185918,-0.0000
0045,-0.00000129,0.00012114,-0.00000698,-0.00001343,0.00025873,0.00029305,0.0003
3038,-0.04492702,-0.00861395,-0.00020119,-0.00000613,0.00083287,-0.00746503,-0.0
0005274,0.05673262,-0.04693422,-0.00030720,0.05966085,0.00025043,0.00082408,0.00
000913,-0.00020089,0.00040972,0.00000276,-0.04676916,0.02707492,0.00010164,0.226
69838,0.03884825,-0.00000291,0.00000887,-0.00043637,-0.00000096,-0.00000141,0.00
000669,-0.00030602,0.00010155,0.00905073,0.00166893,0.00063901,-0.03253370,0.138
77237,-0.11362900,-0.00072446,0.00016564,-0.04745511,-0.00033839,0.00000661,-0.0
0027776,-0.00000198,-0.12085200,-0.08800729,-0.00069984,-0.05453764,-0.11587970,
0.07664917,0.00055292,-0.04520227,-0.06856331,-0.00051726,-0.00258739,-0.0009929
2,-0.00000866,-0.08242030,-0.04335054,-0.00039503,0.23872551,0.03171524,-0.00074
050,0.00055421,-0.01024337,-0.00032233,-0.00051855,0.00035591,-0.00001845,-0.000
00733,0.00001288,-0.00066002,-0.00039824,0.00542609,0.00166651,0.00031438,0.0068
4004,0.00050449,0.00016814,0.00007637,-0.00015048,0.00133829,0.00124750,-0.00365
985,0.00534036,-0.00042593,0.00531055,-0.04440081,0.04442410,0.00161430,0.002447
57,-0.00283150,-0.00440202,0.00001756,-0.00067545,0.00095366,0.00053299,0.001673
58,0.00175717,0.00424459,-0.00457574,0.00549798,-0.04394434,-0.01292359,0.007315
81,0.00416366,0.00397141,-0.00949386,0.03349853,0.01426539,0.00005450,0.00041084
,-0.00031807,-0.00117612,-0.00104009,-0.00069197,0.00012008,0.00250341,-0.003808
21,0.04458254,0.01115290,0.00892248,-0.00098448,-0.00556192,0.00472436,-0.042063
10,-0.00687479,-0.00455488,0.00050464,0.00016968,-0.00007300,-0.00015041,0.00135
472,-0.00122768,-0.00366028,0.00533662,0.00050227,0.00541345,-0.04374994,-0.0450
5635,0.00160987,0.00240060,0.00286236,0.00104430,0.00107624,-0.00004135,-0.00449
915,0.00001943,-0.00065593,-0.00095846,0.00051816,0.00168330,-0.00172270,0.00425
218,-0.00446161,-0.00550242,-0.04329566,-0.01265517,-0.00767281,0.00413833,0.003
75690,0.00948480,0.00107609,-0.00146112,-0.00049355,0.03288740,0.01406503,-0.000
05328,-0.00041546,-0.00033774,0.00118424,0.00107550,-0.00070177,-0.00005928,-0.0
0250660,-0.00392192,-0.04520830,-0.01151041,0.00855116,0.00103997,0.00555087,0.0
0494331,0.00006253,0.00053155,-0.00403950,0.04253628,0.00717768,-0.00425740,-0.0
0025703,0.00002812,-0.00000061,-0.00010920,-0.00027897,0.00011360,-0.00613118,-0
.00149803,0.00002908,0.00176533,-0.00173233,-0.00248877,0.00014020,0.00091859,0.
00016845,0.00009368,-0.00079465,0.00057008,-0.00017908,0.00118668,0.00103647,0.0
0302033,0.00003206,0.00013205,0.00006791,-0.00020291,-0.00017408,0.00020946,-0.0
0123902,-0.00678194,-0.00212785,-0.00132179,0.00161908,0.00411781,-0.00017916,-0
.00011165,-0.00039577,-0.00005078,-0.00038903,-0.00026268,0.00067945,-0.00009641
,-0.00031772,0.00208424,0.00682539,0.00014421,-0.00002855,-0.00006845,-0.0000095
7,0.00015975,0.00007251,-0.00012612,0.00198991,0.02154224,-0.00181367,0.00146289
,0.00046905,0.00050332,-0.00043820,0.00009072,0.00020143,-0.00008330,0.00021360,
0.00067379,-0.00003695,-0.00030941,0.00048341,-0.00221958,-0.01690992,-0.0002568
7,0.00002807,0.00000079,-0.00010907,-0.00027714,-0.00011777,-0.00613124,-0.00149
472,-0.00008218,0.00176041,-0.00176597,0.00246536,0.00014096,0.00092040,-0.00015
529,-0.00017713,0.00120129,-0.00101930,0.00009458,-0.00078654,-0.00058149,0.0017
0987,0.00016684,-0.00009515,0.00302138,0.00003419,0.00013257,-0.00006500,-0.0002
0278,-0.00016876,-0.00021313,-0.00124268,-0.00677813,0.00172264,-0.00134280,0.00
169843,-0.00410185,-0.00017242,-0.00012350,0.00039252,0.00068862,-0.00010153,0.0
0032149,-0.00004820,-0.00039383,0.00025397,0.00016640,-0.00099849,-0.00083522,0.
00208801,0.00675725,-0.00014396,0.00003145,-0.00006914,0.00000647,-0.00016351,0.
00006707,0.00007666,-0.00239541,0.02153848,0.00179620,-0.00144741,0.00039463,-0.
00050578,0.00043620,0.00010181,-0.00066389,0.00004129,-0.00030624,-0.00020228,0.
00007374,0.00021751,0.00010530,0.00089336,-0.00506321,-0.00043083,0.00255942,-0.
01684283,-0.08202816,-0.00587282,-0.00009701,-0.00164525,0.00053098,0.00000112,0
.00103743,-0.00002827,0.00000032,-0.00201013,-0.00032242,-0.00000354,0.03293969,
0.00067698,0.00003077,-0.00017783,0.00000413,-0.00004285,-0.00017791,0.00000392,
0.00004287,-0.00005291,0.00003108,0.00003834,-0.00005288,0.00003166,-0.00003791,
0.05216796,-0.00646387,0.04071709,0.00018641,-0.00129453,0.00130534,-0.00001281,
0.00026630,0.00025166,0.00000100,0.00022696,-0.00154517,-0.00001195,0.00269324,-
0.00295080,0.00006785,-0.00010601,0.00021609,-0.00015561,-0.00010657,0.00021885,
0.00016063,-0.00008004,-0.00002493,0.00002924,-0.00008024,-0.00002401,-0.0000291
4,0.00494475,-0.03816411,-0.00010123,0.00018675,0.01404793,-0.00001189,-0.000011
76,0.00299744,0.00000242,0.00000083,0.00013297,0.00000038,-0.00001226,0.00014925
,0.00004514,0.00006669,-0.01225174,-0.00002750,0.00035447,-0.00014156,0.00002595
,-0.00034933,-0.00014424,-0.00001700,0.00003506,-0.00003713,0.00001584,-0.000034
84,-0.00003807,0.00006790,-0.00023561,-0.00471485,0.01667246,-0.00759079,0.00310
812,-0.00004337,0.00003238,-0.00204520,0.00008545,-0.00031776,-0.00000204,0.0035
6462,-0.00172131,0.00167830,0.00001322,-0.00268067,-0.03850257,-0.00001204,0.000
01403,-0.00031508,-0.00001996,-0.00031204,0.00505282,0.00008633,0.00016297,0.000
00104,-0.00094236,-0.00076321,-0.00000596,0.03291977,0.00001969,-0.00003136,-0.0
0000232,-0.00035608,-0.00068608,-0.00000486,-0.01384615,0.00718407,0.00000002,-0
.00000224,0.00029553,-0.00000306,-0.00000509,-0.00003350,-0.00007714,0.00007641,
-0.00464942,-0.00067037,0.00076808,0.00000561,0.00036999,-0.00159148,-0.00001005
,-0.04666955,0.02542470,0.00015199,0.08825918,-0.00183676,0.00148976,0.00001597,
-0.00198576,-0.00623644,-0.00003221,0.02158030,-0.01443632,-0.00012110,-0.048995
56,0.12437428,-0.00001296,0.00001747,-0.00089842,-0.00001286,-0.00003198,-0.0018
7875,0.00012458,-0.00011889,0.00428894,-0.00017560,0.00238594,-0.21426128,-0.009
87855,0.00763677,0.00004788,-0.00263548,0.00816619,0.00005891,0.00205856,0.00004
802,0.00000146,-0.01657950,0.00727125,0.00003831,0.02088569,0.01148490,-0.008379
51,-0.00006419,0.00557227,0.04109606,0.00032358,-0.00101980,-0.00112640,-0.00000
936,0.00190094,0.00558903,-0.00000877,-0.02469291,-0.03518996,0.00007531,-0.0000
6640,0.00155001,0.00004042,0.00032506,-0.00384512,-0.00000615,-0.00000875,0.0001
0515,0.00000003,-0.00000568,0.00697196,-0.00016008,-0.00021593,-0.00688846,-0.00
065399,-0.00032480,0.00013049,-0.00026424,-0.00069086,-0.00040736,0.00457744,-0.
00407582,0.00047230,-0.01066577,0.00836528,-0.00656340,0.00339364,0.00323416,-0.
00100926,-0.00276552,0.00008541,-0.00022723,-0.00004930,-0.00003733,0.00141467,0
.00109300,-0.00167621,0.00345539,-0.00692967,0.00933557,-0.05316206,0.01841356,0
.00047102,-0.00073050,-0.00454442,-0.00632012,0.05720741,0.00149431,-0.00008062,
-0.00000859,-0.00071113,0.00000314,0.00055130,0.00161610,-0.00505818,0.00284551,
-0.00430933,0.02106398,0.10260470,-0.00505405,-0.00818815,0.00108555,0.00702571,
-0.00649369,-0.07429692,-0.00065212,-0.00032299,-0.00013584,-0.00026552,-0.00069
659,0.00039654,0.00457988,-0.00407449,-0.00052851,-0.01067825,0.00829723,0.00655
246,0.00338665,0.00321004,0.00105774,0.00612553,0.00015057,0.00041150,-0.0027493
8,0.00010665,-0.00022904,0.00004628,-0.00004621,0.00143012,-0.00108053,-0.001660
97,0.00328443,0.00693403,0.00929652,-0.05256780,-0.02061535,0.00039370,-0.000911
66,0.00451640,0.00015601,-0.00897148,0.00024973,-0.00622843,0.05699565,-0.001493
68,0.00007712,-0.00000866,0.00070961,0.00000859,0.00053712,-0.00163799,0.0050597
8,0.00301403,0.00431243,-0.02326689,0.10202292,0.00506275,0.00816332,0.00127370,
-0.00036573,0.00007641,-0.03183404,-0.00703314,0.00835852,-0.07410130,-0.0000242
4,0.00004873,-0.00003953,0.00007729,0.00001861,-0.00001376,0.00164020,-0.0015614
1,-0.00171049,-0.00181232,0.00337903,0.00188607,-0.00035342,0.00007255,-0.000322
70,0.00036361,-0.00019350,-0.00057283,-0.00010447,-0.00154827,-0.00026571,0.0005
1288,0.00003629,-0.00005576,0.00000364,-0.00000992,-0.00017078,0.00000358,-0.001
35957,0.00117543,-0.00009360,0.00197377,-0.00258684,-0.00059688,0.00006517,-0.00
012642,-0.00019391,-0.00068688,0.00014399,-0.00080829,0.00021101,0.00092884,0.00
060971,-0.00008579,0.00043329,-0.00000531,-0.00000005,-0.00001138,-0.00018455,-0
.00021168,-0.00009198,-0.00112286,-0.00184423,-0.00299550,0.00044108,-0.00062600
,0.00058990,0.00002053,-0.00012972,0.00015025,0.00012331,-0.00016296,-0.00009968
,-0.00046184,0.00131212,-0.00061115,0.00111189,0.00136174,0.00314331,-0.00002429
,0.00004817,0.00004020,0.00007706,0.00001817,0.00001422,0.00163696,-0.00158783,0
.00169334,-0.00180969,0.00340490,-0.00184048,-0.00035377,0.00006780,0.00032312,-
0.00010530,-0.00155041,0.00024422,0.00036310,-0.00020184,0.00057053,-0.00028117,
-0.00013791,0.00006934,0.00051544,0.00003622,-0.00005570,-0.00000423,-0.00001254
,-0.00017373,-0.00000476,-0.00137561,0.00114699,0.00015107,0.00197922,-0.0026036
7,0.00055363,0.00006524,-0.00013098,0.00018997,0.00020509,0.00095593,-0.00058713
,-0.00068599,0.00013011,0.00081078,-0.00013725,0.00025364,0.00030695,-0.00006833
,0.00047266,0.00000581,-0.00000052,-0.00001139,0.00018458,0.00021053,-0.00008880
,0.00110867,0.00190146,-0.00296382,-0.00041566,0.00058438,0.00060410,-0.00002019
,0.00012579,0.00015516,0.00046540,-0.00129156,-0.00063741,-0.00013257,0.00016601
,-0.00008528,-0.00007153,-0.00030230,-0.00008362,-0.00111598,-0.00139988,0.00310
138,-0.00494067,-0.00010837,-0.00000444,-0.00006680,-0.00005884,-0.00000052,0.00
011277,0.00000937,0.00000008,0.00025629,0.00052010,0.00000388,0.00007618,0.00017
004,0.00000158,-0.00000541,-0.00026499,-0.00014450,-0.00000543,-0.00026715,0.000
14094,-0.00001836,-0.00000618,0.00000841,-0.00001836,-0.00000604,-0.00000853,0.0
0460980,-0.00062029,0.00270243,0.00000855,-0.00012598,0.00015046,0.00000020,-0.0
0004175,0.00003385,-0.00000045,-0.00009175,0.00014006,0.00000126,0.00057556,-0.0
0008966,0.00000367,0.00013794,-0.00008612,-0.00010078,0.00013964,-0.00008917,0.0
0010267,0.00000731,0.00000461,-0.00000615,0.00000728,0.00000476,0.00000609,0.000
01206,-0.00277122,-0.00000809,0.00000884,0.00145319,-0.00000100,0.00000024,0.000
11198,-0.00000029,-0.00000042,0.00009309,-0.00000048,0.00000161,-0.00004406,0.00
000447,0.00000344,-0.00055820,0.00012854,-0.00011137,-0.00021041,-0.00012633,0.0
0011280,-0.00020735,-0.00000141,0.00001631,0.00000985,0.00000149,-0.00001639,0.0
0000969,0.00000311,-0.00001506,-0.00065778,-0.00377452,0.00373532,-0.00253056,0.
00002454,-0.00001490,-0.00014005,0.00010790,0.00031754,0.00000205,-0.00176048,0.
00066802,-0.00049524,-0.00000663,0.00336712,0.03058313,0.00000454,-0.00000683,0.
00048858,0.00002527,0.00024826,-0.00397080,0.00037784,0.00004552,0.00000057,-0.0
0044474,0.00003618,-0.00000005,-0.11709861,-0.00040382,-0.00008161,-0.00000048,0
.00042364,-0.00011137,-0.00000120,0.09955153,-0.17896376,-0.00000264,-0.00000022
,-0.00004649,0.00000271,-0.00000143,0.00009146,0.00046144,-0.00346625,0.31528436
,-0.00256241,-0.00067329,-0.00000651,0.00048774,-0.00208316,-0.00001508,0.052867
20,-0.04289653,-0.00027093,-0.02919958,0.00002662,0.00024159,-0.00000118,-0.0009
7774,-0.00061900,-0.00001136,-0.03804638,0.01737575,0.00015797,0.04530933,0.0011
0232,-0.00000152,-0.00000158,0.00040968,-0.00000720,-0.00001200,0.00089608,-0.00
023636,0.00015519,-0.00784733,0.00029949,-0.00004980,0.01173718,0.00613977,-0.00
423643,-0.00002620,0.00210737,-0.00311607,-0.00002225,0.00418253,0.00137387,0.00
001217,-0.01386386,-0.01321196,-0.00010169,0.00319987,-0.00430179,0.00306473,0.0
0002526,-0.00301213,-0.02811726,-0.00021759,0.00116636,0.00037513,0.00000301,-0.
00800110,-0.00541270,-0.00003756,0.01595205,0.02713994,-0.00002667,0.00002530,-0
.00082481,-0.00002150,-0.00021765,0.00216317,0.00001069,0.00000313,0.00004654,-0
.00006454,-0.00004056,-0.00078771,0.00011598,0.00020791,-0.00073996,0.00009773,0
.00006892,-0.00000990,-0.00018360,-0.00003786,0.00008122,0.00064963,-0.00115263,
-0.00034377,0.00107049,-0.00613046,0.00680492,0.00018457,0.00025111,-0.00062842,
-0.00109787,-0.00002394,-0.00007096,0.00007831,-0.00006656,-0.00001657,0.0000651
8,-0.00083134,0.00138603,0.00097007,-0.00619843,-0.00163062,-0.00040871,0.000968
35,0.00061157,-0.00079483,0.00543169,0.00063079,0.00012810,0.00001004,-0.0000192
9,0.00003158,0.00005716,-0.00002760,-0.00013142,0.00032784,-0.00135870,0.0074966
7,-0.00083150,0.00070438,-0.00055289,-0.00057556,0.00035563,-0.00599030,-0.00032
222,-0.00110842,0.00009786,0.00006878,0.00001101,-0.00018347,-0.00003663,-0.0000
8192,0.00064910,-0.00115707,0.00032962,0.00108701,-0.00603376,-0.00689120,0.0001
8320,0.00024147,0.00063173,-0.00008083,0.00004420,-0.00033984,-0.00111171,-0.000
02203,-0.00006969,-0.00007905,-0.00006602,-0.00001483,-0.00006508,-0.00083205,0.
00140399,-0.00093164,-0.00609137,-0.00164772,0.00036824,0.00095945,0.00059198,0.
00079929,0.00003933,0.00030452,0.00001823,0.00534535,0.00062116,-0.00012829,-0.0
0001067,-0.00002070,-0.00003270,-0.00005702,-0.00002947,0.00012188,-0.00028978,-
0.00137613,-0.00758385,0.00079110,0.00070497,0.00056643,0.00057920,0.00037659,0.
00033948,-0.00002459,0.00075422,0.00606711,0.00035296,-0.00108495,0.00014316,0.0
0035246,0.00008805,-0.00007579,0.00052057,-0.00013719,0.02939844,-0.02768942,-0.
03073160,-0.00471880,0.00953755,0.00117535,-0.00143993,-0.00107122,0.00028584,-0
.00017315,0.00016378,-0.00003656,-0.00046435,0.00049266,0.00061200,-0.00123105,0
.00023706,-0.00018697,0.00015624,-0.00000245,-0.00057073,-0.00075862,-0.03041171
,0.07908967,0.02087591,0.01034730,-0.00451788,-0.01180002,0.00060637,0.00088260,
0.00024362,-0.00038024,0.00000104,0.00002745,0.00193610,-0.00120593,-0.00131509,
0.02214491,-0.07957010,-0.00023696,-0.00008398,-0.00004523,0.00001887,0.00005658
,0.00014066,-0.02534611,0.01434848,-0.15218067,0.00110896,-0.00793909,-0.0030341
4,0.00000563,0.00077554,-0.00015328,-0.00023639,-0.00003036,-0.00005570,0.000023
54,-0.00045176,0.00074729,0.02672790,-0.00680949,0.10734491,0.00014299,0.0003535
8,-0.00008280,-0.00007593,0.00051864,0.00014434,0.02933430,-0.02811161,0.0305424
8,-0.00471634,0.00954425,-0.00104142,-0.00143959,-0.00106615,-0.00030254,-0.0004
6364,0.00050084,-0.00060632,-0.00017346,0.00016321,0.00003875,-0.02149260,-0.004
39017,-0.00208905,-0.00116990,0.00023384,-0.00018591,-0.00015798,-0.00000304,-0.
00058059,0.00074833,-0.03074935,0.07954526,-0.01760762,0.01034853,-0.00479912,0.
01178675,0.00060667,0.00089692,-0.00022795,0.00193475,-0.00123074,0.00128911,-0.
00038354,0.00000099,-0.00002708,-0.00441941,0.00608037,0.00010711,0.02251829,-0.
07972661,0.00024053,0.00008238,-0.00004611,-0.00001917,-0.00006627,0.00015066,0.
02511879,-0.01107711,-0.15257212,-0.00096352,0.00792489,-0.00275537,0.00000155,-
0.00076179,-0.00016794,0.00000265,0.00042414,0.00077139,0.00023081,0.00003135,-0
.00005534,0.00194741,-0.00069816,0.04718097,-0.02653420,0.00416837,0.10744027,-0
.00077033,-0.00003242,-0.00000081,0.00002099,0.00016319,0.00000112,0.00008431,0.
00006204,0.00000051,-0.00045146,-0.00001747,-0.00000037,0.00074608,-0.00015860,-
0.00000055,-0.00000333,0.00001141,0.00000099,-0.00000335,0.00001147,-0.00000081,
0.00005406,-0.00008717,0.00002361,0.00005417,-0.00008674,-0.00002485,0.00026885,
-0.00014927,0.00031462,0.00000041,0.00001964,-0.00005753,-0.00000109,0.00007124,
-0.00001910,0.00000020,-0.00006129,-0.00009262,-0.00000050,0.00009770,-0.0000329
0,0.00000173,-0.00002462,0.00001494,-0.00000054,-0.00002490,0.00001554,0.0000009
6,-0.00003189,-0.00000208,0.00002696,-0.00003088,-0.00000057,-0.00002779,0.00013
427,-0.00014030,-0.00000165,0.00000048,0.00024442,0.00000010,-0.00000101,0.00009
727,0.00000058,0.00000019,-0.00004091,-0.00000068,-0.00000047,-0.00002775,0.0000
0128,0.00000159,-0.00026824,-0.00001948,0.00004301,-0.00001590,0.00001914,-0.000
04255,-0.00001648,0.00006878,0.00007816,0.00005520,-0.00006923,-0.00007905,0.000
05358,0.00000116,-0.00000034,-0.00008119,0.15180500,-0.06244758,0.00320965,-0.00
035052,0.00008009,-0.01305419,-0.00052051,-0.01099270,-0.00007779,0.08802939,-0.
01432002,0.01589988,0.00011589,-0.06190663,-1.10654803,-0.00010151,0.00011780,-0
.00150982,-0.00045734,-0.00875025,0.11591636,0.00246338,-0.00004025,0.00000092,-
0.00332966,0.00041705,0.00000053,-0.00577446,-0.00043490,-0.00039966,-0.00000563
,-0.00214624,-0.00414736,-0.00003742,0.00235186,-0.00332488,-0.00000189,-0.00000
540,0.00035465,-0.00001774,-0.00003595,0.00092844,0.00000729,-0.00009880,0.01072
344,-0.00018412,-0.00003846,0.00000189,-0.00113852,0.00095859,0.00001018,0.00623
270,-0.00165917,-0.00000857,0.08017637,0.00129660,0.00454176,0.00006137,0.010591
77,0.01145328,0.00013742,-0.00284165,0.00127812,0.00000345,0.04629547,0.00286505
,0.00001141,0.00006060,-0.00396194,0.00007885,0.00013189,-0.00697108,-0.00001700
,0.00000413,0.00056563,0.00038666,0.00017896,-0.01851035,-0.11180167,0.07256209,
0.00044632,-0.08374978,0.07393154,0.00054182,0.00010624,0.00114264,0.00000971,-0
.08297909,-0.05537699,-0.00045282,0.27165516,0.07273221,-0.05231094,-0.00041503,
0.06515640,1.07923054,0.00851149,-0.00263596,0.00394125,0.00004529,-0.04552294,-
0.03037030,-0.00037219,-0.08372624,-0.99189480,0.00044754,-0.00041513,0.01176526
,0.00047927,0.00851653,-0.10947986,-0.00001722,0.00004746,-0.00262377,-0.0003825
7,-0.00037784,0.01817261,-0.00049624,-0.00780598,0.09635331,0.00081189,-0.000224
54,0.00039645,0.00105395,0.00103875,0.00077178,-0.00028941,0.00000882,0.00081926
,-0.00086066,0.00031829,-0.00128851,-0.00254518,-0.00409489,0.00180294,0.0026102
4,0.00126425,-0.00050416,0.00033065,0.00081948,0.00140349,0.00042088,0.00023961,
-0.00025404,0.00001243,-0.00000331,0.00547004,-0.00436285,-0.00534537,-0.0043535
2,0.00232756,0.00255437,-0.00219100,-0.00022706,0.00007435,0.00028060,0.00014106
,0.00031853,0.00051808,-0.00061671,0.00030927,-0.00011538,0.00044504,-0.00401533
,0.00446150,0.00104866,0.00184350,-0.00287042,-0.00165841,0.00139220,-0.00411168
,0.00081208,-0.00021878,-0.00039900,0.00105498,0.00105000,-0.00075627,-0.0002891
8,0.00002086,-0.00081925,-0.00086162,0.00029532,0.00128670,-0.00254183,-0.004066
64,-0.00186071,-0.00058383,0.00052617,0.00078586,0.00260638,0.00126127,-0.000498
23,-0.00034030,0.00082188,0.00141384,-0.00040716,0.00023081,-0.00024943,-0.00001
407,-0.00000194,0.00535040,0.00437551,-0.00532719,-0.00429368,-0.00235395,0.0005
3743,0.00057603,-0.00008384,0.00253199,-0.00215174,0.00024567,-0.00008570,0.0002
7449,-0.00012874,-0.00030455,0.00050671,0.00061987,-0.00031116,-0.00012022,-0.00
045125,0.00402835,0.00458210,-0.00112432,-0.00186845,-0.00293360,-0.00078110,0.0
0006591,0.00187641,0.00170240,-0.00136136,-0.00414708,-0.00028413,0.00013772,-0.
00004879,0.00052470,0.00054285,-0.00024361,-0.00005276,0.00031159,0.00061225,-0.
00103286,0.00012241,0.00019716,0.00077005,0.00006658,0.00040329,-0.00014886,0.00
011679,-0.00003790,0.00003395,-0.00003604,-0.00010832,0.00051971,-0.00024142,0.0
0003673,0.00000771,-0.00013553,-0.00008949,0.00004154,0.00111508,0.00163038,-0.0
0096986,0.00026211,-0.00002870,0.00058340,0.00043119,-0.00000384,-0.00013903,0.0
0011248,-0.00006550,-0.00008179,-0.00024348,-0.00005314,-0.00020506,-0.00108905,
-0.00170393,-0.00003595,-0.00009182,-0.00002987,-0.00040321,-0.00053524,0.000003
22,0.00091772,-0.00087581,-0.00490980,0.00008174,0.00019709,0.00006493,0.0001209
4,0.00047636,-0.00004857,-0.00002788,-0.00000414,-0.00007228,-0.00017600,-0.0000
2545,-0.00001693,-0.00060496,0.00082681,0.00368235,-0.00028423,0.00013691,0.0000
5046,0.00052395,0.00053870,0.00025191,-0.00005102,0.00031919,-0.00060219,-0.0010
3254,0.00012544,-0.00019665,0.00077065,0.00007286,-0.00040135,0.00003362,-0.0000
3761,0.00010785,-0.00014894,0.00011624,0.00003948,-0.00031821,-0.00019950,0.0000
8530,0.00051834,-0.00024190,0.00003552,-0.00000705,-0.00014122,-0.00009651,-0.00
004312,0.00112685,0.00160272,0.00106402,0.00026393,-0.00001756,-0.00058427,0.000
43271,0.00000096,0.00014024,-0.00024620,-0.00005642,0.00020421,0.00011198,-0.000
06673,0.00008200,-0.00019829,0.00028007,0.00002435,-0.00109655,-0.00167925,0.000
03221,0.00009291,-0.00002857,0.00040183,0.00053443,0.00001099,-0.00089617,0.0009
6904,-0.00488389,-0.00007924,-0.00019812,0.00005347,-0.00011383,-0.00047557,-0.0
0005396,0.00017257,0.00002485,-0.00001333,0.00002939,0.00000435,-0.00007098,-0.0
0009001,-0.00003940,0.00131992,0.00058576,-0.00090452,0.00365903,-0.04281769,0.0
0112557,-0.00001995,-0.00244850,-0.00225083,-0.00001749,0.00098416,0.00008533,0.
00000113,0.00168035,-0.00082666,-0.00000581,0.01031544,0.00201863,0.00002506,-0.
00008177,-0.00013438,0.00001161,-0.00008200,-0.00013444,-0.00001367,-0.00001159,
-0.00001189,0.00004232,-0.00001163,-0.00001132,-0.00004250,0.03247324,0.00113149
,0.02998942,0.00017231,-0.00206720,0.00148037,0.00000882,0.00003661,-0.00007711,
-0.00000111,-0.00055430,-0.00054209,-0.00001518,0.00127562,0.00005431,0.00006015
,-0.00000452,-0.00002492,0.00003892,-0.00000743,-0.00002731,-0.00003998,0.000025
44,-0.00000257,0.00000786,0.00002432,-0.00000280,-0.00000797,0.00013998,-0.03084
731,-0.00001990,0.00017231,0.00590939,-0.00001619,0.00000871,0.00007697,0.000000
78,-0.00000108,0.00008090,-0.00000387,-0.00001534,0.00154313,0.00001977,0.000060
58,-0.00828100,-0.00020710,-0.00020750,0.00004650,0.00020687,0.00020629,0.000049
11,-0.00007911,-0.00002430,0.00000704,0.00007944,0.00002414,0.00000731,0.0000193
2,-0.00022382,0.00056065,0.00632376,0.00703203,0.00252621,0.00005417,0.00002722,
-0.00072608,-0.00127466,0.00010779,-0.00000023,-0.00136000,-0.00153212,0.0010196
6,0.00000312,0.00200919,0.01068275,-0.00001192,0.00000406,0.00045818,0.00001440,
0.00008801,-0.00150154,0.00125779,-0.00039342,-0.00000239,0.00000099,-0.00046427
,-0.00000315,0.01668645,-0.00050814,0.00038258,-0.00000139,-0.00056194,0.,0.0000
0162,0.00137261,-0.02245046,-0.00000321,-0.00000132,0.00053640,-0.00000385,0.000
00168,-0.00027268,0.00003781,0.00006979,-0.03213033,-0.00405731,0.00075273,0.000
00471,-0.00213052,-0.00573407,-0.00004041,-0.02494300,0.01763792,0.00010085,0.22
606273,0.00246424,-0.00114194,0.00001405,0.00025227,-0.00383227,-0.00000615,-0.0
0226703,0.00441823,-0.00010104,0.03957839,-0.44094283,0.00001691,0.00001307,-0.0
0291476,0.00000227,-0.00000959,-0.00294860,-0.00004105,-0.00008961,0.01840930,0.
00096007,0.00368707,-0.95496288,0.00634920,-0.00208237,-0.00001019,0.00271281,0.
00444447,0.00003287,0.00215754,-0.00022633,-0.00000069,-0.02958093,-0.01131446,-
0.00011295,0.01022109,0.00139667,-0.00167864,0.00000133,-0.00110793,-0.00737836,
-0.00005779,0.00284657,-0.00226514,-0.00001842,-0.02066317,0.00576243,-0.0001609
6,-0.00453289,-0.00225737,0.00001461,-0.00000066,-0.00175305,-0.00000671,-0.0000
5460,0.00063923,0.00002122,-0.00002018,0.00054790,-0.00017959,-0.00015559,0.0266
7673,-0.00002321,0.00002150,-0.00563874,-0.00122581,-0.00095827,0.00147539,0.001
03269,0.00061624,0.00203546,0.00439034,-0.00884891,0.01243241,-0.08135984,-0.014
27409,0.01626445,0.00392834,0.01127329,-0.01578615,0.07285440,-0.00175477,0.0003
9422,0.00020024,-0.00025510,-0.00008882,0.00055832,-0.00012391,0.00216941,-0.003
70820,-0.01708705,0.22342655,-0.40288218,0.00601597,0.00464326,-0.00444552,0.013
62152,-0.21762942,0.00052245,-0.00096232,0.00115720,0.00166239,0.00196144,0.0016
9606,-0.00389715,0.00655676,-0.00754041,0.01883353,-0.39348422,0.45465199,0.0000
3952,0.00715493,-0.01008615,-0.01615554,0.39328369,-0.45630134,-0.00122349,-0.00
093822,-0.00149165,0.00103693,0.00064746,-0.00202719,0.00440019,-0.00866341,-0.0
1254351,-0.08131858,-0.01448610,-0.01709128,0.00391010,0.01105506,0.01596140,-0.
00073371,-0.00034521,0.00041991,0.07281638,-0.00174688,0.00038353,-0.00021326,-0
.00023071,-0.00005254,-0.00058350,-0.00018389,0.00220812,0.00384708,-0.01727293,
0.21212182,0.39940484,0.00601058,0.00467875,0.00466281,-0.00031932,-0.01298360,-
0.01739343,0.01383491,-0.20646585,-0.00055015,0.00095022,0.00116557,-0.00166659,
-0.00198561,0.00165554,0.00390869,-0.00642775,-0.00758897,-0.01970027,0.39001010
,0.46591545,0.00006230,-0.00693173,-0.01010340,-0.00044304,0.01699003,0.01528319
,0.01696512,-0.38970614,-0.46742689,-0.00006661,0.00000230,-0.00005070,0.0000671
0,-0.00001016,0.00004248,-0.00210283,-0.00005556,0.00100984,-0.00112086,0.000099
60,-0.00078651,-0.00041200,-0.00001975,-0.00043154,-0.00118503,0.00100377,-0.000
34579,0.00240513,-0.00110158,0.00094874,0.00221124,-0.00010951,0.00005154,0.0000
5063,-0.00012471,-0.00015318,-0.00007913,-0.00046576,0.00757309,0.01187884,0.001
50744,0.00018021,0.00106874,0.00022018,-0.00037054,-0.00019550,0.00005865,0.0002
0999,0.00075434,-0.00117418,-0.00015094,-0.00214864,0.00011683,-0.00704419,0.000
16378,-0.00001642,-0.00003246,0.00011180,0.00021567,-0.00003509,-0.00101986,0.01
198143,0.01408752,0.00171112,-0.00239951,-0.00194373,-0.00055884,0.00009497,0.00
024199,-0.00026130,0.00006699,0.00018514,0.00013476,0.00030337,0.00080005,-0.000
32059,-0.01079981,-0.01435418,-0.00006648,0.00000156,0.00005069,0.00006728,-0.00
000931,-0.00004250,-0.00210282,-0.00002722,-0.00102882,-0.00111981,0.00008560,0.
00078877,-0.00041313,-0.00002578,0.00043047,0.00240639,-0.00108760,-0.00096252,-
0.00118573,0.00099882,0.00035849,0.00021510,-0.00002398,0.00002197,0.00221048,-0
.00010711,0.00005202,-0.00004955,-0.00012319,-0.00015121,0.00007733,-0.00046643,
0.00791454,-0.01196739,0.00153288,0.00016079,-0.00103698,0.00021198,-0.00037185,
0.00018699,-0.00117461,-0.00017703,0.00213337,0.00005579,0.00022168,-0.00075376,
-0.00002428,-0.00029908,0.00053813,0.00009966,-0.00735357,-0.00016537,0.00001763
,-0.00003306,-0.00011345,-0.00021734,-0.00003724,0.00099482,-0.01206949,0.013746
06,-0.00168851,0.00242963,-0.00192536,0.00056117,-0.00010376,0.00024443,-0.00014
967,-0.00031854,0.00082488,0.00026055,-0.00006532,0.00017415,-0.00002327,-0.0005
5737,0.00104807,0.00034098,0.01089974,-0.01404404,-0.00601640,-0.00352413,-0.000
02980,-0.00015262,0.00003257,-0.00000005,0.00025535,-0.00011903,-0.00000082,-0.0
0043189,-0.00013844,-0.00000068,0.00112699,-0.00022206,-0.00000049,-0.00010776,0
.00001238,-0.00011680,-0.00010722,0.00001101,0.00011670,-0.00001125,-0.00000496,
0.00001716,-0.00001128,-0.00000468,-0.00001725,0.00545607,-0.00513441,-0.0019891
8,-0.00003240,0.00003433,-0.00004605,-0.00000278,0.00014554,0.00004961,-0.000001
03,-0.00025214,-0.00015299,0.00000559,0.00125288,-0.00076254,0.00000076,0.000005
51,0.00003543,-0.00000456,0.00001389,0.00003902,0.00000328,-0.00001117,0.0000030
9,0.00001518,-0.00001176,0.00000370,-0.00001518,0.00395734,0.00281991,-0.0000412
8,-0.00003147,0.00214207,-0.00000004,-0.00000278,0.00034614,0.00000107,-0.000001
18,0.00020522,-0.00000150,0.00000566,-0.00095813,0.00001002,-0.00000008,-0.00076
894,0.00058798,0.00025518,0.00012945,-0.00058811,-0.00025645,0.00012531,-0.00004
266,0.00002790,0.00000268,0.00004248,-0.00002789,0.00000210,0.00003205,0.0000311
1,-0.00122590,-0.00000071,-0.00000426,0.00000326,0.00061577,-0.00022890,-0.00000
256,-0.00000065,0.00000040,0.00000568,-0.00000009,-0.00000822,0.00000360,0.00026
555,0.00000019,0.00001815,0.00113168,-0.00077045,-0.00000295,0.00007592,-0.00127
327,-0.00001807,-0.00000025,0.00000076,-0.00014118,0.00000047,0.00000136,-0.0001
9749,-0.00001688,-0.00000443,-0.00000701,0.00054722,0.00000452,0.00000106,-0.000
22754,-0.00007822,0.00065977,0.00057718,0.00043566,0.00000726,-0.00061508,0.0000
7822,-0.00000153,0.01469991,-0.04627484,-0.00064289,0.00000011,-0.00000775,0.001
22663,-0.00000450,-0.00002384,0.00316347,0.00000606,-0.00006133,0.00654563,-0.00
004232,0.00001153,0.00003050,-0.00255561,-0.00003248,-0.00000566,-0.00144912,0.0
0011396,-0.00028028,0.01376536,0.00025056,0.01274971,-0.00141135,-0.00172317,-0.
00003061,0.00467290,0.00224363,0.00001016,-0.01709513,0.02555185,0.00027423,0.03
686592,-0.89423901,-0.01270740,-0.00000036,-0.00000916,0.00124343,0.00000114,0.0
0000292,-0.00044499,-0.00000250,-0.00001954,0.00284000,-0.00000099,-0.00011392,0
.01443755,0.00001846,0.00000384,-0.00001012,0.00091189,0.00000927,-0.00002372,0.
00289231,-0.00000985,0.00002048,-0.00164867,0.00007482,-0.00033364,0.02763284,0.
00012656,0.00029678,-0.00061220,0.00050742,0.00001048,-0.00153310,0.00043533,0.0
0002259,0.00151404,-0.00122464,-0.00001798,-0.01272114,0.01916913,0.00033463,-0.
01607742,-0.02081547,-0.00031524,0.00099566,0.00111534,-0.00140032,-0.00191445,-
0.00158261,-0.00186730,-0.00396514,0.01050443,-0.01229103,0.08026606,0.01646020,
-0.01558705,-0.00260947,-0.01343937,0.01469184,-0.07129733,0.00154470,-0.0007847
8,0.00032141,-0.00004268,0.00042169,0.00027586,-0.00218988,-0.00061856,0.0016531
1,0.01880301,-0.23749817,0.42087126,-0.00498377,-0.00380259,0.00143500,-0.013801
45,0.24175566,-0.00034096,0.00041511,-0.00078949,-0.00122690,-0.00096603,-0.0011
3332,0.00368804,-0.00618915,0.00636761,-0.01905323,0.43727778,-0.44907657,-0.001
43055,-0.00446117,0.00823453,0.01668248,-0.41478348,0.43735455,-0.00099364,-0.00
109572,-0.00141813,0.00191799,0.00161018,-0.00184363,0.00397507,-0.01032117,-0.0
1242757,-0.08022530,-0.01673212,-0.01643832,0.00259408,0.01323348,0.01489443,0.0
0000019,0.00088644,-0.00016079,0.07125812,-0.00154004,0.00077431,0.00031943,0.00
005985,-0.00041155,0.00025392,0.00213503,0.00068187,0.00175617,-0.01900644,0.225
30879,0.41765944,0.00500182,0.00384313,0.00161282,-0.00087244,0.00014418,-0.0101
1275,0.01403251,-0.22997039,-0.00036500,0.00041364,0.00079794,-0.00122526,-0.000
98620,0.00111965,0.00373078,-0.00610052,-0.00644085,-0.01993741,0.43406862,0.461
22519,-0.00134691,-0.00427377,-0.00825968,-0.00017332,-0.01011174,-0.00014437,0.
01747157,-0.41181098,-0.44910061,-0.00017274,-0.00005343,-0.00008846,0.00001539,
-0.00001132,0.00007050,-0.00045491,0.00000583,0.00025157,-0.00402297,0.00146953,
-0.00264759,-0.00077233,-0.00041777,-0.00006098,0.00107543,-0.00054353,0.0008144
3,0.00259404,-0.00054387,0.00097329,0.00182791,0.00000106,0.00010806,0.00000370,
-0.00009405,0.00016623,0.00010737,0.00067750,0.00815969,0.01499816,0.00114528,0.
00118999,0.00109202,-0.00022727,-0.00071315,-0.00042124,0.00018097,-0.00002669,-
0.00000849,-0.00137321,-0.00055858,-0.00121518,-0.00006186,-0.00833285,0.0001847
6,0.00006467,-0.00004415,0.00000505,0.00011851,-0.00009504,-0.00320350,0.0168677
8,0.01723163,0.00186783,-0.00277154,-0.00071144,-0.00015835,-0.00020338,0.000547
57,0.00029696,-0.00015281,-0.00027181,0.00028237,0.00064798,0.00043450,0.0007508
6,-0.01388125,-0.01708805,0.00017263,0.00005461,-0.00008755,-0.00001547,0.000010
18,0.00007052,0.00045828,-0.00002900,0.00027137,0.00402389,-0.00142846,-0.002664
43,0.00077257,0.00041881,-0.00005350,-0.00259550,0.00052920,0.00097847,-0.001076
70,0.00053205,0.00082055,0.00000006,-0.00019969,-0.00004972,-0.00182961,-0.00000
370,-0.00010900,0.00000151,0.00009385,-0.00016939,0.00010371,-0.00064920,-0.0086
1577,0.01512026,-0.00117306,-0.00116565,0.00106393,0.00022997,0.00072179,-0.0004
0287,0.00137045,0.00056645,-0.00119935,-0.00018516,0.00002904,-0.00001217,0.0002
0116,0.00000972,-0.00068137,0.00006731,0.00873037,0.00018488,0.00006255,0.000045
21,0.00000626,0.00011476,0.00009830,-0.00319291,0.01699063,-0.01677892,0.0018551
2,-0.00279996,0.00068617,-0.00015357,-0.00018480,-0.00055646,0.00029945,0.000662
86,-0.00044092,0.00029280,-0.00015566,0.00027074,-0.00004687,-0.00068160,-0.0000
0977,0.00073029,-0.01400035,0.01669222,-0.00000005,-0.00000079,0.00004414,0.0000
0019,0.00000115,-0.00015868,-0.00000020,-0.00000109,0.00014802,-0.00000003,0.000
00121,-0.00013250,-0.00000060,0.00000021,-0.00004196,0.00004454,-0.00020204,0.00
004901,-0.00004384,0.00020152,0.00005172,-0.00008987,-0.00004873,0.00002374,0.00
008986,0.00004838,0.00002455,0.,-0.00000049,-0.00000882,0.00041381,0.00000113,-0
.00000040,0.00008721,-0.00000147,-0.00000125,0.00011657,-0.00000125,0.00000441,-
0.00015280,-0.00000761,0.00000104,-0.00029547,0.00006449,-0.00015717,0.00002753,
-0.00005522,0.00015921,0.00002831,-0.00004473,-0.00000242,-0.00000860,0.00004498
,0.00000245,-0.00000842,0.00000018,0.00000297,0.00003525,0.00082349,0.00000887,-
0.00016547,-0.00003049,0.00000022,0.00019742,0.00005921,0.00000145,0.00018719,-0
.00046567,-0.00000438,0.00109080,0.00015022,-0.00000043,-0.00065170,-0.00017146,
-0.00010022,-0.00065272,-0.00017038,0.00009749,-0.00001675,0.00000651,0.00000656
,-0.00001600,0.00000670,-0.00000658,-0.00000803,-0.00020813,-0.00000298,-0.00110
815,0.00011736,-0.00034477,-0.00000012,-0.00000631,0.00055004,-0.00005164,0.0005
2257,0.00000374,-0.00171582,0.00025830,0.00039985,0.00000360,0.00109018,0.002104
59,0.00000186,0.00000375,-0.00008471,0.00000700,0.00001824,-0.00036631,-0.000482
54,0.00005655,0.00000009,-0.00066411,0.00048285,0.00000311,-0.31004882,0.0011045
6,0.00107836,0.00000791,0.00177916,0.00363982,0.00002757,-0.03407475,0.61108803,
0.00000756,0.00000730,0.00005832,0.00001235,0.00002683,-0.00008426,-0.00116925,-
0.00495728,1.30373082,-0.00066627,-0.00060272,-0.00000461,0.00102980,-0.00024106
,-0.00000127,0.03065152,-0.01236359,-0.00005597,-0.00778588,-0.00079867,-0.00021
832,-0.00000116,-0.00124807,-0.00106600,-0.00001014,-0.02335360,-0.00603913,0.00
012453,0.00082038,0.00720735,-0.00000601,-0.00000105,-0.00011936,-0.00000845,-0.
00000956,0.00025522,-0.00013431,0.00013084,-0.02538836,0.00000781,0.00013171,-0.
01120276,0.00073492,-0.00072678,-0.00000453,-0.00033284,-0.00061600,-0.00000510,
0.00250189,-0.00237680,-0.00001530,-0.00486345,0.00057819,0.00000090,0.00177202,
-0.00066834,0.00014790,0.00000347,-0.00180046,-0.00164420,-0.00001918,0.00074146
,-0.00512694,-0.00003357,-0.00019045,0.00037992,-0.00000273,0.00156578,0.0009051
7,-0.00000412,0.00000343,-0.00039216,-0.00001354,-0.00001850,0.00090063,0.000006
93,-0.00003536,-0.00035864,-0.00000458,-0.00000229,0.00074717,0.00001299,0.00001
739,-0.00140792,0.00007068,0.00011448,0.00005757,0.00005704,0.00027697,-0.000069
87,0.00045323,0.00164183,-0.00245590,-0.00223089,-0.00053881,0.00031592,0.000012
52,-0.00029578,-0.00025395,0.00232613,0.00002429,-0.00002643,0.00003808,-0.00021
330,-0.00020335,-0.00012214,-0.00144294,-0.00020398,0.00044369,0.00054370,0.0029
5419,-0.00706204,0.00020623,-0.00004113,0.00009226,0.00041123,-0.00329217,-0.000
03703,-0.00000228,-0.00003952,-0.00006000,-0.00013499,-0.00008588,0.00035183,-0.
00111980,0.00195976,-0.00049044,-0.00625422,0.00788441,0.00023277,-0.00005607,0.
00041183,-0.00039059,0.00727783,-0.00863353,0.00007070,0.00011529,-0.00005580,0.
00005689,0.00027579,0.00007397,0.00045082,0.00160540,0.00247731,-0.00223107,-0.0
0054131,-0.00033534,0.00001250,-0.00029943,0.00024925,-0.00014606,-0.00008012,-0
.00007895,0.00232521,0.00002380,-0.00002592,-0.00003786,-0.00021427,-0.00020699,
0.00012017,-0.00143724,-0.00021318,-0.00047634,0.00052867,0.00276537,0.00698967,
0.00020964,-0.00004052,-0.00009847,-0.00008141,0.00018713,0.00015108,0.00041384,
-0.00308578,0.00003750,0.00000260,-0.00004005,0.00005711,0.00013358,-0.00008209,
-0.00037410,0.00109066,0.00197137,0.00048636,0.00618062,0.00807342,-0.00023026,0
.00004928,0.00041125,0.00007731,-0.00015249,0.00027977,0.00040917,-0.00719827,-0
.00883900,0.00039538,-0.00011740,-0.00020828,0.00077719,-0.00076955,0.00028250,0
.13845020,0.02171751,0.00517118,-0.00684203,0.01246940,0.01236574,-0.00001116,0.
00040190,0.00027047,0.00051945,-0.00023716,0.00006356,-0.00107139,0.00077782,-0.
00040321,-0.13814089,-0.00030565,-0.00064975,0.00000223,0.00005913,-0.00149634,-
0.00000424,0.02970892,-0.29406448,-0.57634854,0.00569059,-0.00296366,-0.00578543
,0.00051277,0.00272836,-0.00044898,-0.00144770,0.00105483,0.00000681,-0.00002251
,-0.00044282,-0.00014163,-0.03327172,0.28015690,-0.00055476,-0.00048164,0.000057
11,-0.00062085,-0.00109430,-0.00025502,0.01770050,-0.54936758,-0.64897642,-0.001
39959,0.00605291,0.00994420,0.00055233,0.00145252,-0.00010353,-0.00011951,0.0009
1880,-0.00088667,-0.00281765,0.00144422,-0.00088183,-0.01516826,0.56151086,0.671
74153,0.00039451,-0.00012091,0.00020697,0.00077681,-0.00076670,-0.00029228,0.138
47501,0.02114913,-0.00397083,-0.00682957,0.01265160,-0.01220592,-0.00001022,0.00
040736,-0.00026459,-0.00107510,0.00077365,0.00041405,0.00051939,-0.00023521,-0.0
0006531,0.00599040,-0.00095747,0.00227800,-0.13817411,-0.00031353,-0.00065644,-0
.00001276,0.00005027,-0.00151174,-0.00001362,0.02928737,-0.31018380,0.58121297,0
.00566365,-0.00295737,0.00560809,0.00052005,0.00274208,0.00049015,-0.00006284,-0
.00042435,0.00014808,-0.00144927,0.00106764,0.00001940,-0.00090132,0.01564460,-0
.02046889,-0.03283026,0.29624538,0.00055073,0.00047132,0.00006467,0.00062281,0.0
0107550,-0.00023923,-0.01638516,0.55422274,-0.63288191,0.00146127,-0.00622235,0.
00992545,-0.00054485,-0.00141148,-0.00011818,0.00281683,-0.00143683,-0.00089660,
0.00010049,-0.00089120,-0.00089943,-0.00224913,0.02112850,-0.03069444,0.01377647
,-0.56690272,0.65568627,0.00064242,0.00064155,0.00000497,0.00006668,0.00000924,0
.00000008,0.00021279,-0.00018246,-0.00000116,-0.00023215,-0.00003910,-0.00000034
,0.00018381,0.00013795,0.00000114,0.00001300,0.00001442,-0.00000520,0.00001302,0
.00001435,0.00000542,-0.00006715,0.00003365,0.00014981,-0.00006712,0.00003588,-0
.00014945,-0.00076528,0.00055788,0.00029551,0.00000281,-0.00002521,-0.00001564,-
0.00000042,0.00003139,0.00002529,0.00000042,0.00015084,-0.00006235,0.00000049,0.
00012692,-0.00005064,0.00000036,-0.00001797,-0.00000474,-0.00001643,-0.00001767,
-0.00000493,0.00001625,-0.00006947,0.00003237,0.00003310,-0.00007120,0.00003399,
-0.00003349,-0.00066549,-0.00024886,0.00000438,0.00000286,-0.00005433,-0.0000001
7,-0.00000040,0.00004164,0.00000036,0.00000029,-0.00003066,0.00000101,0.00000038
,-0.00011940,0.00000106,0.00000036,-0.00009046,0.00002219,0.00000286,0.00000643,
-0.00002244,-0.00000300,0.00000660,-0.00012458,0.00008044,0.00005506,0.00012344,
-0.00008070,0.00005341,-0.00000526,-0.00000310,0.00013170,-0.00000005,-0.0000002
8,0.00000017,0.00004063,-0.00001219,-0.00000013,0.00000016,0.00000134,-0.0001926
2,-0.00000058,0.00000071,0.00000002,-0.00006275,-0.00000365,-0.00000071,-0.00009
430,0.00005943,-0.00000019,0.00050835,0.00004946,0.00000129,-0.00000129,-0.00000
375,0.00042976,-0.00000070,0.00000124,-0.00034809,0.00005951,-0.00001301,-0.0000
0855,0.00001059,-0.00001101,-0.00001270,-0.00038320,-0.00034600,-0.01777112,0.00
182398,0.00118878,0.00000984,0.00157491,0.00216470,0.00001340,-0.05184067,1.2464
3029,0.01771161,0.00000024,-0.00000186,0.00028405,0.00000096,0.00000554,-0.00068
476,-0.00001299,-0.00018521,0.02719723,0.00002225,0.00000479,-0.00000005,0.00028
687,0.00000650,0.00000176,0.00090413,0.00004748,0.00029322,-0.02603905,0.0001396
6,0.00003784,-0.00069450,-0.00027995,-0.00000019,-0.00098419,-0.00115054,-0.0000
0271,-0.00456424,-0.01509206,-0.00028022,-0.01937837,-0.00265409,-0.00006009,0.0
0000005,0.00000018,-0.00002959,-0.00000020,-0.00000091,0.00010732,0.00000070,0.0
0000228,-0.00041649,-0.00000133,-0.00001312,0.00191730,0.00000074,0.00000053,0.0
0000089,-0.00017353,-0.00000175,-0.00000266,0.00011214,0.00000781,0.00001790,-0.
00371662,-0.00000387,-0.00000523,0.00169248,0.00000475,0.00000391,-0.00006102,0.
00004904,-0.00000094,0.00023603,0.00026116,0.00000286,-0.00079592,0.00120546,-0.
00001860,0.00040616,-0.00095891,0.00000656,-0.00064451,-0.00027438,-0.00000465,-
0.00002973,-0.00013704,-0.00001305,-0.00004729,-0.00023326,0.00006242,-0.0008669
0,-0.00133868,0.00223150,0.00188180,0.00203775,-0.00121198,0.00015409,0.00018803
,0.00019699,-0.00296804,0.00010303,-0.00004996,-0.00000355,0.00034152,0.00021815
,0.00001830,0.00032049,-0.00047216,-0.00082369,0.00129426,-0.00523382,0.00971730
,-0.00030296,-0.00005071,-0.00007871,-0.00070194,0.00480458,0.00015046,0.0000535
0,-0.00001631,0.00007665,0.00023347,0.00000211,-0.00102991,0.00280341,0.00082163
,0.00113065,0.00828051,-0.00811037,-0.00045947,-0.00056792,0.00013939,0.00082661
,-0.00977542,0.00824057,0.00002957,0.00013715,-0.00001109,0.00004714,0.00023208,
0.00006579,0.00086551,0.00130349,0.00225226,-0.00188166,-0.00202967,-0.00125259,
-0.00015379,-0.00019017,0.00019428,-0.00000017,0.00003579,0.00014525,0.00296612,
-0.00010516,0.00004924,-0.00000320,-0.00034260,-0.00022169,0.00001477,-0.0003048
5,0.00044367,-0.00080602,-0.00132130,0.00497787,0.00967114,0.00030957,0.00005989
,-0.00007552,-0.00003785,0.00000006,-0.00000427,0.00070119,-0.00452659,0.0001489
9,0.00005412,0.00001719,0.00007183,0.00023060,0.00000160,-0.00103244,0.00282295,
-0.00079175,0.00110038,0.00823352,0.00836618,-0.00045512,-0.00056529,-0.00014887
,0.00014473,-0.00000423,0.00000011,0.00084964,-0.00972168,-0.00851663,0.00025999
,-0.00009694,-0.00021201,0.00062014,-0.00061808,0.00018449,0.15003879,0.02028309
,0.00930759,-0.00915253,0.01506640,0.01311823,0.00063913,0.00046001,0.00025206,0
.00067273,-0.00016924,-0.00014934,-0.00121497,0.00092473,-0.00066110,-0.14181392
,-0.00021688,-0.00052295,0.00000876,0.00052046,-0.00095951,-0.00038426,0.0388629
3,-0.31523665,-0.60688648,-0.00254826,-0.00113452,-0.00103994,0.00024776,0.00243
165,-0.00005994,-0.00033057,0.00054044,-0.00027656,-0.00051837,-0.00022527,-0.00
075102,-0.03592232,0.31533178,-0.00065553,-0.00055881,0.00003563,-0.00063763,-0.
00087922,0.00000577,0.03020658,-0.61655037,-0.65226680,-0.00506991,0.00594436,0.
00737593,-0.00001238,0.00179190,-0.00027523,-0.00025297,0.00042599,-0.00109712,-
0.00197054,0.00051418,-0.00003282,-0.02055687,0.59420886,0.64599286,-0.00025900,
0.00010059,-0.00021085,-0.00061962,0.00061639,0.00019259,-0.15008262,-0.01969674
,0.00811151,0.00914337,-0.01525890,0.01292098,-0.00063939,-0.00046558,0.00024440
,0.00121799,-0.00091581,-0.00067285,-0.00067227,0.00017089,-0.00014894,0.0000013
2,-0.00014896,-0.00115494,0.14185950,0.00022619,0.00053067,0.00001709,-0.0005108
8,0.00097732,-0.00037083,-0.03858372,0.33274538,-0.61148687,0.00262126,0.0010629
8,-0.00091672,-0.00024746,-0.00245578,-0.00009916,0.00054726,0.00022861,-0.00074
760,0.00033449,-0.00054224,-0.00029954,0.00014807,-0.00021528,0.01509928,0.03552
056,-0.33234013,-0.00065262,-0.00055062,-0.00004435,-0.00064567,-0.00086449,-0.0
0002411,0.02874342,-0.62112925,0.63480191,-0.00501413,0.00604721,-0.00729523,-0.
00001697,0.00175243,0.00029963,-0.00196158,0.00051593,0.00002646,-0.00025027,0.0
0040281,0.00109846,-0.00115283,0.01509911,0.00021395,-0.01915286,0.59872214,-0.6
2903009,0.00000005,0.00000061,-0.00008522,0.,-0.00000005,0.00000618,0.,0.0000017
9,-0.00024183,-0.00000009,-0.00000090,0.00012936,0.00000001,0.00000023,-0.000028
48,-0.00001447,-0.00000513,-0.00001805,0.00001452,0.00000538,-0.00001797,-0.0000
5070,0.00005420,0.00010418,0.00005073,-0.00005578,0.00010351,-0.00000006,0.00000
008,0.00000051,-0.00006809,0.00000007,0.00000002,-0.00001995,-0.00000164,0.00000
102,-0.00002505,-0.00000023,-0.00000006,0.00005239,-0.00000009,0.00000014,0.0000
3095,0.00000630,0.00001481,0.00000088,-0.00000598,-0.00001493,0.00000057,-0.0000
7572,-0.00000970,0.00000382,0.00007756,0.00000848,0.00000472,-0.00000036,-0.0000
0028,-0.00000609,-0.00000331,-0.00000056,-0.00000767,0.00001760,-0.00000002,0.00
023151,-0.00011783,-0.00000102,0.00002870,-0.00004454,0.00000015,0.00000991,-0.0
0005122,-0.00000016,-0.00002267,0.00000809,-0.00000647,-0.00002275,0.00000779,0.
00000654,-0.00013023,0.00008146,0.00004783,-0.00012903,0.00008220,-0.00004663,0.
00004832,0.00001976,0.00000034,1.13624964,1.04893891,0.52194492,0.00827878,0.006
17629,-0.25997038,-0.00337504,-0.00021187,-0.00000363,0.00217033,0.00221832,0.00
594668,0.00004137,0.00558367,-0.00138990,0.00001369,0.00003998,0.00032174,0.0000
4021,-0.00001715,0.00146536,-0.00151431,-0.00013493,-0.00000206,0.00014307,-0.00
078578,-0.00000543,0.00049754,-0.00213867,-0.00132531,-0.00001358,0.00026861,0.0
0013846,0.00000224,-0.00046120,0.00005531,-0.00001635,-0.00001243,0.00040675,0.0
0000208,0.00000163,-0.00015345,-0.00000364,-0.00000778,0.00110893,0.00484034,-0.
00331744,-0.00002107,0.00149635,0.00004976,0.00000018,-0.00158592,0.00009693,0.0
0000006,0.00092648,0.00959323,0.00252960,0.00002103,0.00024769,0.00060696,-0.000
00835,-0.00111644,0.00001022,0.00000288,-0.00196382,0.00386772,0.00007096,0.0000
1362,0.00035241,0.00000159,-0.00000847,0.00179889,-0.00000859,0.00000358,-0.0004
8405,-0.00001570,-0.00000132,0.00389509,-0.02462822,-0.04730309,-0.00034772,-0.0
0448044,-0.00051831,-0.00000562,0.00232732,0.00030448,0.00000365,-0.00353314,-0.
00294533,-0.00002112,0.05356939,-0.00062702,0.01492881,0.00015092,-0.00316273,-0
.00691431,-0.00004312,0.00153432,0.00017490,0.00000393,0.00491673,-0.00250333,0.
00000863,0.00276926,-0.00775647,-0.00001499,0.00012413,-0.00629223,-0.00002447,-
0.00004160,-0.00112097,0.00001242,0.00000323,-0.00025329,0.00003492,0.00000411,-
0.00331764,0.00004886,-0.00007394,0.00283860,0.00027951,0.00037130,-0.00075259,-
0.00004890,0.00005216,-0.00030460,-0.00003292,0.00010225,-0.00006582,0.00029130,
-0.00014067,0.00040580,0.00041361,-0.00053082,0.00044168,-0.00108985,-0.00088822
,0.00000554,-0.00016953,-0.00005478,0.00006761,-0.00013810,0.00008004,-0.0000176
7,-0.00012941,-0.00017876,-0.00033562,0.00196688,0.00055236,-0.00069155,0.000311
17,-0.00005700,0.00069776,0.00082062,0.00007372,-0.00012442,-0.00000507,-0.00000
693,-0.00005881,-0.00007116,0.00002886,-0.00000868,0.00010918,0.00169979,-0.0013
2752,-0.00045378,0.00019003,-0.00010102,0.00004439,-0.00167396,0.00157666,0.0002
7959,0.00036061,0.00075827,-0.00004925,0.00004780,0.00030532,-0.00003307,0.00010
133,0.00006724,0.00029189,-0.00013294,-0.00040587,0.00041360,-0.00052425,-0.0004
4860,0.00004870,0.00006019,0.00002695,-0.00108975,-0.00087662,0.00000416,0.00017
035,-0.00005501,0.00006552,0.00013981,0.00007887,-0.00001910,0.00012935,-0.00017
495,-0.00028355,-0.00195220,0.00054619,-0.00068429,-0.00031885,0.00006049,-0.000
08797,0.00007099,-0.00005825,0.00065021,-0.00083273,-0.00007146,-0.00012312,0.00
000429,0.00000875,-0.00005636,0.00007226,-0.00002889,-0.00000709,-0.00010981,-0.
00168506,-0.00138018,0.00046220,-0.00019896,-0.00010827,-0.00002602,-0.00007198,
-0.00001305,-0.00004830,0.00166069,0.00162410,0.00022974,0.00011517,-0.00013104,
-0.00006397,-0.00008904,0.00002168,0.00013287,0.00014749,-0.00000326,0.00012199,
-0.00006654,0.00011609,-0.00020776,0.00004058,0.00011275,-0.00000885,0.00003823,
-0.00001900,-0.00001302,-0.00007813,-0.00002374,-0.00015148,0.00012784,0.0000706
5,-0.00006562,0.00001936,0.00002023,-0.00001064,0.00000612,-0.00011014,-0.000356
51,-0.00000006,-0.00000981,0.00012904,-0.00005077,0.00003349,0.00001327,0.000007
28,0.00000262,-0.00003013,0.00001418,-0.00000507,-0.00002337,-0.00001248,0.00008
723,-0.00033225,-0.00024862,-0.00004935,0.00001675,-0.00003580,-0.00000176,0.000
04698,-0.00040035,-0.00032577,-0.00000053,-0.00000301,0.00003127,0.00017251,0.00
008554,-0.00002454,-0.00000983,0.00000209,-0.00000904,-0.00000838,0.00000594,0.0
0000230,-0.00006652,0.00035082,0.00037704,0.00022921,0.00011300,0.00013298,-0.00
006392,-0.00008876,-0.00002302,0.00013292,0.00014697,0.00000588,0.00012213,-0.00
006488,-0.00011692,-0.00020743,0.00004229,-0.00011237,-0.00001306,-0.00007845,0.
00002261,-0.00000889,0.00003796,0.00001954,0.00002309,-0.00000752,-0.00000182,-0
.00015163,0.00012301,0.00006614,0.00006741,0.00001958,0.00001957,0.00001096,0.00
000638,-0.00012097,0.00035944,0.00000008,-0.00000801,-0.00012960,-0.00004828,0.0
0003488,-0.00001247,0.00001403,-0.00000532,0.00002328,0.00000711,0.00000222,0.00
003030,-0.00000758,-0.00001211,0.00002937,-0.00001302,0.00009729,0.00033436,0.00
025040,-0.00004431,-0.00001655,0.00003600,-0.00000114,-0.00004637,0.00040344,-0.
00031499,0.00000064,0.00000238,0.00002933,-0.00017343,-0.00008464,-0.00002627,0.
00000856,-0.00000614,0.00000258,0.00000994,-0.00000189,-0.00000861,0.00000180,-0
.00002878,-0.00005437,0.00006574,-0.00035483,0.00036713,-1.11259046,-0.99893165,
-0.00791191,0.00427177,-0.00646982,-0.00004241,-0.00006750,0.00143181,0.00001015
,-0.00297141,-0.00341029,-0.00002625,-0.02366693,-0.00445836,-0.00005019,0.00016
046,0.00052638,-0.00047475,0.00016021,0.00051945,0.00048231,-0.00006262,-0.00010
396,0.00018310,-0.00006242,-0.00010131,-0.00018469,1.13482890,-1.05647078,-0.544
17119,-0.00637865,-0.00265453,0.00143918,0.00002437,0.00079261,0.00121430,0.0000
0889,0.00057152,-0.00387417,-0.00003016,0.04669349,0.00337787,-0.00000904,0.0001
2098,0.00036460,-0.00037565,0.00012422,0.00035788,0.00037999,-0.00008770,-0.0000
7709,0.00021401,-0.00008757,-0.00007370,-0.00021594,1.01099775,0.54144231,-0.008
32208,-0.00634562,0.26552290,-0.00001521,0.00002218,-0.00219349,0.00000559,0.000
00925,0.00003164,0.00000214,-0.00003244,0.00040240,0.00031444,-0.00003840,0.0084
0563,0.00025843,-0.00009102,0.00006331,-0.00025658,0.00009582,0.00007028,-0.0000
0875,0.00002192,0.00005424,0.00000737,-0.00002386,0.00005064,0.00801464,0.006382
17,-0.27240756,-0.00591543,0.00477240,-0.00353887,0.00002908,-0.00004163,0.00268
481,0.00004196,-0.00085368,-0.00000559,0.00053794,-0.00068589,0.00120048,0.00001
407,0.00035346,-0.00685055,-0.00000439,0.00001397,-0.00082807,0.00000154,-0.0000
6468,0.00225047,0.00026375,0.00011381,0.00000107,-0.00020210,-0.00008836,-0.0000
0099,0.01403947,0.00013501,-0.00005024,0.00000100,0.00001184,-0.00070761,-0.0000
0802,0.02063685,-0.04908280,0.00000122,0.00000099,-0.00017973,-0.00000027,-0.000
00808,0.00041899,0.00023092,0.00060276,-0.13197291,0.00080996,0.00013780,0.00000
164,-0.00026454,-0.00041867,-0.00000260,0.00783179,-0.00875540,-0.00005968,-0.00
597994,-0.00005061,-0.00031821,0.00000008,0.00027255,0.00038414,0.00000958,-0.00
570923,0.00321855,-0.00000219,0.00977465,-0.01519012,0.00000030,0.00000019,-0.00
033372,0.00000233,0.00000918,-0.00093760,-0.00003796,-0.00000394,0.00306586,0.00
008642,0.00014792,-0.03515265,0.00503424,-0.00371590,-0.00002297,0.00012526,0.00
064235,0.00000540,0.00044976,0.00143872,0.00001045,0.00108340,-0.00064327,-0.000
00480,-0.00714793,-0.00385561,0.00252355,0.00002355,0.00051132,0.00548952,0.0000
4868,-0.00025762,0.00057856,0.00000317,0.00009416,0.00008965,-0.00000966,0.00235
209,-0.00890316,-0.00002397,0.00002363,-0.00109108,0.00000446,0.00004876,-0.0012
9803,-0.00000164,0.00000414,0.00011348,0.00000046,-0.00001008,0.00145216,0.00001
111,-0.00008144,0.00271042,-0.00006040,-0.00009551,0.00010601,0.00008117,0.00001
151,0.00012748,0.00052385,-0.00131615,0.00171431,-0.00270994,0.00053084,0.000910
98,0.00009092,0.00061049,-0.00073366,0.00191036,-0.00019582,0.00000981,0.0000709
5,0.00010803,0.00007992,0.00006187,-0.00029684,0.00077458,-0.00095943,-0.0001267
8,0.00489830,-0.01902680,0.00038491,0.00078400,-0.00057166,0.00017407,-0.0054417
2,0.00008587,0.00005745,0.00000552,-0.00001496,0.00011176,0.00025972,-0.00020260
,-0.00032225,-0.00075221,0.00132866,-0.01876451,0.01692161,0.00024577,-0.0001034
3,-0.00087242,-0.00150922,0.01955801,-0.01670852,-0.00006018,-0.00009393,-0.0001
0743,0.00008130,0.00001345,-0.00012751,0.00052559,-0.00129197,-0.00173145,-0.002
70735,0.00052249,-0.00092631,0.00009035,0.00059983,0.00074339,0.00007437,0.00009
306,0.00003175,0.00190686,-0.00019449,0.00001164,-0.00007109,0.00010788,0.000082
43,-0.00006427,-0.00030082,0.00075601,0.00098060,-0.00012940,0.00436203,0.018847
60,0.00038770,0.00077404,0.00059557,0.00009424,-0.00124011,-0.00064715,0.0001747
4,-0.00488642,-0.00008873,-0.00005747,0.00000346,0.00001630,-0.00011428,0.000257
08,0.00019980,0.00034227,-0.00073539,-0.00135333,0.01858607,0.01745528,-0.000239
16,0.00012760,-0.00086188,-0.00003173,0.00061218,0.00121981,0.00153340,-0.019389
28,-0.01726033,-0.00001295,-0.00003183,-0.00002563,-0.00016831,0.00003883,0.0000
5499,-0.01171025,-0.00552320,0.00183837,0.00094392,-0.00219439,-0.00251414,-0.00
010150,-0.00005075,-0.00006808,-0.00006356,0.00004869,-0.00001369,0.00020475,-0.
00020310,-0.00003727,0.01150156,0.00003017,0.00009440,0.00004744,-0.00026235,0.0
0015345,0.00000886,-0.00706335,0.02118178,0.07538195,-0.00025605,0.00124497,0.00
156247,-0.00036485,-0.00061266,-0.00021357,0.00017442,-0.00007961,-0.00000748,-0
.00019924,0.00018480,-0.00010978,0.00789087,-0.01807556,0.00011667,-0.00004899,0
.00002747,0.00029660,-0.00003900,-0.00013924,0.00006801,0.07451730,0.06618060,-0
.00000112,0.00043912,-0.00140548,-0.00037128,0.00008855,0.00003350,-0.00014447,-
0.00004058,0.00003386,0.00042037,-0.00021327,-0.00010896,0.00017553,-0.07560628,
-0.07117327,-0.00001284,-0.00003225,0.00002513,-0.00016790,0.00003956,-0.0000544
6,-0.01170785,-0.00540989,-0.00200450,0.00094105,-0.00222954,0.00248531,-0.00010
200,-0.00005161,0.00006719,0.00020519,-0.00020386,0.00003473,-0.00006374,0.00004
844,0.00001427,-0.00058852,0.00002251,-0.00056473,0.01150173,0.00003189,0.000094
37,-0.00004645,-0.00025809,0.00015296,-0.00000499,-0.00697413,0.02332780,-0.0760
0097,-0.00025429,0.00127298,-0.00152460,-0.00037035,-0.00061430,0.00020391,-0.00
019336,0.00018013,0.00011368,0.00017233,-0.00008028,0.00000605,0.00001339,-0.004
07711,0.00090037,0.00780468,-0.02024197,-0.00011627,0.00004991,0.00002740,-0.000
30034,0.00004321,-0.00013916,-0.00025627,-0.07513454,0.06403219,0.00000019,-0.00
040349,-0.00143063,0.00036589,-0.00009784,0.00003565,-0.00042281,0.00021716,-0.0
0010474,0.00014683,0.00003901,0.00003470,0.00055676,-0.00105219,0.00657273,0.000
03003,0.07634145,-0.06900702,-0.00008812,-0.00020091,-0.00000130,-0.00006479,0.0
0009376,0.00000054,-0.00001402,0.00007418,0.00000062,0.00005164,-0.00027350,-0.0
0000213,0.00047751,0.00004770,0.00000074,-0.00005196,0.00001453,0.00001370,-0.00
005196,0.00001481,-0.00001355,-0.00000516,0.00002787,0.00000442,-0.00000512,0.00
002792,-0.00000400,-0.00024803,0.00001294,-0.00002692,0.00000207,0.00000903,0.00
001525,-0.00000100,-0.00006033,0.00000336,0.00000121,-0.00006601,0.00003771,-0.0
0000237,-0.00011140,-0.00010920,0.00000074,0.00000946,0.00003470,0.00000392,0.00
000922,0.00003587,-0.00000336,0.00001149,-0.00001445,0.00000278,0.00001197,-0.00
001458,-0.00000267,0.00017363,0.00003826,0.00000022,0.00000195,-0.00031607,-0.00
000006,-0.00000095,0.00015583,-0.00000034,0.00000128,-0.00017089,-0.00000065,-0.
00000249,0.00036516,-0.00000039,0.00000083,-0.00022179,-0.00001689,0.00007829,-0
.00000261,0.00001697,-0.00007772,-0.00000377,0.00003316,-0.00001142,-0.00002121,
-0.00003297,0.00001155,-0.00002113,0.00000096,-0.00000131,0.00023647,-0.00464565
,-0.00111372,-0.00182034,-0.00001209,-0.00003210,0.00259247,-0.00029400,-0.00008
734,-0.00000079,0.00248342,-0.00048851,0.00009175,0.00000037,-0.00002521,-0.0032
1486,-0.00000365,0.00000060,-0.00000010,0.00000064,-0.00003050,0.00106117,0.0017
1831,0.00025030,0.00000266,0.00019979,-0.00009283,-0.00000116,0.13908303,-0.0003
1832,-0.00060065,-0.00000588,-0.00090746,-0.00258617,-0.00002660,0.09308023,-0.1
7313266,-0.00000140,-0.00000555,0.00019864,-0.00000697,-0.00002613,0.00107244,0.
00102213,0.00228128,-0.48564570,-0.00178187,0.00001581,-0.00000050,-0.00130675,-
0.00189500,-0.00001393,-0.00305894,-0.01210796,-0.00010028,0.00289966,-0.0007669
9,0.00010456,0.00000542,0.00117021,0.00005330,0.00000509,-0.00300953,0.00070018,
-0.00014840,0.00957839,-0.01081469,-0.00000608,0.00000587,-0.00071796,0.00000792
,0.00000333,-0.00056628,-0.00003542,-0.00015362,0.02127471,0.00008316,0.00009254
,-0.02302509,0.00277677,-0.00115120,-0.00000616,0.00020989,0.00176107,0.00001315
,0.00345003,0.00352301,0.00002840,0.00040398,0.00061970,0.00000321,-0.00398620,0
.00001321,-0.00000558,0.00000558,0.00089330,0.00378690,0.00003347,-0.00011250,0.
00280266,0.00003618,0.00070375,0.00158883,-0.00000613,-0.00312056,-0.00399413,0.
00000214,0.00000492,-0.00078791,0.00000697,0.00003397,-0.00083658,0.00000249,0.0
0003826,-0.00228110,0.00000381,-0.00000618,0.00250499,-0.00002514,-0.00003781,0.
00105787,-0.00011580,-0.00015144,0.00003037,0.00009097,-0.00000982,-0.00006044,-
0.00105514,-0.00008482,0.00651706,-0.00038516,-0.00042810,-0.00005089,0.00009669
,0.00038465,-0.00003589,0.00071343,0.00003600,0.00011396,-0.00001654,0.00007359,
0.00020187,-0.00002224,0.00140396,-0.00007885,-0.00284660,-0.00115035,0.00410904
,-0.00759516,0.00043931,-0.00003897,-0.00015289,-0.00099501,-0.00315886,-0.00003
587,0.00001026,0.00008359,0.00004136,0.00008780,0.00001589,0.00023872,0.00022911
,0.00068504,0.00146914,-0.00778886,0.00582307,-0.00008379,-0.00005505,-0.0000769
7,-0.00195375,0.00828360,-0.00606038,-0.00011581,-0.00015098,-0.00003275,0.00009
095,-0.00001058,0.00006038,-0.00104739,0.00000838,-0.00651961,-0.00038351,-0.000
43766,0.00003747,0.00009655,0.00038403,0.00004157,0.00046268,0.00034878,0.000400
24,0.00070895,0.00003547,0.00011386,0.00001702,0.00007414,0.00020276,0.00002499,
0.00140398,-0.00011601,0.00283685,-0.00113795,0.00389010,0.00756630,0.00043789,-
0.00004195,0.00015389,0.00035474,-0.00062928,-0.00025813,-0.00101334,-0.00292327
,0.00003615,-0.00001000,0.00008369,-0.00004022,-0.00008515,0.00001502,-0.0002207
1,-0.00024052,0.00071446,-0.00149271,0.00776081,0.00604035,0.00009024,0.00005599
,-0.00007384,-0.00039403,0.00025781,-0.00057883,0.00194734,-0.00824006,-0.006291
49,-0.00025104,-0.00020402,0.00033157,-0.00068803,0.00039886,-0.00002878,-0.0698
5651,-0.04181671,0.02436917,0.00199837,-0.00325144,-0.00757252,-0.00199398,0.000
37795,-0.00075036,-0.00021734,0.00030980,0.00046495,0.00042229,-0.00049518,0.000
52800,0.07711465,-0.00002690,0.00025703,0.00021390,-0.00062894,0.00073315,-0.000
01454,-0.04669724,0.08315184,0.23808871,0.00302951,0.00020223,0.00247356,-0.0012
4674,-0.00195387,-0.00075847,0.00130874,-0.00063053,-0.00035886,-0.00042291,0.00
012349,0.00014461,0.04790872,-0.07190329,-0.00019208,-0.00004900,0.00000476,0.00
054563,-0.00000558,-0.00044716,0.02478893,0.23689888,0.23532616,-0.00144546,-0.0
0449288,-0.00560643,-0.00184371,0.00027011,0.00045552,-0.00129774,0.00051873,0.0
0040993,0.00277220,-0.00158210,-0.00031973,-0.02032592,-0.23544846,-0.25546173,-
0.00025087,-0.00019933,-0.00033473,-0.00068743,0.00039839,0.00003419,-0.06979896
,-0.04118939,-0.02530727,0.00198801,-0.00336433,0.00753406,-0.00199695,0.0003675
6,0.00075285,0.00042608,-0.00048943,-0.00053417,-0.00021831,0.00031701,-0.000461
20,-0.00644954,-0.00327397,-0.00294318,0.07706676,-0.00002939,0.00025933,-0.0002
1031,-0.00062112,0.00073262,0.00003065,-0.04606206,0.08995430,-0.24021421,0.0030
1132,0.00017227,-0.00238778,-0.00127373,-0.00196033,0.00072256,-0.00038319,0.000
10291,-0.00013902,0.00128970,-0.00062805,0.00034554,-0.00332005,-0.01001124,0.00
385577,0.04733960,-0.07865388,0.00019139,0.00005240,0.00000230,-0.00055482,0.000
02286,-0.00044724,-0.02579655,-0.23901878,0.22846615,0.00149722,0.00457139,-0.00
556611,0.00182292,-0.00030415,0.00046496,-0.00277710,0.00158758,-0.00030295,0.00
131554,-0.00053317,0.00040842,0.00285926,-0.00436880,0.02570597,0.02138278,0.238
02366,-0.24866326,0.00295995,0.00279192,0.00002244,-0.00009880,-0.00003638,-0.00
000039,0.00036577,-0.00018697,-0.00000123,-0.00037379,-0.00011023,-0.00000091,0.
00094322,0.00010860,0.00000156,-0.00001642,0.00002335,-0.00000683,-0.00001640,0.
00002324,0.00000714,-0.00007887,0.00004973,-0.00005867,-0.00007879,0.00004892,0.
00005936,-0.00360587,0.00265916,0.00148609,0.00002253,0.00005882,-0.00000132,-0.
00000092,-0.00016432,-0.00009465,-0.00000212,-0.00004753,-0.00000582,0.00000108,
0.00001125,-0.00018356,0.00000174,0.00000427,0.00000871,-0.00001085,0.00000457,0
.00000835,0.00001095,0.00009207,0.00003120,0.00003453,0.00009388,0.00003208,-0.0
0003300,-0.00271217,-0.00128109,0.00002149,0.00002260,-0.00145949,0.00000029,-0.
00000098,0.00013284,-0.00000107,-0.00000213,0.00018920,-0.00000046,0.00000104,-0
.00016124,0.00000087,0.00000180,-0.00042694,0.00002241,-0.00001428,0.00000159,-0
.00002236,0.00001440,0.00000193,0.00012464,0.00002834,-0.00006729,-0.00012332,-0
.00002686,-0.00006824,-0.00002247,-0.00002393,0.00185765,-0.01121903,-0.00273022
,-0.00741394,-0.00002711,-0.00006940,0.00210164,-0.00051281,-0.00189831,-0.00001
358,0.00843042,-0.00152063,0.00151292,0.00001301,0.00041318,-0.02507474,-0.00001
088,0.00001280,-0.00043499,0.00000657,-0.00019363,0.00212034,0.00029932,0.000224
00,0.00000173,-0.00228590,-0.00022722,-0.00000305,0.00455315,0.00019984,0.000178
66,0.00000096,-0.00101950,-0.00069456,-0.00000695,0.01168428,-0.01721254,0.00000
156,0.00000098,0.00005962,-0.00000869,-0.00000649,0.00019758,0.00009730,0.000025
50,-0.01984895,-0.00029146,0.00040613,0.00000280,-0.00025194,-0.00081565,-0.0000
0586,0.00891781,-0.00836599,-0.00005452,-0.00840727,-0.00057309,-0.00014542,-0.0
0000045,0.00105783,0.00027322,0.00000383,-0.00741063,0.00441110,0.00002715,0.009
84262,-0.00712529,-0.00000418,0.00000012,-0.00012901,0.00000750,0.00000275,-0.00
017856,-0.00004771,0.00002660,0.00000573,0.00006718,-0.00002221,-0.00321749,0.00
536792,-0.00443121,-0.00002833,-0.00438040,0.00204416,0.00001321,0.00061998,0.00
107336,0.00000808,0.00015094,-0.00107664,-0.00000816,-0.00238410,-0.00462014,0.0
0312968,0.00002180,0.00232694,0.02382296,0.00018542,-0.00125888,-0.00025280,-0.0
0000160,0.00017325,0.00097168,-0.00000006,0.00294897,-0.02668384,-0.00002968,0.0
0002191,-0.00030090,0.00001522,0.00018526,-0.00199972,-0.00000854,-0.00000026,-0
.00012992,0.00000075,-0.00000077,0.00099365,0.00001875,-0.00019973,0.00157059,-0
.00030605,-0.00008878,0.00008985,0.00011239,0.00006476,0.00006925,-0.00007580,-0
.00065982,0.00051020,-0.00037224,0.00018494,-0.00025492,-0.00011093,0.00010726,-
0.00022573,0.00063356,0.00008087,0.00000628,0.00001502,0.00002419,0.00007998,0.0
0004729,-0.00042696,0.00039009,-0.00037954,-0.00002920,0.00073859,-0.00090306,-0
.00010344,-0.00010283,-0.00019383,0.00048660,-0.00095384,-0.00004302,0.00001465,
0.00002137,-0.00003672,0.00000112,-0.00000558,0.00011907,-0.00010950,0.00003241,
0.00009918,-0.00103608,0.00133134,0.00004438,-0.00004164,0.00002843,-0.00019750,
0.00130991,-0.00124698,-0.00030600,-0.00008747,-0.00009148,0.00011243,0.00006574
,-0.00006818,-0.00007506,-0.00065260,-0.00051968,-0.00037242,0.00018012,0.000255
55,-0.00011114,0.00010398,0.00022708,0.00012425,0.00000752,0.00002263,0.00063310
,0.00008027,0.00000671,-0.00001513,0.00002371,0.00008065,-0.00004603,-0.00042566
,0.00038305,0.00038406,-0.00002880,0.00071106,0.00089419,-0.00010302,-0.00010616
,0.00019179,0.00000795,-0.00018350,-0.00009122,0.00048522,-0.00091657,0.00004379
,-0.00001496,0.00002089,0.00003720,0.00000018,-0.00000629,-0.00012528,0.00011375
,0.00003871,-0.00010156,0.00102744,0.00135904,-0.00004602,0.00003984,0.00003197,
-0.00002228,0.00008979,-0.00008313,0.00020661,-0.00130465,-0.00128379,-0.0000307
6,-0.00001998,0.00001681,-0.00051060,-0.00004984,0.00010265,-0.00604756,-0.00115
631,0.00019016,0.00037462,-0.00104105,-0.00077426,-0.00010310,0.00009084,0.00001
799,-0.00000828,0.00000357,0.00001311,-0.00000513,-0.00006135,0.00000251,0.00571
787,-0.00001193,0.00001756,0.00000147,-0.00047801,-0.00006487,0.00017778,-0.0010
7498,0.00627147,0.00838021,-0.00059192,0.00012067,0.00058181,-0.00000220,-0.0001
4442,-0.00005668,0.00003295,-0.00001143,-0.00000517,-0.00012087,0.00003260,0.000
02820,0.00216232,-0.00542181,-0.00003082,0.00005056,-0.00000527,-0.00020945,-0.0
0000423,0.00010800,-0.00002113,0.00828567,0.00992399,-0.00012231,0.00021251,-0.0
0001726,-0.00000298,-0.00008935,0.00001506,0.00001259,-0.00000650,-0.00002036,0.
00001948,-0.00001569,-0.00006092,0.00038332,-0.00876625,-0.00966375,-0.00003077,
-0.00001968,-0.00001713,-0.00051072,-0.00004837,-0.00010406,-0.00604732,-0.00114
381,-0.00022475,0.00037360,-0.00105174,0.00075980,-0.00010308,0.00009099,-0.0000
1683,-0.00000510,-0.00006133,-0.00000332,-0.00000826,0.00000375,-0.00001304,0.00
062955,0.00007348,-0.00004647,0.00571869,-0.00001237,0.00001830,-0.00000114,-0.0
0048074,-0.00006236,-0.00018076,-0.00106539,0.00650979,-0.00843012,-0.00059294,0
.00013198,-0.00058037,-0.00000230,-0.00014647,0.00005437,-0.00012055,0.00003276,
-0.00002700,0.00003312,-0.00001160,0.00000533,0.00007242,-0.00080472,0.00033576,
0.00215734,-0.00567263,0.00003062,-0.00005024,-0.00000599,0.00020191,0.00000175,
0.00010561,-0.00001233,-0.00833567,0.00968543,0.00011432,-0.00021159,-0.00002755
,0.00000281,0.00008715,0.00001709,-0.00002114,0.00001695,-0.00006111,-0.00001210
,0.00000663,-0.00002022,0.00004855,-0.00034319,-0.00027749,-0.00033501,0.0088256
4,-0.00941376,0.00702965,0.00864551,0.00006643,-0.00020286,0.00007386,0.00000036
,0.00014139,0.00004055,0.00000035,-0.00012164,-0.00011236,-0.00000080,0.00105390
,0.00003679,0.00000100,0.00000820,0.00001818,-0.00001781,0.00000822,0.00001793,0
.00001808,-0.00001661,0.00001116,0.00001778,-0.00001659,0.00001141,-0.00001764,-
0.00788367,0.00910739,0.00268926,0.00003386,0.00003071,0.00012681,0.00000025,-0.
00001856,0.00001575,-0.00000015,0.00000249,-0.00008759,0.00000023,-0.00034768,-0
.00048780,-0.00000206,-0.00001531,0.00000392,-0.00001507,-0.00001476,0.00000376,
0.00001506,-0.00000062,0.00000497,-0.00000248,-0.00000063,0.00000495,0.00000258,
-0.00874303,-0.00227403,0.00006972,0.00003360,-0.00132735,0.00000005,0.00000028,
0.00009360,-0.00000007,-0.00000012,0.00003541,0.00000002,0.00000017,-0.00011990,
-0.00000174,-0.00000184,-0.00022625,0.00003971,0.00000397,0.00000362,-0.00003991
,-0.00000395,0.00000376,-0.00000084,0.00000182,-0.00000199,0.00000082,-0.0000017
0,-0.00000200,-0.00006773,-0.00003222,0.00154112,-0.03702414,-0.03556325,-0.0132
1362,-0.00027791,-0.00015366,0.00547770,-0.00137145,0.00104704,0.00000656,0.0015
9144,0.00177758,-0.00022779,-0.00000209,-0.00196927,-0.00080234,0.00001176,-0.00
000251,0.00020835,-0.00001297,-0.00000490,-0.00027397,-0.00050649,0.00017723,0.0
0000093,0.00000407,-0.00014721,-0.00000106,0.00410475,0.00022590,0.00023448,0.00
000123,-0.00026284,-0.00019473,-0.00000170,-0.00035646,-0.00140831,0.00000127,0.
00000120,0.00007997,-0.00000188,-0.00000163,0.00002231,0.00000160,0.00001188,-0.
00310326,-0.00251931,0.00168119,0.00001020,-0.00072178,0.00032524,0.00000209,-0.
00044666,0.00076930,0.00000512,-0.00049109,-0.00108061,-0.00000314,-0.00000479,0
.00064470,0.00050785,0.00000634,0.00053869,-0.00014369,-0.00000210,0.00272960,0.
00222391,-0.00000948,-0.00000321,0.00058204,0.00000437,0.00000616,-0.00032950,0.
00000347,-0.00000197,0.00019407,0.00002014,0.00002945,-0.00168710,0.01267545,-0.
00379568,-0.00001982,0.00071596,-0.00090364,-0.00000621,-0.00104056,0.00043151,0
.00000228,0.00445166,-0.00351322,-0.00002309,-0.01668077,-0.00547934,0.00147094,
0.00000684,0.00005712,0.00164733,0.00000950,0.00004484,-0.00011200,-0.00000322,-
0.00535333,-0.00257315,-0.00002894,0.01070229,-0.00153965,-0.00003182,0.00000781
,0.00006990,0.00000063,0.00000895,0.00031973,-0.00000047,-0.00000300,0.00034296,
-0.00003621,-0.00002789,0.00105572,0.00006780,0.00000860,-0.00188467,-0.00087160
,-0.00033683,0.00024365,0.00009623,0.00008069,0.00013064,-0.00002915,-0.00004733
,0.00007407,0.00006946,0.00018424,-0.00037984,-0.00045243,0.00039686,-0.00042292
,0.00101615,0.00018094,-0.00004973,0.00000359,0.00010229,0.00004780,0.00004932,0
.00003680,-0.00000567,-0.00004282,-0.00003451,0.00017153,-0.00050981,-0.00010512
,0.00032691,-0.00021198,-0.00022252,-0.00039190,-0.00009605,-0.00002482,0.000152
48,-0.00001705,0.00003566,0.00000964,0.00002878,0.00000374,0.00004307,-0.0000289
0,-0.00044661,0.00014706,-0.00006718,-0.00013768,0.00005566,0.00024533,0.0006810
0,-0.00035894,-0.00087142,-0.00033334,-0.00024961,0.00009636,0.00008258,-0.00012
938,-0.00002903,-0.00004627,-0.00007482,0.00006899,0.00017829,0.00038233,-0.0004
5300,0.00039064,0.00042795,0.00008391,0.00000196,-0.00004411,0.00101672,0.000179
56,-0.00004999,-0.00000627,0.00010209,0.00004900,-0.00004864,0.00003716,-0.00000
622,0.00004216,-0.00003550,0.00015789,0.00050992,-0.00010631,0.00032187,0.000215
65,0.00000139,-0.00011848,-0.00005646,-0.00021823,-0.00037248,0.00009745,0.00002
155,0.00015257,0.00001861,-0.00003500,0.00000831,-0.00002833,-0.00000450,0.00004
350,0.00002830,0.00044697,0.00016117,0.00006509,0.00014192,0.00006126,0.00004431
,0.00005577,-0.00007013,-0.00024689,-0.00068144,-0.00037893,-0.00002443,-0.00002
676,0.00001676,-0.00012140,0.00004739,0.00001996,-0.00093075,-0.00032824,0.00001
659,-0.00001091,-0.00004204,-0.00009314,-0.00024523,0.00006560,0.00009799,-0.000
02227,0.00000740,0.00000023,0.00003797,0.00002207,-0.00000193,0.00119796,-0.0000
0569,0.00000385,0.00001392,-0.00010107,-0.00000692,0.00001534,-0.00019180,0.0007
8438,0.00113167,0.00001200,-0.00014126,-0.00011996,0.00002846,0.00000537,0.00002
086,-0.00000207,-0.00002001,0.00000024,-0.00000031,0.00002930,0.00002487,0.00025
865,-0.00052418,0.00003092,0.00001764,-0.00001309,-0.00004454,-0.00000356,0.0000
1108,0.00008010,0.00107014,0.00118778,-0.00005889,-0.00004728,-0.00006242,-0.000
00952,-0.00002536,0.00005891,0.00000807,-0.00000948,0.00000761,0.00001977,0.0000
1138,0.00001876,-0.00003587,-0.00105212,-0.00117480,-0.00002437,-0.00002650,-0.0
0001716,-0.00012143,0.00004767,-0.00001944,-0.00093063,-0.00032672,-0.00002367,-
0.00001109,-0.00004342,0.00009258,-0.00024513,0.00006697,-0.00009739,0.00003799,
0.00002206,0.00000226,-0.00002226,0.00000739,-0.00000016,0.00011349,-0.00000162,
0.00001775,0.00119787,-0.00000523,0.00000430,-0.00001368,-0.00010167,-0.00000675
,-0.00001571,-0.00018932,0.00081585,-0.00113719,0.00001102,-0.00014363,0.0001188
2,0.00002835,0.00000532,-0.00002159,0.,0.00002982,-0.00002472,-0.00000196,-0.000
02013,-0.00000064,-0.00000141,-0.00013096,0.00003819,0.00025688,-0.00055432,-0.0
0003101,-0.00001742,-0.00001359,0.00004294,0.00000336,0.00001094,-0.00008523,-0.
00107581,0.00115619,0.00005912,0.00004607,-0.00005988,0.00000958,0.00002467,0.00
005887,-0.00001975,-0.00001120,0.00001823,-0.00000813,0.00000909,0.00000773,-0.0
0001760,-0.00003952,-0.00003753,0.00004225,0.00106126,-0.00114458,0.03053777,0.0
3717689,0.00028639,-0.00016801,0.00065898,0.00000459,-0.00019555,-0.00005887,-0.
00000055,-0.00038927,0.00040378,0.00000266,0.00127405,-0.00089166,-0.00000555,0.
00007170,0.00001070,-0.00002331,0.00007177,0.00001037,0.00002354,0.00000557,0.00
000344,-0.00000777,0.00000556,0.00000334,0.00000782,-0.03121358,0.03977012,0.011
83070,0.00015491,0.00048160,-0.00101344,-0.00000704,0.00005010,0.00003593,0.0000
0005,-0.00010502,-0.00005631,-0.00000045,-0.00276664,0.00044707,0.00000259,-0.00
005443,0.00000973,-0.00003036,-0.00005337,0.00000923,0.00003049,-0.00000266,0.00
000042,0.00000046,-0.00000270,0.00000050,-0.00000050,-0.03731698,-0.01126384,0.0
0030487,0.00015342,-0.00669633,0.00000333,-0.00000694,0.00001313,0.00000023,-0.0
0000002,0.00003340,-0.00000097,-0.00000016,-0.00000115,-0.00001891,0.00000366,-0
.00013834,0.00007644,-0.00000440,-0.00000467,-0.00007712,0.00000461,-0.00000424,
-0.00000300,0.00000469,0.00000369,0.00000296,-0.00000473,0.00000362,-0.00028783,
-0.00015013,0.00679089,-0.30025357,-0.24491464,-0.14645104,-0.00200668,-0.002283
19,0.15410286,-0.00115992,-0.00008329,-0.00000044,0.00475387,-0.00075688,0.00024
832,0.00001157,-0.00728731,-0.06567007,-0.00000524,0.00001196,-0.00143585,-0.000
05806,-0.00058211,0.01539878,0.00080790,0.00059267,0.00000403,-0.00056236,-0.000
05015,-0.00000078,-0.00156873,0.00059583,0.00064168,-0.00000322,-0.00051633,-0.0
0027129,-0.00000352,0.00047144,-0.00330110,0.00000406,-0.00000322,0.00114112,-0.
00000411,-0.00000325,0.00018057,0.00000793,0.00004472,-0.00953657,-0.00163777,0.
00290004,0.00002207,-0.00179574,-0.00135260,-0.00000752,0.00276401,0.00020970,0.
00000071,0.01105256,-0.00289808,-0.00094242,0.00002064,0.00021871,-0.00002840,0.
00003902,-0.00077305,-0.00013777,-0.00003087,0.01371616,-0.03121073,-0.00001926,
0.00002397,-0.00407094,0.00000368,0.00003812,-0.00548400,-0.00000630,-0.00003031
,0.00413081,0.00016590,0.00055267,-0.10763222,0.02232510,0.00683383,0.00006384,0
.00030145,0.00873713,0.00007068,0.00015208,0.00076852,0.00000591,0.00650247,0.00
193561,0.00000855,-0.03837020,-0.00489417,0.00593224,0.00006821,0.00544704,0.065
71293,0.00057366,-0.00159497,-0.00083131,-0.00000258,-0.00166154,0.00240144,-0.0
0009535,-0.00794077,-0.07581371,-0.00001976,0.00007494,-0.00402984,0.00004722,0.
00057555,-0.01431879,-0.00001094,-0.00000123,-0.00059725,-0.00001709,-0.00009328
,0.01564235,-0.00008866,-0.00066957,0.01747190,-0.00060534,-0.00029727,0.0010207
2,0.00044420,0.00030323,0.00103791,-0.00043596,-0.00040134,0.00268341,-0.0078870
1,-0.00615629,-0.00224341,-0.00045142,0.00200948,-0.00373998,0.00930625,-0.00005
135,-0.00019146,0.00015500,0.00060644,0.00039460,0.00073445,0.00097869,0.0003599
4,-0.00054984,-0.00624163,0.01521224,-0.05309198,0.00012465,0.00241876,-0.002988
09,0.00512054,-0.01488242,-0.00053640,-0.00005802,0.00093650,-0.00025396,-0.0002
5672,0.00137641,-0.00027074,0.00094200,-0.00145948,-0.00188295,-0.05234740,0.048
76633,0.00079371,0.00017328,-0.00408498,0.00206718,0.05303884,-0.04953177,-0.000
60478,-0.00028273,-0.00102662,0.00044510,0.00031772,-0.00103455,-0.00043320,-0.0
0036199,-0.00268767,-0.00789157,-0.00624699,0.00208908,-0.00045483,0.00195608,0.
00377240,-0.00027810,-0.00065694,0.00021890,0.00931083,-0.00005879,-0.00018985,-
0.00017112,0.00060361,0.00040160,-0.00074764,0.00097408,0.00036515,0.00057699,-0
.00632804,0.01371616,0.05258500,0.00013244,0.00237730,0.00308035,-0.00065164,-0.
00323588,-0.00186549,0.00520959,-0.01337744,0.00053384,0.00004163,0.00093432,0.0
0026152,0.00024319,0.00136851,0.00028584,-0.00091640,-0.00146745,0.00172744,0.05
184051,0.05026697,-0.00078773,-0.00007889,-0.00404011,-0.00023307,0.00176253,0.0
0393283,-0.00192512,-0.05251740,-0.05104134,-0.00011718,-0.00005240,-0.00029069,
0.00003574,-0.00002155,-0.00007261,-0.00034409,-0.00022408,-0.00065879,-0.000522
42,-0.00028318,-0.00059811,-0.00008213,0.00016534,0.00011522,-0.00032770,0.00034
774,0.00026316,0.00032550,-0.00002330,0.00033765,0.00093163,-0.00009636,0.000023
68,0.00005133,0.00000565,-0.00008333,-0.00009150,-0.00006804,0.00170073,0.004995
59,-0.00011073,-0.00003651,0.00103673,0.00009095,0.00000958,0.00014647,0.0004454
5,-0.00016491,-0.00010513,-0.00035056,0.00010498,-0.00042469,-0.00001743,-0.0012
0563,0.00008082,0.00003245,0.00008628,0.00000708,-0.00002943,0.00000647,-0.00046
959,0.00486681,0.00403902,0.00000833,0.00015110,-0.00041871,-0.00009479,-0.00000
257,-0.00006918,-0.00042534,0.00038210,0.00024681,0.00024226,-0.00009411,-0.0000
2957,0.00076790,-0.00540368,-0.00429398,-0.00011742,-0.00005650,0.00028968,0.000
03566,-0.00002262,0.00007233,-0.00034538,-0.00022781,0.00065061,-0.00052309,-0.0
0029151,0.00059391,-0.00008211,0.00016697,-0.00011287,0.00032617,-0.00001859,-0.
00033755,-0.00032790,0.00035191,-0.00025883,0.00008107,0.00007799,-0.00006386,0.
00093338,-0.00009514,0.00002489,-0.00005232,0.00000564,-0.00008503,0.00009020,-0
.00006894,0.00184179,-0.00502700,-0.00010941,-0.00001965,-0.00103117,0.00008976,
0.00001161,-0.00014521,-0.00034757,0.00009756,0.00042610,0.00043922,-0.00016088,
0.00009982,0.00007692,-0.00036229,0.00012717,-0.00001276,-0.00136031,-0.00008242
,-0.00003339,0.00008531,-0.00000696,0.00002810,0.00000825,0.00046366,-0.00489841
,0.00389924,-0.00001001,-0.00014575,-0.00043489,0.00009607,0.00000392,-0.0000712
3,-0.00024683,0.00009590,-0.00002282,0.00043099,-0.00038751,0.00024297,0.0000645
1,-0.00013901,0.00047452,-0.00076220,0.00544550,-0.00414105,0.28136298,0.2353602
9,0.00192408,-0.00249801,0.00013304,-0.00000215,-0.00003427,-0.00031394,-0.00000
207,-0.00006143,0.00077863,0.00000595,0.01015958,0.00634654,0.00005446,-0.000091
07,-0.00020954,-0.00006135,-0.00009105,-0.00020987,0.00005845,0.00001958,0.00002
309,-0.00005281,0.00001961,0.00002225,0.00005320,-0.28878592,0.25316958,0.140903
96,0.00220309,0.00099984,-0.00061934,-0.00002451,-0.00046172,-0.00036782,-0.0000
0053,-0.00102196,0.00104565,0.00001233,-0.01077213,-0.00221884,0.00002008,-0.000
02460,-0.00000843,0.00005254,-0.00002340,-0.00000113,-0.00005030,0.00003194,0.00
001371,-0.00002983,0.00003293,0.00001233,0.00003064,-0.24193048,-0.13876009,0.00
205103,0.00219287,-0.14774976,0.00000403,-0.00002501,0.00289964,-0.00000312,-0.0
0000045,-0.00033000,-0.00000688,0.00001336,-0.00076569,-0.00006757,0.00002991,-0
.00590286,0.00007940,0.00046110,-0.00015982,-0.00007966,-0.00045908,-0.00016713,
0.00007176,-0.00006613,-0.00004165,-0.00007123,0.00006692,-0.00004029,-0.0019777
6,-0.00221350,0.15225756,-0.01059475,-0.03286412,-0.00273174,-0.00024051,-0.0000
4036,0.00028314,0.00063416,0.00388030,0.00002677,0.00931535,0.00502748,-0.009324
40,-0.00007916,-0.01310063,-0.04720323,0.00003495,-0.00007981,0.00218404,-0.0000
8868,-0.00035194,0.00111032,0.00001156,-0.00005749,-0.00000027,-0.00037346,0.000
01025,-0.00000018,0.01424435,0.00032223,0.00011169,0.00000263,-0.00046226,0.0000
0217,-0.00000071,0.00386747,-0.01575911,0.00000244,0.00000241,-0.00023124,-0.000
00355,-0.00000044,0.00006498,0.00004876,0.00005156,-0.02267993,0.00128527,-0.000
30197,-0.00000141,-0.00043034,-0.00140340,-0.00001064,0.00450648,-0.00181573,-0.
00001106,-0.00733089,-0.00084495,-0.00058361,-0.00000461,0.00034733,-0.00386647,
-0.00003216,-0.00034511,0.00133714,0.00000055,0.00277699,-0.00197775,-0.00000528
,-0.00000430,-0.00000514,0.00000184,-0.00003316,0.00067271,-0.00000058,-0.000000
29,0.00123153,0.00001657,-0.00000024,-0.00172011,-0.00954773,0.00604480,0.000036
21,-0.00916832,0.00940259,0.00006393,-0.00012730,0.00151965,0.00001059,0.0008831
4,-0.00052509,-0.00000336,0.01961732,0.00238706,0.00175852,-0.00000352,0.0088435
2,0.06369517,0.00048598,-0.00077288,-0.00038222,-0.00000523,0.00210112,0.0047421
6,0.00003343,-0.01243847,-0.07166274,0.00001013,-0.00000142,0.00244465,0.0000599
4,0.00048630,-0.00376367,-0.00000575,-0.00000391,0.00028890,0.00001536,0.0000319
3,0.00022137,-0.00007768,-0.00052136,0.00046918,0.00004000,-0.00000858,-0.000008
14,0.00005050,-0.00009822,-0.00007449,-0.00002296,-0.00030416,0.00023316,0.00009
885,0.00034761,0.00007160,-0.00030383,-0.00016731,0.00013906,0.00003314,-0.00001
904,-0.00002989,0.00002796,0.00006545,-0.00005766,-0.00006661,0.00003777,-0.0000
3448,0.00006315,0.00006144,0.00024574,-0.00001824,-0.00040916,-0.00004790,-0.000
04093,0.00015908,-0.00012342,0.00000400,0.00000939,-0.00002084,0.00005315,0.0000
8909,0.00003889,0.00005279,-0.00002924,0.00004900,-0.00001861,-0.00014382,-0.000
19536,0.00001381,0.00001559,0.00000023,-0.00014563,0.00006165,0.00005052,0.00004
000,-0.00000868,0.00000809,0.00005047,-0.00009917,0.00007310,-0.00002263,-0.0003
0083,-0.00023756,0.00009891,0.00034843,-0.00006630,-0.00030365,-0.00016529,-0.00
014178,0.00007128,0.00006888,0.00004007,0.00003280,-0.00001895,-0.00002936,-0.00
002810,0.00006613,-0.00005732,0.00006531,0.00003859,-0.00003398,-0.00006429,0.00
006114,0.00024333,0.00002456,-0.00040896,-0.00004825,0.00003977,0.00006944,0.000
04562,0.00000261,0.00015706,-0.00012163,-0.00000420,-0.00000953,-0.00002137,-0.0
0005220,-0.00009057,0.00003857,-0.00005233,0.00002772,0.00004817,0.00001982,0.00
015047,-0.00019301,-0.00001999,-0.00001647,0.00000040,-0.00003914,-0.00000366,0.
00012510,0.00014787,-0.00006392,0.00004907,-0.00010643,-0.00000726,0.00008494,0.
00007013,0.00012660,-0.00002573,-0.00902135,-0.00145080,0.00125667,0.00029731,-0
.00088739,-0.00083190,-0.00049333,0.00023188,0.00019671,-0.00002529,-0.00001136,
-0.00000415,0.00006839,0.00008735,0.00000874,0.00835729,-0.00002145,-0.00006088,
0.00001893,0.00000786,-0.00005144,-0.00005164,-0.00135273,0.00727684,0.01017628,
-0.00059851,-0.00014603,0.00027768,0.00007309,0.00014732,0.00004520,-0.00001369,
-0.00003997,-0.00000583,0.00002848,0.00002718,0.00001083,0.00173070,-0.00611783,
-0.00004874,-0.00001780,0.00001038,0.00003196,-0.00006991,-0.00001993,0.00077846
,0.00938261,0.01076465,-0.00040256,0.00003557,-0.00012024,0.00016306,0.00015168,
0.00008098,-0.00001079,-0.00001146,-0.00000119,0.00011365,0.00000072,-0.00003539
,-0.00065366,-0.00995799,-0.01030130,-0.00010639,-0.00000607,-0.00008517,0.00007
014,0.00012614,0.00002763,-0.00901897,-0.00142178,-0.00129970,0.00029591,-0.0008
9912,0.00081965,-0.00049292,0.00023484,-0.00019404,0.00006853,0.00008746,-0.0000
0738,-0.00002531,-0.00001143,0.00000396,0.00083885,0.00014768,0.00004007,0.00835
573,-0.00002212,-0.00006085,-0.00001997,0.00000825,-0.00005316,0.00005118,-0.001
32962,0.00755637,-0.01022354,-0.00060388,-0.00014154,-0.00027868,0.00007546,0.00
015011,-0.00004413,0.00003010,0.00002733,-0.00000990,-0.00001385,-0.00004021,0.0
0000525,0.00014767,-0.00104091,0.00048389,0.00170959,-0.00640261,0.00004830,0.00
001677,0.00001030,-0.00003174,0.00006958,-0.00001821,-0.00082013,-0.00942998,0.0
1048273,0.00039447,-0.00003691,-0.00012331,-0.00016265,-0.00015042,0.00007778,-0
.00011311,0.00000027,-0.00003569,0.00001056,0.00001089,-0.00000094,-0.00003659,-
0.00049341,-0.00036107,0.00069944,0.01001554,-0.01001497,0.01834432,0.02332906,0
.00017950,-0.00021863,0.00000835,0.00000011,-0.00017572,0.00004622,0.00000024,0.
00029536,-0.00031870,-0.00000224,-0.00006339,-0.00025447,-0.00000195,-0.00001022
,-0.00004053,0.00001196,-0.00001027,-0.00004037,-0.00001254,0.00001444,-0.000001
42,-0.00001144,0.00001443,-0.00000161,0.00001146,-0.01819033,0.02605386,0.010950
51,0.00012620,0.00034404,-0.00308366,-0.00001959,-0.00009626,-0.00007442,-0.0000
0045,-0.00027720,0.00014703,-0.00000076,-0.00333392,0.00164782,0.00000855,-0.000
01429,0.00001464,0.00001047,-0.00001502,0.00001461,-0.00001012,0.00003262,0.0000
0571,0.00000269,0.00003269,0.00000546,-0.00000233,-0.02272652,-0.00962770,0.0001
9893,0.00012463,-0.00465393,0.00000250,-0.00001978,-0.00030769,-0.00000078,-0.00
000037,-0.00001879,-0.00000194,-0.00000079,0.00023157,-0.00002391,0.00001032,0.0
0018018,-0.00005251,-0.00001214,-0.00001068,0.00005231,0.00001246,-0.00001060,0.
00000498,-0.00002003,-0.00001688,-0.00000447,0.00002035,-0.00001662,-0.00017510,
-0.00011464,0.00462344,-0.55175089,-0.48532151,-0.29964663,-0.00394160,-0.004467
34,0.28793112,-0.00265656,-0.00215547,-0.00001183,0.00471832,0.00145181,0.004578
20,0.00009634,-0.00372639,-0.04206888,0.00001389,0.00009427,-0.00881947,-0.00002
784,-0.00035148,0.00693530,0.00053646,0.00230273,0.00001627,-0.00022936,-0.00002
477,-0.00000026,0.00063372,0.00102586,0.00082051,0.00000076,-0.00015736,-0.00017
211,-0.00000070,0.00003551,-0.00299127,0.00000716,0.00000149,0.00079649,-0.00000
120,-0.00000062,-0.00008645,0.00000369,0.00001690,-0.00535934,0.00029292,0.00219
967,0.00001180,-0.00143675,-0.00137113,-0.00001010,0.00047241,-0.00011125,-0.000
00220,0.00668955,-0.00262330,-0.00623004,-0.00009625,-0.00023451,-0.00122485,-0.
00000271,-0.00133142,0.00094543,-0.00001484,0.00779221,-0.01645828,-0.00002259,-
0.00009348,0.00706039,-0.00000200,-0.00000337,-0.00086310,-0.00001090,-0.0000141
4,0.00292026,0.00009524,0.00033239,-0.06245744,0.02475578,0.03534859,0.00026902,
0.00316602,0.00219785,0.00002079,0.00021660,-0.00017583,-0.00000121,0.00279642,0
.00216645,0.00001510,-0.02933232,-0.00139505,0.01556269,0.00014522,0.00194879,0.
04171723,0.00033957,-0.00070335,-0.00039385,-0.00000418,-0.00025158,0.00366334,0
.00000171,-0.01463120,-0.05576133,0.00000709,0.00016631,-0.00492076,0.00001902,0
.00033972,-0.00575989,-0.00000497,-0.00000387,0.00013534,-0.00000214,0.00000310,
0.00340295,-0.00012886,-0.00050181,0.01345259,-0.00027044,-0.00006276,-0.0006461
6,0.00020519,0.00006846,0.00021192,-0.00024818,-0.00017716,0.00124515,-0.0036835
8,-0.00333616,0.00010258,0.00007734,0.00103987,-0.00128697,0.00386962,-0.0001562
7,0.00061289,-0.00116957,0.00027071,0.00033242,0.00017889,0.00045141,0.00023381,
-0.00056071,-0.00324421,0.00774026,-0.02608210,0.00026287,0.00067064,-0.00093502
,0.00252961,-0.00738985,-0.00027315,-0.00021792,-0.00018406,-0.00010327,-0.00025
929,0.00061232,-0.00008416,0.00053856,-0.00105829,-0.00089384,-0.02662371,0.0269
9194,0.00072382,0.00059588,-0.00210871,0.00048312,0.02658418,-0.02654571,-0.0002
7149,-0.00007222,0.00064509,0.00020531,0.00007118,-0.00021139,-0.00024685,-0.000
15879,-0.00124662,-0.00368439,-0.00336450,-0.00018599,0.00007668,0.00102206,0.00
130417,-0.00018145,-0.00024828,0.00016234,0.00387065,-0.00016149,0.00059295,0.00
118046,0.00026942,0.00033133,-0.00018258,0.00044950,0.00023323,0.00057966,-0.003
28614,0.00699292,0.02579321,0.00027205,0.00066523,0.00097487,-0.00024483,-0.0018
3942,-0.00097592,0.00256634,-0.00663588,0.00027078,0.00022892,-0.00016307,0.0001
0665,0.00025537,0.00061329,0.00009151,-0.00052033,-0.00105904,0.00081164,0.02633
472,0.02774010,-0.00071750,-0.00055515,-0.00210264,-0.00016844,0.00091990,0.0020
6964,-0.00041144,-0.02629738,-0.02730071,-0.00007889,-0.00003896,-0.00038151,-0.
00004953,-0.00001303,-0.00002296,-0.00046723,0.00020630,-0.00042396,-0.00015875,
-0.00025449,-0.00043719,0.00006568,0.00005409,0.00008571,-0.00017203,0.00026094,
0.00015828,0.00011469,-0.00006406,0.00021025,0.00075621,-0.00005689,0.00004022,-
0.00002983,0.00000755,-0.00003774,-0.00006389,0.00018272,0.00099356,0.00227696,-
0.00014142,-0.00004237,0.00059796,0.00011561,0.00004174,0.00013248,0.00020736,-0
.00009813,-0.00009675,-0.00014699,0.00005542,-0.00025855,-0.00025713,-0.00079993
,0.00012958,0.00011786,0.00009489,0.00002419,-0.00000855,0.00002065,-0.00043408,
0.00217136,0.00212034,-0.00015462,0.00001773,-0.00021384,0.00001596,0.00002829,-
0.00005327,-0.00022312,0.00017367,0.00011747,0.00011384,-0.00002763,0.00000821,0
.00060502,-0.00245790,-0.00227652,-0.00007918,-0.00004426,0.00038072,-0.00004953
,-0.00001336,0.00002269,-0.00046821,0.00020276,0.00042394,-0.00015943,-0.0002606
7,0.00043359,0.00006579,0.00005534,-0.00008479,0.00011506,-0.00006109,-0.0002110
2,-0.00017211,0.00026337,-0.00015487,-0.00002881,0.00007979,-0.00001539,0.000757
60,-0.00005506,0.00004149,0.00002900,0.00000783,-0.00003876,0.00006305,0.0001791
5,0.00105720,-0.00229192,-0.00014293,-0.00003362,-0.00059555,0.00011598,0.000044
02,-0.00013096,-0.00014565,0.00005133,0.00025900,0.00020405,-0.00009699,0.000093
92,0.00007949,-0.00014731,0.00006655,-0.00025134,-0.00087030,-0.00013058,-0.0001
1868,0.00009391,-0.00002416,0.00000769,0.00002167,0.00043372,-0.00218629,0.00205
769,0.00015266,-0.00001546,-0.00022191,-0.00001417,-0.00002684,-0.00005565,-0.00
011580,0.00002818,0.00001192,0.00022572,-0.00017643,0.00011641,0.00001620,-0.000
07217,0.00025317,-0.00060520,0.00247767,-0.00220754,0.52952229,0.44784421,0.0036
5821,-0.00387311,0.00135937,0.00000326,-0.00019937,-0.00069002,-0.00000477,-0.00
112841,0.00144639,0.00001217,-0.00188799,0.01286102,0.00009174,0.00028846,-0.000
06570,0.00003788,0.00028895,-0.00006416,-0.00003858,0.00001866,0.00000939,-0.000
06138,0.00001881,0.00000848,0.00006161,-0.52304830,0.48729189,0.28362771,0.00431
120,0.00376943,-0.00341684,-0.00007442,-0.00154148,-0.00072653,-0.00000274,-0.00
144323,0.00464721,0.00006338,-0.02567236,-0.00620971,-0.00004482,0.00012126,-0.0
0031397,0.00019597,0.00012715,-0.00029879,-0.00020142,0.00002686,-0.00000548,-0.
00008138,0.00002947,-0.00000705,0.00008233,-0.46270898,-0.27729655,0.00393941,0.
00428856,-0.28188944,0.00002044,-0.00007580,0.00732568,-0.00001083,-0.00000225,-
0.00046699,-0.00000843,0.00006504,-0.00435935,-0.00018295,-0.00002270,-0.0019899
5,0.00039772,0.00086259,0.00009349,-0.00039571,-0.00086825,0.00007782,0.00019016
,-0.00002831,-0.00007110,-0.00018965,0.00002923,-0.00006967,-0.00376015,-0.00424
811,0.28134951,-0.02337400,-0.05302273,-0.01523450,-0.00039380,-0.00016900,0.004
20200,-0.00069411,0.00378424,0.00002575,0.00405494,0.00376056,-0.00377903,-0.000
03505,0.00217720,0.01162825,0.00002558,-0.00003504,0.00144073,0.00001907,0.00009
931,-0.00212659,0.00039912,0.00050826,0.00000371,0.00026768,-0.00034252,-0.00000
232,0.14273609,0.00050194,0.00092971,0.00000510,-0.00104632,0.00046424,0.0000022
6,-0.01609723,0.01780683,0.00000366,0.00000511,0.00025430,-0.00000734,0.00000267
,0.00006253,-0.00008436,-0.00052246,0.08979918,0.00093704,-0.00016311,-0.0000003
4,-0.00153736,-0.00124626,-0.00001018,-0.01719599,0.00569807,0.00002518,0.073741
29,-0.00018379,-0.00041439,0.00000054,-0.00158426,-0.00247435,-0.00002372,0.0140
5871,0.00858802,0.00000009,0.03290023,-0.00038179,-0.00000048,0.00000055,-0.0005
0457,-0.00001259,-0.00002353,0.00072556,0.00008477,-0.00000471,0.00970812,0.0002
8740,0.00014715,-0.01837438,-0.00967540,0.00793321,0.00005003,-0.00132701,-0.004
32711,-0.00003162,0.00293895,0.00176583,0.00001466,-0.05939207,-0.03265216,-0.00
027301,0.07108038,0.00236198,0.00087009,-0.00000452,-0.00405778,-0.00258139,-0.0
0002095,0.00001890,-0.00268579,-0.00001434,-0.03360606,-0.00435364,-0.00012685,0
.03512760,0.00682553,0.00001031,-0.00000132,0.00169388,-0.00002970,-0.00002110,0
.00003011,0.00000221,-0.00001334,-0.00067291,-0.00027981,-0.00012630,0.01073383,
0.00029734,0.00014496,-0.01068067,-0.00038642,-0.00004568,0.00024695,-0.00006302
,-0.00035231,0.00001052,-0.00087929,-0.00015575,0.00144726,0.00005863,-0.0000615
0,0.00012316,0.00035110,-0.00031574,-0.00023174,0.00023574,0.00018386,0.00012402
,-0.00003223,-0.00002116,-0.00000836,-0.00002665,0.00157857,-0.00014397,-0.00070
911,-0.00165522,0.00122943,-0.00005813,-0.00023347,-0.00077496,0.00087544,0.0005
4882,-0.00034017,-0.00007189,-0.00011607,0.00014366,0.00013203,0.00000548,0.0001
9019,-0.00065187,0.00050875,-0.00021721,0.00128358,-0.00070117,0.00022065,-0.000
10734,0.00073883,-0.00101030,-0.00053408,-0.00047096,-0.00008971,-0.00038622,-0.
00004228,-0.00024819,-0.00006285,-0.00035211,-0.00001583,-0.00087839,-0.00013451
,-0.00145009,0.00006026,-0.00006055,-0.00012422,0.00035072,-0.00031818,0.0002287
9,0.00021827,0.00001186,0.00005818,0.00023450,0.00018279,0.00012191,0.00003213,-
0.00001930,-0.00000862,0.00002379,0.00156831,-0.00014685,0.00071192,-0.00163683,
0.00121841,0.00007048,-0.00023399,-0.00075200,-0.00087202,0.00001275,0.00007005,
-0.00005458,0.00054061,-0.00035355,0.00007389,0.00011571,0.00014557,-0.00013261,
-0.00000872,0.00019028,0.00067354,-0.00050791,-0.00021523,-0.00130724,0.00071534
,0.00023004,0.00010558,-0.00073552,-0.00103288,-0.00005841,0.00004743,0.00057264
,0.00054221,0.00046782,-0.00007509,-0.00028116,-0.00024686,0.00009099,-0.0002164
8,0.00026639,0.00004422,-0.06372924,0.00444992,0.02815506,0.00152645,-0.00616456
,-0.00478408,-0.00152746,0.00085778,-0.00001221,-0.00035088,0.00012217,-0.000037
15,0.00080129,-0.00053343,0.00002328,0.05793559,-0.00012652,-0.00027541,0.000001
96,0.00003925,-0.00035060,-0.00014245,-0.00078532,-0.01206028,-0.01085307,-0.000
00596,-0.00176165,-0.00027541,-0.00049991,0.00082820,0.00016675,-0.00029972,0.00
028513,-0.00015873,0.00060038,-0.00043921,-0.00017791,0.00160349,0.02078079,-0.0
0000848,-0.00009927,-0.00004110,0.00018969,-0.00002821,-0.00010390,0.02116598,-0
.02156395,-0.04963627,-0.00114018,-0.00134747,-0.00144448,-0.00022798,0.00033014
,0.00036644,-0.00015789,0.00012071,0.00027402,0.00086928,-0.00029925,-0.00008196
,-0.02208341,0.01719201,0.05471484,-0.00028106,-0.00024565,-0.00009477,-0.000216
21,0.00026696,-0.00004055,-0.06367263,0.00482591,-0.02810532,0.00151969,-0.00623
370,0.00469909,-0.00152774,0.00085790,0.00002227,0.00080231,-0.00053340,-0.00002
987,-0.00035110,0.00012177,0.00003817,0.00585900,-0.00044923,0.00145779,0.057884
86,-0.00012663,-0.00027674,-0.00000546,0.00004179,-0.00035298,0.00013895,-0.0004
9614,-0.01253005,0.01138178,-0.00002255,-0.00178467,0.00027050,-0.00050291,0.000
83519,-0.00016064,0.00061250,-0.00044594,0.00017343,-0.00030212,0.00028459,0.000
15853,-0.00043503,-0.00702350,0.00568354,0.00130849,0.02127780,0.00000640,0.0000
9563,-0.00003987,-0.00018924,0.00002496,-0.00010179,-0.02119150,0.02209872,-0.04
922311,0.00114337,0.00133545,-0.00141471,0.00021867,-0.00032248,0.00035973,-0.00
085963,0.00029346,-0.00007625,0.00015288,-0.00012042,0.00027479,-0.00145280,-0.0
0572740,-0.00398299,0.02210809,-0.01766744,0.05426856,0.03374221,0.04154060,0.00
031968,-0.00020558,0.00014920,0.00000112,0.00001369,0.00019215,0.00000130,0.0002
8206,-0.00001842,-0.00000004,-0.00127147,-0.00092640,-0.00000746,0.00001355,-0.0
0000204,-0.00004159,0.00001352,-0.00000268,0.00004158,-0.00001711,-0.00007645,-0
.00006480,-0.00001712,-0.00007740,0.00006376,-0.03255375,0.04646855,0.01793434,0
.00020653,0.00068634,-0.00253717,-0.00001550,-0.00001155,-0.00022185,-0.00000259
,-0.00026230,0.00013463,-0.00000005,-0.00637709,0.00178878,0.00000757,0.00005662
,0.00000476,0.00007502,0.00005690,0.00000526,-0.00007477,0.00008014,0.00001652,0
.00001174,0.00008094,0.00001630,-0.00001049,-0.04077854,-0.01714156,0.00035481,0
.00020370,-0.00729459,0.00000495,-0.00001581,-0.00030712,-0.00000016,-0.00000247
,0.00014060,-0.00000178,0.00000009,0.00011994,-0.00004631,0.00001070,0.00021277,
0.00001386,-0.00003994,-0.00000769,-0.00001303,0.00004013,-0.00000816,0.00005609
,-0.00002575,-0.00006460,-0.00005489,0.00002682,-0.00006437,-0.00031355,-0.00019
746,0.00727322,-0.00972924,0.00538216,-0.00599755,0.00003138,-0.00005708,0.00244
245,-0.00053910,0.00017046,0.00000161,0.00218350,-0.00041772,-0.00016379,0.00000
734,-0.00275194,-0.04746483,-0.00000258,0.00000768,-0.00122688,-0.00002359,-0.00
040487,0.00910703,0.00029139,0.00016809,0.00000138,0.00013910,0.00002917,0.00000
042,0.05993312,0.00031903,0.00008862,0.00000101,-0.00067759,0.00013924,0.0000023
0,-0.01699208,-0.07030041,0.00000246,0.00000092,-0.00002681,-0.00000461,0.000002
70,-0.00023756,-0.00000170,0.00054496,-0.14811317,-0.00164199,0.00088858,0.00000
596,-0.00100353,-0.00384151,-0.00002670,0.00114226,0.00387043,0.00001496,0.00429
438,-0.00041617,-0.00015573,0.00000575,-0.00010170,-0.00154693,0.00000457,0.0020
6050,0.00555793,-0.00012419,-0.01782098,-0.04866472,-0.00000334,0.00000650,-0.00
099585,-0.00000004,0.00000242,-0.00219575,0.00000206,-0.00012315,0.02314435,-0.0
0001460,0.00100854,-0.19157350,0.01113790,-0.00656784,-0.00004069,-0.00068757,0.
00652978,0.00005003,0.00150423,0.00081408,0.00000623,0.01705205,0.00897791,0.000
06829,-0.02362488,-0.00506573,0.00455287,0.00002630,0.00267427,0.05007678,0.0004
0665,-0.00069876,-0.00190609,-0.00001944,0.01164053,0.00543264,-0.00002283,-0.01
050627,-0.06360712,-0.00002998,0.00002544,0.00045507,0.00002255,0.00040886,-0.00
675101,-0.00000456,-0.00001857,0.00076441,0.00008727,-0.00002436,0.00957322,-0.0
0009019,-0.00048100,0.00301995,-0.00016172,-0.00014726,0.00008472,0.00008755,0.0
0001141,0.00015744,-0.00254419,0.00031001,0.00484734,-0.00981848,0.00547966,0.00
671966,-0.00140814,0.00029382,-0.00216657,0.01469062,-0.00042117,0.00013017,-0.0
0005396,0.00024542,-0.00053612,-0.00013977,0.00321408,0.00004848,-0.00367766,0.0
0259710,0.02086538,-0.07450082,0.00032875,0.00262741,-0.00052266,-0.00782253,-0.
01770180,0.00003487,0.00004751,0.00015696,0.00034467,0.00025158,0.00057946,-0.00
271794,0.00328389,-0.00677837,0.00685173,-0.07777424,0.08412666,0.00197114,0.002
87616,-0.00331562,-0.00681523,0.07413712,-0.08240944,-0.00016158,-0.00014598,-0.
00008717,0.00008812,0.00001396,-0.00015783,-0.00254178,0.00038276,-0.00483754,-0
.00980284,0.00548691,-0.00675057,-0.00140837,0.00026614,0.00217277,-0.00063852,0
.00086016,0.00023352,0.01467498,-0.00042069,0.00013009,0.00005310,0.00025016,-0.
00053430,0.00012418,0.00317069,0.00004145,0.00377858,0.00261029,0.01870754,0.073
57120,0.00035616,0.00265975,0.00060824,0.00086628,-0.00425766,-0.00253452,-0.007
83512,-0.01560121,-0.00004123,-0.00004806,0.00015690,-0.00034170,-0.00026744,0.0
0057707,0.00276831,-0.00318624,-0.00677375,-0.00692368,0.07684793,0.08626887,-0.
00196405,-0.00279065,-0.00334772,-0.00022812,0.00239809,0.00538056,0.00681628,-0
.07319369,-0.08449438,-0.00018156,-0.00010212,0.00002861,-0.00010151,0.00005700,
-0.00008597,-0.02895603,0.00597405,-0.00274409,-0.00012518,-0.00175938,-0.005950
41,-0.00140545,0.00064701,0.00066157,-0.00122617,0.00182581,0.00112558,0.0011067
9,-0.00086286,0.00107043,0.03349997,-0.00005756,-0.00000100,-0.00008198,0.000108
29,-0.00008112,-0.00015238,0.00450582,0.03228899,0.06522560,0.00007102,-0.000139
37,0.00187592,0.00021560,0.00035284,0.00044160,0.00097694,-0.00130084,-0.0012441
8,0.00000289,0.00011291,-0.00090027,-0.00651260,-0.02890604,-0.00009747,-0.00009
962,0.00001980,0.00014604,-0.00005252,-0.00002381,-0.00580235,0.06310141,0.06990
345,0.00031764,-0.00319360,-0.00415420,-0.00012956,0.00065571,-0.00018364,-0.001
33178,0.00150876,0.00106685,0.00129323,-0.00086869,0.00128013,0.00575700,-0.0630
2655,-0.07662849,-0.00018164,-0.00010182,-0.00003030,-0.00010144,0.00005571,0.00
008668,-0.02896580,0.00600786,0.00271705,-0.00013164,-0.00184776,0.00592930,-0.0
0140484,0.00065713,-0.00065366,0.00110951,-0.00084849,-0.00108284,-0.00122643,0.
00184344,-0.00110205,-0.00262094,0.00070590,-0.00016006,0.03351315,-0.00005904,-
0.00000358,0.00008158,0.00011019,-0.00008403,0.00015164,0.00449862,0.03412581,-0
.06573060,0.00007763,-0.00015896,-0.00181892,0.00021424,0.00036837,-0.00043348,0
.00002030,0.00008794,0.00088331,0.00095646,-0.00129661,0.00121159,0.00070131,-0.
00234720,0.00195589,-0.00650349,-0.03071248,0.00009640,0.00009917,0.00002246,-0.
00014457,0.00005173,-0.00002096,0.00575409,-0.06360471,0.06807639,-0.00031198,0.
00324845,-0.00412816,0.00013123,-0.00064709,-0.00019977,-0.00129327,0.00085073,0
.00130238,0.00134293,-0.00154035,0.00106287,0.00015706,-0.00211293,0.00872412,-0
.00572437,0.06367382,-0.07483522,0.00116754,0.00045572,0.00000450,-0.00006512,0.
00031415,0.00000209,-0.00000230,-0.00000856,-0.00000009,0.00003498,-0.00005900,-
0.00000036,0.00024508,0.00009187,0.00000080,-0.00009047,0.00002088,0.00005451,-0
.00009038,0.00002166,-0.00005419,0.00001008,-0.00001630,0.00000731,0.00001007,-0
.00001622,-0.00000752,-0.00121947,0.00115690,0.00141988,0.00001794,-0.00002758,0
.00019510,0.,0.00004387,-0.00008404,-0.00000087,-0.00009308,0.00010222,0.0000011
4,-0.00036241,-0.00055746,-0.00000408,0.00001137,0.00003702,0.00007336,0.0000118
2,0.00003804,-0.00007125,0.00003179,0.00002083,0.00001921,0.00003152,0.00002075,
-0.00001882,-0.00080420,-0.00119233,0.00000949,0.00001754,-0.00100410,-0.0000003
4,0.00000020,0.00019241,0.00000029,-0.00000090,0.00004105,-0.00000061,0.00000116
,-0.00006564,-0.00000243,-0.00000382,-0.00001489,0.00002581,0.00000018,-0.000109
44,-0.00002562,0.00000195,-0.00011055,-0.00001978,-0.00002483,-0.00000420,0.0000
2025,0.00002516,-0.00000410,-0.00000705,-0.00001666,0.00107947,-0.00869891,-0.01
885044,-0.00661092,-0.00014005,-0.00006644,0.00119112,-0.00064240,0.00092510,0.0
0000618,0.00080129,-0.00032822,-0.00033062,-0.00000313,0.00178160,0.00693161,-0.
00000276,-0.00000241,0.00008225,0.00001399,0.00006077,-0.00144893,-0.00042222,0.
00050472,0.00000337,-0.00014933,-0.00071748,-0.00000521,0.15637795,0.00222110,0.
00126956,0.00001045,-0.00112951,0.00224872,0.00001532,-0.04669176,0.24531958,0.0
0001560,0.00000946,-0.00001718,-0.00000814,0.00001555,0.00000903,-0.00053210,-0.
00186733,0.50350066,0.00175091,-0.00004522,0.00000092,-0.00037493,0.00115221,0.0
0000753,0.01191218,-0.00076154,-0.00000771,0.02448884,-0.00258809,-0.00067600,-0
.00000332,-0.00073301,-0.00386854,-0.00003378,0.03253911,-0.00708942,-0.00014505
,0.01639282,0.01239178,-0.00001720,-0.00000186,-0.00041850,-0.00000591,-0.000032
70,0.00081088,0.00022968,-0.00016417,0.01587789,0.00014844,0.00031540,-0.0305306
6,-0.00132226,0.00310222,0.00002071,0.00051488,-0.00133068,-0.00000966,0.0013039
9,0.00595846,0.00004284,-0.03834694,-0.02614502,-0.00021380,0.04126935,0.0019548
4,0.00048879,-0.00000337,-0.00100201,-0.00334489,-0.00003020,-0.00126188,-0.0039
9815,-0.00003400,-0.02601932,-0.00103853,-0.00008953,0.02336103,0.00738428,0.000
01253,-0.00000272,0.00111952,-0.00000731,-0.00003039,0.00081089,-0.00000863,-0.0
0002985,0.00066930,-0.00021290,-0.00008960,0.00942521,0.00019649,0.00014391,-0.0
1092124,-0.00090391,-0.00022169,0.00040085,-0.00003066,-0.00049238,0.00005717,-0
.00041660,-0.00038640,0.00357776,-0.00070016,-0.00006585,-0.00007570,0.00090626,
0.00054787,-0.00120725,0.00028080,0.00016861,0.00016095,-0.00008327,-0.00007567,
0.00000659,-0.00017395,0.00195712,0.00023241,-0.00064123,-0.00117001,0.00288923,
-0.00348825,-0.00016430,-0.00101318,0.00135888,0.00040852,-0.00184523,-0.0001412
0,-0.00018240,0.00026163,0.00009351,0.00002650,0.00018596,-0.00041885,0.00071681
,-0.00069308,0.00118408,-0.00418672,0.00512795,0.00001144,0.00104377,-0.00116493
,-0.00067590,0.00259499,-0.00445494,-0.00090361,-0.00021615,-0.00040531,-0.00003
048,-0.00049148,-0.00006443,-0.00041299,-0.00033454,-0.00358258,-0.00069887,-0.0
0007166,0.00006797,0.00090488,0.00053178,0.00121735,0.00021578,-0.00006557,0.000
09835,0.00027924,0.00016649,0.00015718,0.00008198,-0.00007453,0.00000453,0.00017
128,0.00195020,0.00023328,0.00065670,-0.00115695,0.00278029,0.00345345,-0.000162
57,-0.00097897,-0.00135643,-0.00006406,0.00000937,-0.00008352,0.00040176,-0.0017
7178,0.00014225,0.00018066,0.00026510,-0.00009483,-0.00002965,0.00018784,0.00044
702,-0.00070399,-0.00069757,-0.00120742,0.00415318,0.00523560,-0.00001138,-0.001
04051,-0.00119777,-0.00009934,0.00007968,0.00027372,0.00068716,-0.00255628,-0.00
452682,-0.00071111,-0.00022000,0.00009321,-0.00005393,0.00012701,0.00017533,-0.0
8407050,0.01985776,0.06496876,0.00083157,-0.00951455,-0.00892796,-0.00235490,0.0
0130150,-0.00036441,-0.00078495,0.00036369,0.00010130,0.00146572,-0.00142960,0.0
0018783,0.07814528,0.00002947,-0.00045019,0.00007918,0.00005591,-0.00054535,-0.0
0003433,0.00560233,-0.11672022,-0.14340665,0.00594218,-0.00283640,-0.00409484,-0
.00096876,0.00097395,-0.00036772,-0.00091545,0.00028345,-0.00007796,0.00106802,-
0.00069589,-0.00011608,-0.00816170,0.13014940,0.00029723,-0.00020522,0.00001121,
0.00004970,-0.00020129,-0.00027618,0.04689278,-0.16662149,-0.26155460,-0.0001876
1,-0.00316876,-0.00274106,-0.00079127,0.00022009,0.00041946,-0.00044522,0.000078
33,0.00060804,0.00171055,-0.00031297,-0.00015924,-0.05181097,0.15915408,0.271165
32,-0.00071066,-0.00021888,-0.00009716,-0.00005368,0.00012926,-0.00017325,-0.083
94253,0.02058805,-0.06447908,0.00082113,-0.00964452,0.00879542,-0.00235622,0.001
29644,0.00037974,0.00146790,-0.00142714,-0.00020633,-0.00078534,0.00036520,-0.00
009770,0.00762857,-0.00248762,0.00444740,0.07802671,0.00003380,-0.00045189,-0.00
008575,0.00005657,-0.00054865,0.00003051,0.00610304,-0.12116924,0.14541584,0.005
93417,-0.00293990,0.00409875,-0.00098034,0.00097173,0.00037447,0.00109216,-0.000
70189,0.00010960,-0.00092178,0.00028353,0.00007227,-0.00243682,-0.01021450,0.011
07007,-0.00871409,0.13471560,-0.00029761,0.00019837,0.00001246,-0.00004865,0.000
19755,-0.00027313,-0.04660798,0.16864718,-0.25723356,0.00027630,0.00315486,-0.00
262713,0.00077419,-0.00021074,0.00042301,-0.00169328,0.00030361,-0.00015541,0.00
043053,-0.00008254,0.00060835,-0.00446528,-0.01111337,-0.00737596,0.05147155,-0.
16111006,0.26671769,0.01256419,0.01524034,0.00011729,0.00001923,0.00017014,0.000
00127,-0.00017994,0.00067838,0.00000465,0.00031627,-0.00016924,-0.00000093,-0.00
051906,-0.00071024,-0.00000560,-0.00003447,0.00000476,-0.00004641,-0.00003434,0.
00000407,0.00004642,-0.00009576,-0.00016438,-0.00016259,-0.00009589,-0.00016671,
0.00016023,-0.01194023,0.01719244,0.00644316,0.00007368,0.00019555,-0.00055340,-
0.00000320,0.00001460,-0.00032652,-0.00000331,-0.00026834,0.00038749,0.00000375,
-0.00267003,0.00055497,-0.00000055,0.00009728,-0.00002170,0.00003892,0.00009961,
-0.00002155,-0.00003927,0.00011272,0.00005576,-0.00001283,0.00011329,0.00005522,
0.00001513,-0.01488712,-0.00657342,0.00013121,0.00007256,-0.00250760,0.00000146,
-0.00000322,-0.00008860,-0.00000008,-0.00000293,0.00013912,-0.00000164,0.0000038
1,-0.00016017,-0.00001957,0.00000058,0.00041655,0.00016092,-0.00002879,0.0000110
7,-0.00015957,0.00002833,0.00001079,0.00004221,-0.00002231,-0.00009698,-0.000040
60,0.00002429,-0.00009631,-0.00011434,-0.00007232,0.00237214,-0.03986144,-0.2237
5526,-0.03420768,-0.00161896,-0.00038536,0.00183005,0.00100933,0.00008934,0.0000
0060,0.00075170,0.00150488,-0.00124823,-0.00001571,-0.01013151,0.00049520,0.0000
1069,-0.00001653,0.00107723,-0.00007138,0.00000278,-0.00071054,-0.00157316,0.001
99065,0.00001329,0.00037796,0.00029365,0.00000246,0.11421814,0.00054157,0.001077
99,0.00000803,-0.00049266,-0.00030425,-0.00000054,-0.07718365,0.01408046,0.00000
296,0.00000886,-0.00000487,-0.00000314,-0.00000009,-0.00026811,-0.00046767,0.000
26682,-0.02956390,-0.00044136,0.00102890,0.00000715,-0.00088011,0.00089001,0.000
00550,-0.10189419,0.07348324,0.00045025,0.09698114,-0.00143521,-0.00441617,-0.00
003149,0.00010943,-0.00134226,-0.00001370,0.07487762,-0.01844575,-0.00027582,-0.
07463702,0.01934478,-0.00001042,-0.00003008,-0.00011439,-0.00000006,-0.00001325,
0.00058766,0.00046019,-0.00027662,0.02627458,-0.00046350,0.00025501,-0.02243779,
-0.07424399,0.08434831,0.00054676,-0.00157543,0.00793963,0.00005610,-0.00306477,
0.00086245,0.00000378,0.00748900,0.00227509,0.00002054,0.07417510,0.06877486,-0.
02278976,-0.00027067,0.00881293,0.00423150,0.00004029,-0.00276941,0.00019506,-0.
00000774,0.00039335,0.00572091,0.00004128,-0.08375965,0.01691805,0.00043575,-0.0
0026173,0.02071731,0.00006233,0.00003979,-0.00071051,-0.00002211,-0.00000565,0.0
0105711,0.00000713,0.00004236,-0.00003848,-0.00054265,0.00021970,-0.02064562,0.0
0004173,-0.00017910,0.00024465,0.00015511,-0.00032574,0.00001478,-0.00079365,0.0
0241514,-0.00131554,-0.00041547,-0.00189727,0.00111042,-0.00027866,0.00052836,-0
.00028610,0.00147093,0.00009171,0.00004908,-0.00017850,-0.00000182,-0.00003535,-
0.00010311,0.00183132,-0.00179926,0.00111966,-0.00101949,0.00130077,-0.00114103,
-0.00041754,-0.00035799,0.00041733,-0.00099991,0.00073895,0.00017419,-0.00037511
,0.00016636,0.00010799,-0.00011183,0.00003114,-0.00166084,0.00204921,-0.00078964
,0.00110394,-0.00149919,-0.00041399,-0.00019590,0.00055858,-0.00040894,0.0007251
0,-0.00069536,0.00051292,0.00004222,-0.00017602,-0.00024732,0.00015525,-0.000325
63,-0.00001928,-0.00079710,0.00239850,0.00134987,-0.00041291,-0.00188298,-0.0011
3739,-0.00027922,0.00052486,0.00029377,0.00013781,0.00000463,0.00008662,0.001472
61,0.00009398,0.00004121,0.00017683,-0.00000040,-0.00003840,0.00010212,0.0018087
5,-0.00175391,-0.00113134,-0.00100497,0.00126281,0.00116380,-0.00041981,-0.00034
409,-0.00041689,0.00000598,-0.00006113,-0.00010504,-0.00099028,0.00071910,-0.000
17301,0.00037312,0.00017375,-0.00010787,0.00011047,0.00003404,0.00168680,-0.0020
6022,-0.00083153,-0.00111839,0.00152094,-0.00037859,0.00019009,-0.00055706,-0.00
042228,-0.00008650,0.00010276,0.00009883,-0.00073820,0.00069717,0.00053109,-0.00
018784,-0.00030037,0.00000910,0.00029683,-0.00010160,-0.00012228,-0.00337661,-0.
00106866,0.00387935,-0.00048779,0.00136642,0.00027074,-0.00089999,0.00122038,0.0
0028159,-0.00054800,0.00038523,-0.00000551,0.00023525,0.00018968,0.00025053,0.00
444794,0.00016740,-0.00010664,-0.00000775,0.00028449,0.00023632,-0.00018107,-0.0
0011120,0.00360329,0.00567672,0.00103006,-0.00265152,-0.00285860,-0.00000452,0.0
0030131,0.00038828,0.00012434,0.00003734,-0.00016194,0.00032717,0.00012649,-0.00
017077,-0.00174017,-0.00057499,-0.00004033,0.00011150,0.00003788,0.00013492,-0.0
0001461,-0.00009785,0.00168549,0.00408290,0.00214651,0.00149264,-0.00253628,-0.0
0184471,-0.00047505,0.00013226,0.00018122,-0.00013409,0.00019547,0.00030370,0.00
024795,-0.00021753,0.00055972,-0.00375348,-0.00215895,-0.00163290,-0.00018787,-0
.00030008,-0.00001363,0.00029684,-0.00010336,0.00012127,-0.00337021,-0.00100853,
-0.00390041,-0.00048579,0.00136723,-0.00024974,-0.00090022,0.00122443,-0.0002654
0,0.00023582,0.00019299,-0.00024818,-0.00054816,0.00038534,0.00001003,0.00054763
,-0.00001539,0.00083457,0.00443935,0.00016681,-0.00010513,0.00000590,0.00028617,
0.00023346,0.00018613,-0.00008061,0.00374212,-0.00565403,0.00104794,-0.00272828,
0.00284721,-0.00001084,0.00030870,-0.00038647,0.00033048,0.00012104,0.00016490,0
.00012224,0.00003787,0.00015829,-0.00000408,-0.00097491,0.00049930,-0.00179604,-
0.00063672,0.00004245,-0.00011388,0.00003640,-0.00013040,0.00001922,-0.00009501,
-0.00169311,-0.00406130,0.00200127,-0.00147631,0.00252526,-0.00176996,0.00047370
,-0.00012904,0.00017407,-0.00024363,0.00021150,0.00056460,0.00013487,-0.00019882
,0.00030333,-0.00083451,-0.00051855,0.00037405,0.00373521,0.00217106,-0.00156257
,0.11540238,0.13725363,0.00105838,-0.00058749,0.00035966,0.00000214,0.00027357,0
.00005260,0.00000054,0.00054747,-0.00014331,-0.00000079,-0.00042182,0.00504989,0
.00003570,-0.00000563,-0.00006711,-0.00008742,-0.00000576,-0.00006827,0.00008652
,-0.00002742,-0.00006216,0.00000738,-0.00002739,-0.00006206,-0.00000826,-0.11514
791,0.15384927,0.06170533,0.00069872,0.00104403,-0.00222799,-0.00001637,-0.00065
713,-0.00039576,-0.00000305,-0.00121203,0.00195471,0.00001227,-0.01081312,-0.004
18368,-0.00003672,-0.00000227,0.00000655,0.00017577,-0.00000249,0.00001006,-0.00
017471,0.00005318,0.00000330,-0.00009407,0.00005342,0.00000184,0.00009455,-0.142
31286,-0.05687437,0.00117668,0.00068920,-0.02391971,0.00000702,-0.00001676,0.000
15196,-0.00000451,-0.00000264,-0.00002142,-0.00000840,0.00001289,0.00013567,-0.0
0007738,-0.00002761,0.00009612,-0.00002908,0.00007129,-0.00006499,0.00002912,-0.
00007030,-0.00006836,0.00002448,-0.00000737,-0.00002761,-0.00002372,0.00000772,-
0.00002619,-0.00109420,-0.00065641,0.02374453,-0.07274596,-0.29397196,-0.0677733
5,-0.00214091,-0.00069645,0.00624906,0.00071583,0.00028394,0.00000181,0.00231444
,0.00277411,-0.00101408,-0.00001341,-0.01203962,-0.00786112,0.00001956,-0.000014
83,0.00108978,-0.00008418,-0.00005908,-0.00054307,-0.00125334,0.00281795,0.00001
920,-0.00028606,-0.00066151,-0.00000490,0.05196424,-0.00006524,0.00119996,0.0000
0638,-0.00046271,0.00001768,-0.00000034,-0.03945075,0.00894452,-0.00000136,0.000
00804,0.00029938,-0.00000348,-0.00000046,0.00002848,-0.00025170,0.00003727,0.000
53972,-0.00348804,0.00497031,0.00003369,-0.00216901,0.00115638,0.00000699,-0.046
34274,0.03194027,0.00019268,0.05058916,0.00053977,-0.00596116,-0.00003899,0.0002
0996,-0.00155377,-0.00001101,0.03556277,-0.00528114,-0.00012156,-0.02228266,-0.0
0731251,0.00000210,-0.00003644,-0.00044861,0.00000025,-0.00001047,0.00000759,0.0
0021851,-0.00012364,0.01463448,-0.00009715,0.00034060,-0.05688434,-0.08359452,0.
09778769,0.00063505,-0.00063466,0.00899305,0.00006419,0.00138996,0.00259092,0.00
001906,0.01005278,-0.01062230,-0.00007236,0.07398022,0.07638236,-0.01880840,-0.0
0026458,0.01017528,0.01355848,0.00010808,-0.00242995,0.00008024,-0.00000345,-0.0
1423321,-0.00375372,-0.00006484,-0.08449449,0.01710169,0.00048246,-0.00025230,0.
02445712,0.00007262,0.00010740,-0.00078359,-0.00001674,-0.00000057,0.00036879,-0
.00009810,-0.00006276,0.00419525,-0.00054395,0.00027085,-0.02769622,-0.00055029,
-0.00060884,0.00047656,0.00021174,-0.00023556,0.00012772,-0.00077183,0.00228913,
0.00028529,-0.00537257,-0.00207556,-0.00114519,0.00055404,0.00245725,-0.00232649
,0.00628410,-0.00016084,0.00017482,-0.00021957,0.00013347,-0.00007923,-0.0000983
6,0.00231082,-0.00295419,0.00188691,-0.00075695,0.01267993,-0.01812128,0.0005965
9,-0.00044117,0.00042889,-0.00247904,-0.00837570,0.00021368,-0.00049222,0.000250
28,-0.00002881,-0.00004615,0.00012656,-0.00194600,0.00296467,-0.00132540,0.00104
182,-0.01756071,0.01988341,-0.00053269,0.00055332,-0.00066576,0.00222359,0.01475
496,-0.01878801,-0.00054949,-0.00060254,-0.00048612,0.00021186,-0.00023377,-0.00
013097,-0.00077377,0.00229637,-0.00025193,-0.00537263,-0.00211156,0.00108606,0.0
0055073,0.00242445,0.00236269,0.00032548,-0.00008152,-0.00059827,0.00628921,-0.0
0015803,0.00016469,0.00021817,0.00013293,-0.00008125,0.00009555,0.00228502,-0.00
288474,-0.00190652,-0.00076255,0.01217278,0.01801047,0.00058942,-0.00042724,-0.0
0042483,-0.00008957,-0.00077164,-0.00042125,-0.00243044,-0.00795712,-0.00021688,
0.00049031,0.00025961,0.00003081,0.00004292,0.00012846,0.00197944,-0.00298429,-0
.00139291,-0.00108194,0.01744837,0.02039062,0.00054255,-0.00054714,-0.00067638,0
.00059737,0.00040950,0.00004566,-0.00222956,-0.01460332,-0.01921171,-0.00008165,
-0.00037569,-0.00000869,0.00012722,-0.00001026,-0.00009989,-0.00220123,0.0004492
2,0.00425713,0.00011499,0.00085581,-0.00036464,-0.00043469,0.00044779,-0.0000555
8,-0.00062253,0.00027458,0.00011357,0.00029003,0.00012168,0.00034253,0.00262278,
-0.00007747,0.00017232,0.00000273,0.00008989,0.00026963,-0.00011030,0.00037877,0
.00085599,0.00107024,0.00096068,-0.00197858,-0.00185701,-0.00000072,-0.00026898,
0.00028772,0.00013738,0.00004882,-0.00018703,0.00044237,-0.00016539,-0.00022430,
-0.00169658,0.00192236,-0.00001717,0.00015507,-0.00002984,0.00005549,0.00007568,
-0.00008586,0.00202709,-0.00077521,-0.00650257,0.00092442,-0.00163224,-0.0007077
9,-0.00023598,-0.00003465,0.00010594,-0.00007303,0.00027035,0.00030285,0.0004011
2,-0.00047073,0.00027632,-0.00363694,0.00178203,0.00637459,-0.00008167,-0.000375
60,0.00000328,0.00012716,-0.00001161,0.00009998,-0.00219403,0.00050888,-0.004245
36,0.00011562,0.00084866,0.00037771,-0.00043503,0.00044692,0.00006134,0.00029088
,0.00012601,-0.00034075,-0.00062248,0.00027649,-0.00011071,0.00024879,-0.0002653
4,0.00057993,0.00261446,-0.00007771,0.00017453,0.00000010,0.00009054,0.00026906,
0.00011546,0.00040876,0.00085870,-0.00096478,0.00097163,-0.00202808,0.00183930,-
0.00000375,-0.00026530,-0.00029302,0.00044779,-0.00017521,0.00021838,0.00013612,
0.00005005,0.00018358,-0.00025789,-0.00081576,0.00072488,-0.00174614,0.00197410,
0.00001601,-0.00015259,-0.00003203,-0.00005396,-0.00007064,-0.00008524,-0.002016
53,0.00088077,-0.00651247,-0.00090973,0.00161440,-0.00065893,0.00023533,0.000029
87,0.00010260,-0.00039476,0.00046444,0.00028529,0.00007392,-0.00027364,0.0003015
6,-0.00058368,-0.00074066,0.00026988,0.00360811,-0.00184681,0.00633117,0.1616291
4,0.19007472,0.00146614,-0.00061853,0.00026880,0.00000149,0.00046880,-0.00009608
,-0.00000034,0.00187245,-0.00092489,-0.00000528,-0.00142884,0.00882359,0.0000617
4,-0.00034902,0.00003688,-0.00014613,-0.00034893,0.00003506,0.00014638,-0.000063
71,0.00003103,-0.00002493,-0.00006370,0.00003064,0.00002530,-0.16109766,0.214815
02,0.09167067,0.00100562,0.00138632,-0.00352538,-0.00002517,-0.00122189,-0.00083
702,-0.00000569,-0.00196389,0.00301625,0.00002331,-0.01543639,-0.00677560,-0.000
06138,0.00015702,-0.00010643,0.00021603,0.00016052,-0.00010016,-0.00021563,0.000
19134,-0.00004040,-0.00009518,0.00019172,-0.00004209,0.00009485,-0.19827976,-0.0
8325985,0.00164250,0.00099142,-0.03209477,0.00000946,-0.00002581,0.00011688,-0.0
0000836,-0.00000504,-0.00013751,-0.00001269,0.00002391,-0.00041168,-0.00011120,-
0.00004746,0.00059224,0.00022894,0.00022417,-0.00011487,-0.00022694,-0.00022392,
-0.00012124,0.00003619,-0.00002342,-0.00000352,-0.00003353,0.00002291,-0.0000018
5,-0.00152437,-0.00093675,0.03217630,0.00195281,0.00290814,-0.00140372,0.0000215
5,-0.00001204,0.00051922,-0.00099902,-0.00015859,-0.00000148,0.00024745,-0.00315
178,0.00121229,0.00000965,-0.00096012,-0.01887473,-0.00002281,0.00001137,-0.0003
9549,-0.00000883,-0.00016148,0.00370031,-0.00019546,-0.00040063,-0.00000328,0.00
060071,-0.00042220,-0.00000281,0.05076710,0.00093944,0.00054533,0.00000051,-0.00
081161,0.00133032,0.00000722,-0.02551639,-0.07095216,0.00000627,-0.00000026,0.00
054958,-0.00000559,0.00000745,0.00025175,-0.00005390,0.00070712,-0.17219822,-0.0
0286747,0.00108219,0.00000725,-0.00428403,-0.00508485,-0.00003841,0.00788893,0.0
0517555,0.00002992,0.03687609,-0.00381824,-0.00038181,0.00000977,-0.00089438,-0.
00591993,-0.00003907,0.00979426,0.01027436,-0.00006402,0.02185266,-0.10527771,-0
.00002768,0.00001259,-0.00206028,-0.00000854,-0.00004148,-0.00051104,0.00006284,
-0.00006667,0.02004361,0.00030518,0.00085463,-0.22340202,0.00697116,-0.00188312,
-0.00000922,0.00268058,0.00921418,0.00006985,0.00042111,0.00095103,0.00000816,0.
01618711,0.01321064,0.00009440,-0.02880440,0.00362716,-0.00110454,-0.00000329,0.
00170755,0.02286155,0.00019654,0.00089872,-0.00352584,-0.00001053,0.00039050,0.0
1738413,0.00001159,-0.01585267,-0.03093016,0.00003006,-0.00000645,-0.00035127,0.
00001634,0.00020085,-0.00457132,0.00000778,-0.00001050,-0.00197647,0.00000301,0.
00001895,0.01578976,-0.00013126,-0.00025095,0.00299588,-0.00191448,-0.00055327,0
.00093128,0.00086595,0.00019717,0.00016737,-0.00158779,-0.00148425,0.00537208,-0
.02610449,-0.01682943,0.00778631,0.00187167,0.00401882,-0.00613901,0.02787208,0.
00014096,0.00043311,0.00001996,0.00031719,-0.00036767,-0.00076212,0.00211906,-0.
00295684,0.00033209,-0.01513672,0.04471497,-0.07770481,-0.00261692,-0.00259169,0
.00206422,0.01552944,-0.03667521,-0.00087375,-0.00036353,0.00061666,0.00026317,0
.00016983,0.00070528,-0.00167307,0.00507586,-0.00184011,0.00366257,-0.08377621,0
.09856813,0.00514036,0.00858996,-0.00551825,-0.00654994,0.07287649,-0.09874252,-
0.00191441,-0.00054034,-0.00094198,0.00086644,0.00019974,-0.00016436,-0.00158355
,-0.00140168,-0.00539232,-0.02609092,-0.01681139,-0.00817055,0.00187050,0.003940
66,0.00620432,-0.00210081,-0.00072095,0.00059837,0.02785662,0.00012854,0.0004282
6,-0.00002249,0.00032005,-0.00037590,0.00074707,0.00209538,-0.00287953,-0.000344
46,-0.01517068,0.04242431,0.07688703,-0.00254109,-0.00244042,-0.00202330,-0.0007
0954,-0.00180951,-0.00243779,0.01551657,-0.03461041,0.00087276,0.00036022,0.0006
2144,-0.00025844,-0.00018502,0.00071302,0.00170346,-0.00509230,-0.00192166,-0.00
402305,0.08295652,0.10084522,-0.00516856,-0.00854152,-0.00566835,-0.00061661,0.0
0234126,0.00490322,0.00691778,-0.07194440,-0.10079186,-0.00023148,-0.00004329,-0
.00004170,0.00010006,-0.00011319,-0.00004268,-0.02819385,0.01098693,0.00306751,-
0.00074739,-0.00324952,-0.00643282,-0.00083706,0.00081338,0.00098418,-0.00010953
,0.00052303,0.00012222,0.00111820,-0.00027616,0.00061386,0.03085213,-0.00005728,
-0.00002925,0.00001582,0.00021752,0.00005704,-0.00015112,0.00565119,0.03317605,0
.06569390,0.00349420,-0.00167062,0.00075465,-0.00033011,0.00044399,0.00016180,0.
00004965,-0.00014083,-0.00058663,-0.00026436,-0.00053791,-0.00050967,-0.00978268
,-0.02851061,-0.00016412,-0.00016003,0.00000073,0.00030898,-0.00007375,-0.000122
80,-0.00476979,0.06791564,0.07943734,0.00201102,-0.00588066,-0.00431257,-0.00064
300,0.00051929,-0.00010406,0.00002454,0.00043187,0.00044870,0.00144112,-0.000391
64,0.00073809,0.00179893,-0.06379855,-0.08442475,-0.00023171,-0.00004406,0.00004
080,0.00010037,-0.00011387,0.00004132,-0.02819580,0.01110875,-0.00303247,-0.0007
5247,-0.00334770,0.00638984,-0.00083667,0.00082792,-0.00097331,0.00112056,-0.000
26783,-0.00061731,-0.00010937,0.00052522,-0.00011539,-0.00196591,0.00108697,0.00
004734,0.03085627,-0.00005959,-0.00003130,-0.00001635,0.00022172,0.00005379,0.00
015389,0.00565927,0.03508988,-0.06631971,0.00352333,-0.00174423,-0.00071404,-0.0
0033906,0.00045358,-0.00015423,-0.00024436,-0.00055049,0.00049103,0.00004933,-0.
00014292,0.00057825,0.00108592,-0.00280121,0.00139825,-0.00983066,-0.03034068,0.
00016302,0.00015952,0.00000301,-0.00030560,0.00007614,-0.00011986,0.00472795,-0.
06853526,0.07752546,-0.00195695,0.00591345,-0.00423387,0.00063739,-0.00051040,-0
.00011404,-0.00144431,0.00037297,0.00074831,-0.00002447,-0.00043971,0.00045063,-
0.00004365,-0.00155553,0.00831751,-0.00180744,0.06455844,-0.08259882,-0.00056993
,-0.00036703,-0.00000323,-0.00017850,0.00023492,0.00000137,0.00007861,0.00005223
,0.00000034,-0.00010535,0.00009309,0.00000102,0.00047598,-0.00037205,-0.00000210
,0.00008683,0.00011273,-0.00007262,0.00008728,0.00011172,0.00007419,0.00001482,-
0.00006510,-0.00005500,0.00001472,-0.00006590,0.00005406,0.00009554,-0.00065736,
0.00033165,-0.00000155,0.00004066,0.00002323,-0.00000231,0.00012135,-0.00010158,
-0.00000157,-0.00012620,0.00019651,0.00000651,0.00018711,-0.00055060,-0.00000038
,0.00002578,-0.00005585,-0.00003901,0.00003241,-0.00005597,0.00003668,0.00005558
,0.00001335,0.00003958,0.00005525,0.00001357,-0.00003963,0.00026540,0.00018569,-
0.00000530,-0.00000139,0.00049641,-0.00000001,-0.00000220,0.00035016,0.00000084,
-0.00000161,0.00012873,-0.00000054,0.00000664,-0.00072694,0.00000188,-0.00000070
,-0.00048188,0.00046830,0.00002807,0.00011058,-0.00046791,-0.00003031,0.00011025
,-0.00002585,-0.00002466,0.00002181,0.00002663,0.00002447,0.00002169,0.00000196,
0.00000170,-0.00003081,-0.18605325,-0.32898573,-0.16538394,-0.00246200,-0.001492
47,0.01748063,0.00336717,-0.00029351,0.00000081,0.00301188,0.00714056,0.00505800
,0.00005225,0.02119754,0.00616059,0.00005381,0.00004799,-0.00169709,0.00015478,0
.00008020,-0.00338205,-0.00229504,0.00147942,0.00000912,0.00057713,0.00050380,0.
00000399,0.00750581,0.00020146,0.00090008,0.00000519,-0.00025223,0.00075562,0.00
000613,-0.01026660,0.01447429,0.00000001,0.00000593,0.00018764,-0.00000140,0.000
00657,-0.00012473,-0.00007528,0.00001775,0.01115775,-0.00512947,0.00271251,0.000
01606,-0.00278938,-0.00132446,-0.00001065,-0.00622779,0.01492120,0.00009787,0.05
549591,0.00174455,-0.00131599,-0.00001247,-0.00066464,-0.00304857,-0.00001729,0.
00882623,-0.00135255,-0.00006568,-0.00402581,-0.08921116,0.00000916,-0.00001191,
0.00057323,-0.00000595,-0.00001767,-0.00067659,0.00005442,-0.00006219,0.00857215
,0.00009672,0.00052366,-0.16299189,0.00295177,0.07130999,0.00049910,-0.00283199,
-0.03176951,-0.00023034,-0.00128732,0.00077110,0.00000482,0.01207071,0.00228828,
0.00001959,0.00189431,0.01007459,-0.00679294,-0.00017834,-0.02038454,0.00068146,
-0.00003474,-0.00289064,-0.00078814,-0.00000647,-0.00373816,0.00567225,-0.000007
00,0.00634596,-0.00205287,0.00006258,-0.00014319,0.01903539,-0.00014918,-0.00004
127,0.00391293,-0.00002128,-0.00000437,-0.00011373,-0.00002337,-0.00000354,0.006
35344,0.00006118,0.00017349,-0.02587768,-0.00059930,-0.00012282,0.00045318,0.000
25289,0.00030669,0.00044048,0.00063052,-0.00234144,0.00385521,-0.02549041,-0.003
69408,0.00172773,0.00101766,0.00307828,-0.00368010,0.02243152,0.00050155,-0.0002
2016,0.00041946,0.00030418,0.00008104,-0.00043321,0.00178320,-0.00233791,-0.0000
4124,-0.00502640,0.04504839,-0.06184072,-0.00174361,-0.00222179,0.00198583,0.004
73833,-0.03739330,-0.00008125,-0.00013940,-0.00003097,-0.00000603,-0.00019847,0.
00065708,-0.00081148,0.00144054,-0.00089722,0.00304820,-0.06118626,0.07331323,0.
00130437,0.00337140,-0.00310996,-0.00290596,0.05825617,-0.06860778,-0.00059887,-
0.00011650,-0.00045553,0.00025338,0.00031272,-0.00043653,0.00063401,-0.00228459,
-0.00388642,-0.02548472,-0.00373826,-0.00189514,0.00101492,0.00302932,0.00372842
,0.00092176,-0.00067648,-0.00023773,0.02242465,0.00050082,-0.00021613,-0.0004215
2,0.00030358,0.00007214,0.00042522,0.00177140,-0.00231766,0.00002306,-0.00505237
,0.04330049,0.06140707,-0.00172260,-0.00214561,-0.00197409,-0.00067792,-0.002598
68,-0.00165973,0.00476228,-0.03573887,0.00008774,0.00013662,-0.00003542,0.000009
90,0.00019049,0.00066548,0.00083859,-0.00146342,-0.00092096,-0.00323448,0.060754
12,0.07505544,-0.00132430,-0.00335416,-0.00318339,0.00023074,0.00164188,-0.00140
082,0.00307915,-0.05778213,-0.07025533,0.00005454,-0.00026210,-0.00002541,0.0000
5522,-0.00010484,-0.00004010,0.00017036,-0.00021720,0.00082432,-0.00089047,-0.00
005092,-0.00082224,-0.00003187,0.00057311,0.00037441,-0.00028763,0.00007620,-0.0
0002588,0.00072027,-0.00005325,0.00024343,-0.00012110,-0.00000780,-0.00002840,0.
00001452,0.00001938,0.00006511,-0.00006971,-0.00060356,-0.00429679,-0.00603705,0
.00159053,-0.00010146,0.00011121,0.00010474,0.00023878,0.00027039,-0.00017884,0.
00000092,-0.00010989,-0.00077443,-0.00022359,-0.00019311,-0.00006994,0.00439042,
-0.00000781,0.00003816,-0.00003840,0.00003101,0.00002899,-0.00006871,0.00006250,
-0.00615602,-0.00909135,0.00039513,-0.00026900,-0.00014403,0.00010918,0.00000524
,0.00014135,-0.00003493,-0.00008021,0.00013185,0.00010371,-0.00012466,-0.0000779
7,-0.00049831,0.00632014,0.00936545,0.00005451,-0.00026239,0.00002178,0.00005521
,-0.00010537,0.00003875,0.00017137,-0.00021261,-0.00081685,-0.00089098,-0.000062
94,0.00082057,-0.00003132,0.00057840,-0.00036640,0.00072067,-0.00004993,-0.00024
325,-0.00028770,0.00007574,0.00002648,0.00025063,-0.00000042,-0.00002588,-0.0001
2223,-0.00000789,-0.00002765,-0.00001438,0.00001974,0.00006450,0.00007163,-0.000
60965,-0.00447156,0.00610223,0.00159614,-0.00010373,-0.00010881,0.00010660,0.000
24268,-0.00026882,-0.00077310,-0.00022808,0.00019009,-0.00017944,-0.00000176,0.0
0010778,-0.00000112,-0.00004855,0.00028278,-0.00006967,0.00457162,0.00000781,-0.
00003831,-0.00003911,-0.00003058,-0.00002721,-0.00006809,-0.00006062,0.00622165,
-0.00891759,-0.00037327,0.00026951,-0.00014126,-0.00010787,-0.00000313,0.0001368
9,-0.00011383,0.00012247,-0.00007388,0.00003190,0.00007839,0.00013460,0.00002641
,-0.00028029,-0.00022337,0.00048653,-0.00638858,0.00918539,0.18824794,0.25454113
,0.00194289,-0.00195150,0.00384288,0.00002582,0.00012095,-0.00031909,-0.00000229
,-0.00066341,-0.00062241,-0.00000487,-0.01476686,0.00333368,0.00001374,0.0004023
1,0.00009295,-0.00004098,0.00040230,0.00009231,0.00004274,0.00008006,-0.00007966
,-0.00013458,0.00007984,-0.00008160,0.00013352,-0.17195161,0.30883790,0.16802713
,0.00162774,-0.00024949,-0.00988989,-0.00007622,0.00000640,-0.00056537,-0.000005
08,-0.00165317,0.00111235,0.00000637,-0.04569096,0.00716618,0.00000558,-0.000335
10,-0.00013042,0.00003555,-0.00033463,-0.00013032,-0.00003806,0.00011006,0.00000
356,-0.00004541,0.00010919,0.00000254,0.00004550,-0.26080020,-0.16559575,0.00232
994,0.00159658,-0.03543592,-0.00000335,-0.00007387,0.00078177,0.00000003,-0.0000
0527,0.00014803,-0.00001221,0.00000696,0.00008628,-0.00033573,0.00003372,0.00270
477,0.00002748,-0.00003041,0.00001846,-0.00003182,0.00002840,0.00001837,-0.00005
663,-0.00002620,0.00000518,0.00005828,0.00002607,0.00000642,-0.00197599,-0.00155
596,0.03166664,0.00320805,0.00140299,-0.00047084,0.00001223,0.00000223,-0.000670
27,-0.00031378,0.00001335,0.00000003,-0.00053576,-0.00102215,0.00048174,0.000004
24,0.00054692,0.00097226,-0.00000735,0.00000484,-0.00019562,0.00000367,0.0000081
7,-0.00012994,0.00047469,-0.00058146,-0.00000407,0.00043660,-0.00071744,-0.00000
495,0.03892506,0.00101483,0.00056577,0.00000213,-0.00059565,0.00131372,0.0000080
1,-0.03495806,-0.11163423,0.00000731,0.00000121,0.00034860,-0.00000408,0.0000079
4,0.00014240,-0.00006448,0.00120061,-0.28286616,-0.00279293,0.00028514,0.0000007
6,-0.00088929,-0.00341351,-0.00002475,0.02925286,-0.00027256,-0.00000071,0.00113
941,-0.00116388,-0.00008485,0.00000281,0.00054009,-0.00165652,-0.00001029,0.0027
5529,0.01279684,-0.00010046,-0.00084525,-0.10891988,-0.00000957,0.00000364,-0.00
057248,0.00000344,-0.00001256,-0.00016997,0.00002087,-0.00010220,0.02711079,0.00
010408,0.00058236,-0.19067856,0.00155948,-0.00027462,-0.00000118,0.00028902,0.00
119798,0.00000875,-0.00224460,0.00074007,0.00000437,0.01080595,0.00412453,0.0000
3434,-0.00628733,0.00101433,-0.00053932,-0.00000477,-0.00077007,0.00032194,0.000
00235,0.00000759,-0.00289402,-0.00001587,0.00405570,0.00524193,0.00002402,-0.007
00544,-0.00132496,0.00000800,-0.00000551,0.00021161,-0.00000528,0.00000348,-0.00
007012,-0.00000085,-0.00001545,-0.00066761,0.00003385,0.00002406,0.00219868,-0.0
0005302,-0.00000698,-0.00091065,-0.00047299,-0.00028851,0.00026554,0.00036510,0.
00121633,0.00054400,-0.00243898,0.00152795,0.00679389,-0.01687584,-0.00046445,0.
00644052,0.00007999,0.00081191,-0.00455407,0.02032963,-0.00038090,0.00004176,-0.
00001686,0.00002175,-0.00057770,-0.00052884,0.00898254,-0.00472933,0.00119767,-0
.00712123,0.04926326,-0.07084290,0.00077986,-0.00085130,0.00224977,-0.00213102,-
0.03982789,0.00001644,-0.00001090,0.00015272,0.00044961,0.00090942,0.00029123,-0
.00648563,0.00610752,0.00115218,0.01331513,-0.07485277,0.08358821,0.00063274,0.0
0271429,-0.00042570,-0.00799648,0.06591032,-0.08511515,-0.00047266,-0.00028471,-
0.00027034,0.00036623,0.00122501,-0.00052651,-0.00243871,0.00163174,-0.00677543,
-0.01685296,-0.00045739,-0.00656359,0.00007547,0.00075001,0.00456582,-0.00203600
,0.00065982,0.00042197,0.02031117,-0.00038064,0.00004139,0.00001484,0.00002756,-
0.00057210,0.00051657,0.00889061,-0.00462409,-0.00126976,-0.00701088,0.04719344,
0.07031605,0.00079138,-0.00078046,-0.00225396,0.00066793,-0.00294096,-0.00188861
,-0.00217039,-0.03795799,-0.00002259,0.00000898,0.00015276,-0.00044917,-0.000920
32,0.00028451,0.00660897,-0.00618806,0.00104666,-0.01353237,0.07433350,0.0856351
5,-0.00062092,-0.00271848,-0.00049202,-0.00041766,0.00181245,0.00245428,0.008087
93,-0.06524057,-0.08696658,-0.00027700,0.00003289,0.00005185,0.00019883,0.000468
19,0.00001142,-0.03099934,0.01539720,0.00586190,-0.00200360,-0.00225265,-0.00661
839,-0.00217791,0.00057312,0.00006861,-0.00102371,0.00031082,-0.00036883,0.00211
474,-0.00120896,-0.00008058,0.03628700,-0.00001069,-0.00008878,0.00000901,0.0001
4484,-0.00012244,-0.00014690,0.00778323,0.05317148,0.09847227,0.00721830,-0.0019
4689,-0.00042070,-0.00028223,0.00051677,-0.00001807,-0.00009637,-0.00012817,0.00
091624,-0.00131076,-0.00022612,-0.00022688,-0.01533643,-0.04604494,-0.00017309,-
0.00008854,0.00003682,0.00015134,0.00012209,-0.00015224,-0.00540101,0.10410058,0
.12822686,0.00353875,-0.00655309,-0.00341363,-0.00022552,0.00014926,0.00014748,-
0.00034448,-0.00072995,-0.00030012,0.00087113,-0.00085051,-0.00173579,0.00131363
,-0.09726442,-0.13247769,-0.00027714,0.00003353,-0.00005174,0.00019901,0.0004684
5,-0.00000434,-0.03099879,0.01560060,-0.00582206,-0.00200718,-0.00235432,0.00658
711,-0.00217809,0.00057423,-0.00006310,0.00211566,-0.00121100,0.00006774,-0.0010
2453,0.00030470,0.00037239,-0.00211579,0.00193354,0.00026123,0.03629004,-0.00001
314,-0.00008989,-0.00001083,0.00014681,-0.00012280,0.00014749,0.00782037,0.05607
416,-0.09949203,0.00726750,-0.00204664,0.00044848,-0.00028542,0.00051857,0.00002
303,-0.00129851,-0.00024176,0.00024669,-0.00010022,-0.00012555,-0.00091387,0.001
93577,-0.00510015,0.00110950,-0.01542985,-0.04883521,0.00017256,0.00008677,0.000
03807,-0.00014886,-0.00012113,-0.00015205,0.00533111,-0.10511150,0.12532363,-0.0
0343393,0.00656991,-0.00331031,0.00021880,-0.00014331,0.00014587,-0.00088532,0.0
0087043,-0.00172107,0.00034225,0.00073279,-0.00030192,-0.00024714,-0.00131738,0.
00963545,-0.00134080,0.09843933,-0.12969047,-0.00063572,-0.00033861,-0.00000306,
-0.00011595,0.00003024,0.00000006,0.00003120,-0.00008613,-0.00000070,0.00022357,
0.00011802,0.00000119,0.00007803,-0.00001139,0.00000004,-0.00004286,0.00008937,-
0.00005269,-0.00004274,0.00008870,0.00005400,-0.00000321,-0.00004343,0.00000801,
-0.00000319,-0.00004332,-0.00000867,0.00051087,-0.00046076,0.00014301,-0.0000027
9,-0.00007561,-0.00003810,-0.00000140,0.00001734,-0.00004031,-0.00000158,-0.0001
6320,0.00015931,0.00000381,0.00021389,-0.00020915,-0.00000039,0.00005475,-0.0000
0791,-0.00005220,0.00005688,-0.00000756,0.00005325,0.00008003,-0.00003077,0.0000
0509,0.00008013,-0.00003073,-0.00000590,0.00019655,0.00006219,-0.00000394,-0.000
00272,0.00049778,-0.00000069,-0.00000134,0.00015180,0.00000004,-0.00000164,0.000
18265,-0.00000081,0.00000397,-0.00038787,0.00000165,-0.00000052,-0.00013753,0.00
015405,0.00007793,-0.00007657,-0.00015321,-0.00007684,-0.00007704,0.00000752,-0.
00000317,0.00003287,-0.00000642,0.00000221,0.00003281,0.00000182,0.00000212,-0.0
0021889,0.01295102,-0.12578253,0.00466083,-0.00088012,0.00007384,-0.01582643,-0.
00112056,-0.00007235,-0.00000015,0.00666562,0.00005468,0.00333889,0.00003637,0.0
1123542,-0.04119142,0.00000076,0.00003630,-0.00175906,0.00008362,-0.00029088,0.0
0051738,-0.00082558,-0.00091426,-0.00000716,0.00076068,-0.00047125,-0.00000278,0
.00194294,-0.00014957,0.00050922,0.00000139,-0.00098153,0.00133156,0.00001068,-0
.01684661,0.03507961,-0.00000171,0.00000095,0.00030253,-0.00000642,0.00001097,-0
.00024509,-0.00013948,-0.00001429,0.03572743,-0.00402989,0.00407493,0.00002764,-
0.00674215,-0.00750231,-0.00005622,0.00236655,0.02345507,0.00016130,0.10341751,-
0.00196880,0.00071041,0.00001517,-0.00106786,-0.00548894,-0.00002565,0.01584116,
-0.00414071,-0.00011053,0.05840502,-0.08905004,-0.00001544,0.00001864,-0.0015767
8,-0.00001035,-0.00002934,-0.00197686,0.00010703,-0.00010616,0.01263981,0.000616
12,0.00114255,-0.24461944,-0.03763314,0.08256582,0.00055410,-0.00310259,-0.01089
306,-0.00008064,-0.00189099,0.00200000,0.00001318,-0.03119910,-0.06362985,-0.000
48704,0.09167405,0.06575597,-0.04680166,-0.00045569,-0.01138788,0.04221850,0.000
27946,0.00054610,-0.00285452,-0.00001991,-0.07842372,-0.03455482,-0.00048446,0.0
1842415,0.03727402,0.00043427,-0.00044604,0.02241600,-0.00008416,0.00027974,0.00
210009,0.00000282,-0.00001907,-0.00001823,-0.00059250,-0.00047597,0.02708845,0.0
0021221,0.00062711,-0.04921045,-0.00055815,-0.00049067,0.00057021,0.00163147,0.0
0295914,0.00101181,-0.00100699,-0.00347463,0.00585417,-0.03046783,-0.00318553,0.
00014196,-0.00414194,0.00112656,-0.00577966,0.03208555,0.00080476,-0.00016069,-0
.00015544,0.00105104,0.00104032,-0.00042406,0.00193431,-0.00340114,0.00057360,-0
.00345070,0.06739641,-0.08885901,-0.00514684,-0.00102148,-0.00045539,0.00656322,
-0.05862867,-0.00006482,-0.00049892,0.00052718,-0.00004142,0.00048341,0.00081972
,-0.00023542,0.00204139,-0.00153880,0.00308598,-0.08652503,0.10335315,0.00189420
,0.00142208,-0.00263875,-0.00286815,0.08603048,-0.09830760,-0.00055757,-0.000483
05,-0.00057840,0.00163255,0.00297381,-0.00096859,-0.00100053,-0.00338846,-0.0059
0245,-0.03046389,-0.00328110,-0.00034311,-0.00414636,0.00104568,0.00579342,0.001
48677,-0.00194671,-0.00122702,0.03207869,0.00080359,-0.00016988,0.00014643,0.001
04985,0.00104109,0.00042843,0.00193142,-0.00336347,-0.00059735,-0.00350695,0.064
90372,0.08830684,-0.00511983,-0.00100800,0.00047271,-0.00196044,-0.00472445,-0.0
0315320,0.00661900,-0.05618416,0.00007504,0.00048843,0.00053579,0.00005733,-0.00
047684,0.00081787,0.00026362,-0.00207130,-0.00158293,-0.00329063,0.08597315,0.10
584190,-0.00196910,-0.00139761,-0.00264781,0.00120346,0.00311578,-0.00225763,0.0
0311321,-0.08542238,-0.10074525,-0.00021208,-0.00001520,-0.00009343,0.00020331,-
0.00013681,-0.00004745,0.00038870,-0.00029112,0.00176468,-0.00193687,-0.00070578
,-0.00160456,0.00050423,0.00084730,0.00055928,-0.00035754,0.00006539,0.00004488,
0.00122854,0.00018053,0.00050266,-0.00035012,0.00009110,-0.00000931,-0.00009855,
0.00021867,0.00028011,-0.00016026,-0.00090378,-0.01135392,-0.01508135,0.00265978
,0.00014388,0.00013551,-0.00031866,-0.00003681,0.00055304,-0.00029908,-0.0000129
6,-0.00014376,-0.00133367,-0.00031438,-0.00023560,-0.00012054,0.01133665,0.00005
234,-0.00015795,0.00002348,0.00010254,0.00007332,-0.00010235,0.00016546,-0.01591
886,-0.02296724,0.00063940,-0.00068893,-0.00024809,0.00027852,0.00031852,-0.0000
5405,-0.00012781,-0.00006324,0.00022269,0.00006050,-0.00026410,-0.00020284,-0.00
104239,0.01588940,0.02374009,-0.00021212,-0.00001670,0.00009293,0.00020337,-0.00
013739,0.00004584,0.00039090,-0.00028449,-0.00174222,-0.00193799,-0.00072937,0.0
0159238,0.00050519,0.00085554,-0.00054649,0.00122919,0.00018737,-0.00049840,-0.0
0035763,0.00006595,-0.00004461,0.00040227,0.00006783,-0.00002076,-0.00035248,0.0
0009172,-0.00001296,0.00009813,0.00021992,0.00027879,0.00016595,-0.00091892,-0.0
1179817,0.01523957,0.00266879,0.00013590,-0.00012698,-0.00031402,-0.00002440,-0.
00055297,-0.00133295,-0.00032147,0.00023238,-0.00030103,-0.00001586,0.00014002,0
.00006657,-0.00008873,0.00082853,-0.00011685,0.01179217,-0.00005131,0.00015742,0
.00002718,-0.00009906,-0.00006805,-0.00010109,-0.00015189,0.01607779,-0.02252518
,-0.00060336,0.00069357,-0.00023898,-0.00028238,-0.00031712,-0.00006742,-0.00007
787,0.00026263,-0.00019640,0.00012286,0.00005992,0.00022568,0.00002268,-0.000823
48,-0.00043727,0.00101330,-0.01605990,0.02328693,0.03219808,0.04113400,0.0003143
9,-0.00013169,0.00191777,0.00001364,-0.00112569,-0.00003866,-0.00000104,0.000993
66,0.00032211,0.00000302,-0.01056935,0.00121029,0.00000082,0.00009947,-0.0000618
2,-0.00008981,0.00009944,-0.00006312,0.00008902,0.00012956,-0.00006165,-0.000107
81,0.00012932,-0.00006322,0.00010703,-0.02182280,0.06029908,0.03793515,0.0003383
4,-0.00026527,-0.00284889,-0.00001996,-0.00019818,-0.00000845,-0.00000165,0.0016
2009,-0.00005581,0.00000241,-0.01756770,0.00680918,0.00001684,0.00009438,-0.0001
6586,0.00011118,0.00009553,-0.00016460,-0.00011365,0.00010965,0.00005547,-0.0000
1669,0.00010810,0.00005473,0.00001723,-0.04429569,-0.04161091,0.00045100,0.00032
734,-0.00466989,-0.00000193,-0.00001871,-0.00007060,-0.00000218,-0.00000156,0.00
020770,0.00001227,0.00000166,-0.00026317,-0.00013304,0.00002762,0.00303218,0.000
07188,-0.00002535,0.00001645,-0.00007043,0.00002270,0.00001521,-0.00010636,-0.00
003495,0.00002558,0.00010803,0.00003529,0.00002656,-0.00032925,-0.00033404,0.001
67998,0.00246596,-0.00044594,-0.00065095,-0.00000068,0.00000860,-0.00189386,-0.0
0038135,0.00021143,0.00000125,-0.00143805,-0.00203329,0.00099156,0.00000537,0.00
034124,-0.00215221,-0.00001476,0.00000665,0.00007520,0.00000117,-0.00002053,0.00
075474,0.00009742,-0.00044639,-0.00000356,0.00000714,0.00028838,0.00000220,-0.00
378005,0.00006074,0.00013931,-0.00000434,-0.00053893,0.00063753,0.00000600,0.003
20536,-0.00467953,0.00000006,-0.00000463,0.00075319,-0.00000370,0.00000648,-0.00
024771,0.00001793,-0.00006569,0.00479297,-0.00479370,0.00108520,0.00000547,-0.00
143941,-0.00507340,-0.00003511,0.00105275,0.00202210,-0.00000085,0.02592545,-0.0
0307526,0.00211875,0.00001941,-0.00036156,-0.00492729,-0.00001197,-0.01267760,0.
00851890,-0.00014367,0.00657326,-0.24522404,-0.00002418,0.00002180,-0.00085169,-
0.00000152,-0.00001467,-0.00327755,-0.00010564,-0.00013524,0.02765197,0.00029486
,0.00115081,-0.40612560,0.00231383,-0.00143839,-0.00000883,0.00210244,0.00604374
,0.00004523,0.00111083,0.00000980,0.00000145,0.00715396,0.01530583,0.00010151,-0
.01182218,0.00355057,-0.00189629,-0.00001027,-0.00053615,0.00445087,0.00004305,0
.00156407,-0.00201183,-0.00000422,0.00602467,0.00997991,-0.00007076,-0.01428309,
-0.01180375,0.00002674,-0.00001313,-0.00016986,-0.00000168,0.00004682,-0.0016308
7,0.00001253,-0.00000511,-0.00129355,0.00003535,-0.00006543,0.02039110,-0.000110
30,-0.00011345,0.00295968,0.00029331,0.00024792,0.00016776,0.00049325,0.00045463
,0.00003635,-0.00133982,-0.00110302,0.00229623,-0.01079844,-0.00473926,0.0128745
2,-0.00064994,0.00161898,-0.00237417,0.00966612,0.00094574,-0.00061115,0.0002583
9,0.00026046,0.00047919,-0.00049977,0.00438555,-0.00011274,-0.00127791,-0.005856
66,0.11622553,-0.19914696,-0.00288812,0.00066812,-0.00000882,0.00222387,-0.10738
904,0.00108450,-0.00100995,0.00041274,0.00064117,0.00161697,0.00210747,-0.003303
27,0.00496303,-0.01153718,0.01629342,-0.14441833,0.17814047,-0.00372704,-0.00010
182,-0.00976897,-0.01120926,0.16907691,-0.14992212,0.00029474,0.00024913,-0.0001
6435,0.00049402,0.00045699,-0.00003170,-0.00134102,-0.00106465,-0.00229994,-0.01
076462,-0.00471893,-0.01316162,-0.00065694,0.00158469,0.00240747,0.00193311,0.00
095278,0.00195811,0.00964014,0.00096141,-0.00062167,-0.00027203,0.00026902,0.000
49544,0.00047710,0.00433636,-0.00006256,0.00144651,-0.00585030,0.11134077,0.1981
8808,-0.00294112,0.00066444,0.00015418,0.00101612,-0.00813353,-0.03101434,0.0022
5624,-0.10257743,-0.00107105,0.00099549,0.00042183,-0.00063923,-0.00163942,0.002
09044,0.00337718,-0.00480068,-0.01158617,-0.01659655,0.14346074,0.18299140,0.003
69594,0.00025236,-0.00975828,-0.00193053,0.03104006,-0.00985834,0.01142714,-0.16
839950,-0.15470775,-0.00009363,-0.00002115,-0.00010942,0.00010675,-0.00037927,-0
.00005109,0.00206528,-0.00124765,0.00023264,-0.00327981,0.00165262,-0.00388878,0
.00037067,0.00061548,0.00064153,-0.00070421,0.00095427,0.00051412,0.00111288,-0.
00099828,0.00187057,0.00014867,-0.00001060,0.00005347,-0.00010757,0.00023349,0.0
0002815,-0.00018180,-0.00034854,-0.00115655,-0.00033083,0.00054421,0.00094186,0.
00339445,-0.00008216,0.00003394,0.00055210,0.00038725,-0.00061282,-0.00121469,-0
.00011614,-0.00051183,-0.00207211,-0.00045747,0.00136981,0.00017645,-0.00005949,
-0.00006020,0.00016141,0.00016772,-0.00005522,-0.00191760,-0.00042333,-0.0044939
8,0.00164630,-0.00100106,0.00113890,-0.00028958,0.00018232,-0.00012053,-0.000266
87,0.00033691,0.00011452,-0.00004491,-0.00022065,0.00020092,0.00072009,0.0004843
3,0.00335695,-0.00009355,-0.00002278,0.00010907,0.00010688,-0.00037977,0.0000458
6,0.00206335,-0.00124477,-0.00024288,-0.00328240,0.00159590,0.00390688,0.0003710
7,0.00062477,-0.00063212,0.00111499,-0.00097176,-0.00188358,-0.00070394,0.000961
91,-0.00050141,0.00028489,-0.00013459,-0.00020637,0.00015033,-0.00000820,0.00005
106,0.00010915,0.00023556,0.00002793,0.00018325,-0.00037630,-0.00116797,0.000377
83,0.00057156,0.00097600,-0.00339615,-0.00008565,0.00004438,-0.00054985,-0.00011
915,-0.00054436,0.00206137,0.00038202,-0.00062519,0.00120459,-0.00013813,-0.0001
5060,0.00052487,-0.00044656,0.00138403,-0.00017662,0.00006106,-0.00005788,-0.000
15788,-0.00016697,-0.00005513,0.00191995,0.00046930,-0.00448064,-0.00164340,0.00
100058,0.00110735,0.00028895,-0.00017925,-0.00013136,0.00004426,0.00020891,0.000
23134,0.00027141,-0.00034635,0.00012662,0.00020486,-0.00052592,-0.00008795,-0.00
073020,-0.00051296,0.00334106,-0.00010302,0.00058096,0.00000330,-0.00005167,0.00
028075,0.00000183,0.00006413,-0.00009897,-0.00000092,0.00022622,0.00044501,0.000
00397,-0.00029374,-0.00076399,-0.00000534,-0.00000836,-0.00000612,-0.00036816,-0
.00000837,-0.00001135,0.00036794,-0.00001150,-0.00001545,0.00002109,-0.00001163,
-0.00001514,-0.00002133,0.00019794,0.00005482,0.00042591,-0.00000670,-0.00011457
,-0.00003117,-0.00000199,0.00006911,-0.00010455,-0.00000385,-0.00004063,0.000049
62,0.00000865,0.00035917,-0.00012979,0.00000268,0.00001266,0.00003080,0.00004084
,0.00001786,0.00003157,-0.00004152,0.00001958,0.00000457,0.00000838,0.00001767,0
.00000472,-0.00000839,-0.00039568,-0.00028167,-0.00000046,-0.00000640,0.00137052
,-0.00000098,-0.00000176,0.00023863,0.00000028,-0.00000395,0.00044111,0.00000051
,0.00000892,-0.00116635,0.00000267,0.00000204,-0.00047736,0.00036171,0.00001229,
0.00008009,-0.00036160,-0.00001299,0.00007933,-0.00013451,0.00000204,0.00000660,
0.00013476,-0.00000209,0.00000659,-0.00000237,0.00000189,-0.00057916,0.00091588,
-0.00003291,0.00000892,0.00000050,0.00000268,-0.00036916,0.00006696,-0.00004959,
-0.00000035,0.00109659,-0.00034982,-0.00005931,-0.00000103,0.00008306,0.00332396
,-0.00000249,-0.00000085,0.00005636,0.00000101,0.00002109,0.00037292,-0.00129621
,-0.00079696,-0.00000638,-0.00065680,-0.00258039,-0.00001926,0.06075176,0.000667
53,0.00058237,0.00000504,-0.00021282,0.00081944,-0.00000039,0.00184484,-0.056557
72,0.00000406,0.00000420,-0.00007146,-0.00000239,-0.00000174,0.00085631,0.000039
38,-0.00050945,0.01505426,-0.00038462,0.00050415,0.00000341,-0.00069208,0.000058
27,0.00000005,-0.00302489,-0.00796953,-0.00008559,-0.00307452,-0.00087556,0.0003
6297,0.00000257,0.00056505,-0.00017760,-0.00000058,0.00683407,0.01087314,-0.0002
5444,-0.00138644,-0.01949068,-0.00000642,0.00000336,-0.00006755,0.00000366,-0.00
000087,-0.00005105,0.00001993,-0.00026293,0.04711484,-0.00000410,-0.00004595,-0.
01315610,-0.00019537,0.00035980,0.00000236,-0.00018340,0.00079969,0.00000589,-0.
00011359,0.00018373,0.00000151,0.00193433,-0.00179989,-0.00001197,0.00214574,0.0
0140368,-0.00039912,-0.00000317,0.00029163,-0.00270755,-0.00001544,0.00317357,-0
.00303912,-0.00001660,-0.00093979,0.00151831,0.00000720,-0.00062366,0.00132269,0
.00000980,-0.00000376,0.00015797,0.00000227,-0.00001515,-0.00051863,0.00002282,-
0.00001831,-0.00045563,-0.00000584,0.00000671,0.00043213,-0.00000351,0.00000537,
0.00051948,-0.00000213,-0.00013003,-0.00005328,0.00004992,-0.00010032,-0.0000045
9,-0.00270059,0.00164766,0.00798336,0.00209193,-0.00090768,0.00055436,-0.0002485
1,0.00027425,0.00008555,-0.00022327,-0.00002971,0.00005195,-0.00000073,0.0001300
5,0.00016450,0.00001168,0.00250086,-0.00031017,-0.00399107,-0.00227881,0.0021850
3,-0.00328107,0.00007513,0.00032864,0.00003970,-0.00062921,-0.00095193,0.0000615
7,-0.00001004,0.00011648,0.00010639,0.00007181,0.00006060,-0.00175943,0.00188309
,0.00125900,0.00316611,-0.00339397,0.00060373,-0.00052270,0.00004205,-0.00050146
,-0.00185573,0.00323056,-0.00162977,-0.00000212,-0.00013079,0.00005128,0.0000500
4,-0.00010029,0.00000315,-0.00269348,0.00176351,-0.00796360,0.00209623,-0.000903
60,-0.00056561,-0.00024902,0.00027548,-0.00008134,0.00063559,0.00016300,0.000476
79,-0.00022752,-0.00002882,0.00005181,-0.00000023,0.00013156,0.00016567,-0.00001
003,0.00247098,-0.00033994,0.00397118,-0.00223723,0.00208958,0.00329970,0.000067
70,0.00032964,-0.00002777,0.00017015,-0.00060256,-0.00033258,-0.00065191,-0.0008
5996,-0.00006213,0.00000897,0.00011661,-0.00010454,-0.00007043,0.00005931,0.0017
9032,-0.00190388,0.00128165,-0.00319664,0.00341414,0.00069488,0.00052401,-0.0000
2989,-0.00050195,-0.00047307,0.00033184,-0.00053784,0.00184826,-0.00322035,-0.00
171750,0.00056453,0.00027417,-0.00001271,0.00013347,0.00112330,0.00014346,-0.025
18474,0.00131624,-0.02116900,0.00059947,-0.00079346,-0.00398580,-0.00157628,-0.0
0190376,0.00015933,-0.00055224,0.00084777,0.00001876,0.00097159,-0.00078074,-0.0
0028958,0.02140494,-0.00022047,-0.00033200,-0.00011304,-0.00046475,-0.00075191,-
0.00000685,-0.00672128,0.02330540,0.08784499,0.00713790,0.00138051,0.00075435,0.
00050233,0.00137767,0.00077034,0.00039106,-0.00104897,-0.00080936,-0.00081215,0.
00020950,0.00069502,-0.00646113,-0.00906752,0.00033801,0.00010341,0.00000044,0.0
0114000,0.00107014,-0.00041347,-0.02048373,0.01379626,-0.03179016,0.00611793,-0.
01006442,-0.01788538,-0.00216905,-0.00004213,0.00042925,-0.00210532,0.00137355,0
.00064415,0.00411947,-0.00229240,0.00000101,0.01910835,-0.04643190,0.05634723,0.
00056490,0.00027408,0.00001727,0.00013494,0.00112645,-0.00012679,-0.02523252,0.0
0102964,0.02119407,0.00060185,-0.00086206,0.00399514,-0.00157857,-0.00190133,-0.
00018876,0.00097600,-0.00078743,0.00027951,-0.00055464,0.00084955,-0.00000803,0.
00363425,0.00655534,-0.00583980,0.02144897,-0.00021576,-0.00033207,0.00010805,-0
.00044846,-0.00073669,0.00000173,-0.00691228,0.02474312,-0.08704712,0.00722494,0
.00124383,-0.00047335,0.00047225,0.00138787,-0.00075613,-0.00075255,0.00018670,-
0.00069324,0.00036010,-0.00104059,0.00078576,0.00642244,-0.01511575,0.04253880,-
0.00624053,-0.01037787,-0.00034047,-0.00010783,0.00000014,-0.00114587,-0.0010734
5,-0.00043016,0.02039490,-0.01298923,-0.03318010,-0.00599439,0.01033622,-0.01775
107,0.00217370,0.00005359,0.00042134,-0.00412952,0.00229418,0.00001940,0.0021093
0,-0.00139662,0.00063818,0.00594490,-0.04264233,-0.00733190,-0.01923971,0.045473
58,0.05761355,-0.00023181,-0.00027192,-0.00000211,0.00000035,-0.00005996,-0.0000
0043,0.00015106,-0.00027080,-0.00000180,-0.00014770,0.00012957,0.00000080,0.0000
6466,-0.00005007,-0.00000033,-0.00002671,0.00000837,0.00002872,-0.00002668,0.000
00876,-0.00002859,0.00000498,0.00009316,-0.00022585,0.00000482,0.00008986,0.0002
2716,0.00020702,-0.00031816,0.00006448,-0.00000015,-0.00002571,-0.00004053,-0.00
000036,0.00018660,-0.00007652,0.00000005,-0.00011346,0.00001492,-0.00000043,-0.0
0003708,-0.00011904,-0.00000099,0.00003666,-0.00000318,0.00001166,0.00003665,-0.
00000315,-0.00001117,-0.00004482,0.00004308,-0.00005133,-0.00004371,0.00004147,0
.00005188,0.00032303,0.00007847,-0.00000244,-0.00000013,0.00006017,-0.00000019,-
0.00000038,0.00000780,0.00000146,-0.00000021,-0.00006871,-0.00000093,-0.00000029
,0.00006556,-0.00000024,-0.00000100,0.00001748,-0.00000176,-0.00000864,-0.000034
30,0.00000229,0.00000909,-0.00003436,0.00008228,-0.00006121,-0.00000117,-0.00008
291,0.00006192,0.00000061,0.00000243,0.00000084,-0.00001308,0.02487675,-0.018853
04,-0.04099737,-0.00011382,-0.00022490,-0.01096773,0.00008946,0.00034243,0.00000
298,-0.20457417,0.00950498,-0.01180029,-0.00007263,0.05989829,1.35772250,0.00006
829,-0.00007788,-0.00084734,0.00043305,0.01124649,-0.21506491,-0.00151230,0.0010
2372,0.00000630,0.00052711,-0.00363059,-0.00002526,-0.00174912,0.00075892,-0.000
65683,-0.00000584,0.00111953,0.00289911,0.00002525,-0.00318153,0.00137840,0.0000
0441,-0.00000569,0.00022320,0.00000860,0.00002252,-0.00055270,-0.00002472,-0.000
00490,0.00180912,0.00006605,-0.00046367,-0.00000227,-0.00170327,-0.00164665,-0.0
0001447,-0.00206195,0.00238192,0.00001442,0.05227753,-0.00315852,0.00268836,0.00
002972,-0.00456056,-0.01058487,-0.00009986,0.00253648,0.00066238,-0.00001085,0.0
2065329,-0.00286867,-0.00002148,0.00003127,-0.00173527,-0.00003524,-0.00009819,0
.00305594,0.00001553,-0.00001094,0.00238840,0.00018758,0.00011989,-0.01802378,-0
.03658365,0.00833365,0.00003087,0.20686160,-0.06584219,-0.00047326,0.00424601,-0
.00202464,-0.00001165,-0.04823616,-0.01395081,-0.00013370,-0.12777402,-0.0042717
1,0.03645639,0.00016383,-0.05833485,-1.34115549,-0.01111697,0.00329768,-0.002639
15,-0.00001262,-0.02098075,0.00865416,-0.00003193,0.07688448,1.30723946,-0.00005
899,0.00017107,0.01313104,-0.00041974,-0.01112128,0.21358962,0.00002629,-0.00001
567,-0.00060364,-0.00018382,-0.00002789,0.01144302,0.00060918,0.01103245,-0.2341
5557,-0.00099155,0.00099303,0.00034046,-0.00037075,-0.00067755,-0.00033569,0.000
22803,0.00025105,0.00003245,-0.00007106,-0.00080293,0.00218054,0.00158040,-0.000
32939,-0.00005205,-0.00056992,-0.00034917,0.00072555,0.00027204,-0.00035045,0.00
040734,-0.00010836,0.00006372,-0.00034905,0.00002712,-0.00021213,-0.00008431,0.0
0180058,0.00030062,-0.00131567,0.00011700,0.00035298,0.00059458,-0.00042432,0.00
013055,0.00003454,-0.00011506,-0.00127508,-0.00016574,0.00002159,0.00005461,-0.0
0031539,0.00023344,0.00067165,0.00150258,0.00152177,0.00233720,-0.00128333,-0.00
163355,-0.00196381,-0.00008063,-0.00099165,0.00099793,-0.00032745,-0.00037126,-0
.00068374,0.00032574,0.00022809,0.00025154,-0.00002824,-0.00006828,-0.00077097,-
0.00219355,0.00158208,-0.00032744,0.00005068,0.00013434,0.00023600,0.00038176,-0
.00057367,-0.00035487,0.00073115,-0.00026251,-0.00035218,0.00038751,0.00011584,0
.00006404,-0.00034788,-0.00002751,-0.00020669,-0.00004874,-0.00182292,0.00032240
,-0.00128068,-0.00011659,0.00024140,0.00019126,0.00001421,0.00032740,0.00053845,
0.00041813,-0.00011947,0.00002905,0.00010980,0.00128218,-0.00014541,-0.00002005,
-0.00005478,-0.00031662,-0.00023821,-0.00069466,0.00146423,-0.00151402,-0.002337
53,-0.00132001,-0.00037848,-0.00001476,0.00024882,0.00163780,0.00197301,-0.00002
074,0.00010580,-0.00005241,0.00007615,-0.00008325,0.00051897,0.00024081,0.000024
47,0.00020877,-0.00000723,-0.00043532,-0.00022587,0.00002448,0.00037340,-0.00026
019,-0.00015372,-0.00009044,0.00000855,-0.00000599,-0.00003479,-0.00004754,0.000
05628,0.00016589,0.00009757,-0.00004277,-0.00002999,0.00035428,0.00035115,-0.000
13557,0.00021944,-0.00045152,-0.00104442,0.00011007,0.00034859,0.00021113,-0.000
59659,-0.00031895,0.00005330,-0.00000398,-0.00005007,-0.00002937,-0.00001494,-0.
00010224,-0.00001522,-0.00014620,0.00029639,-0.00009285,-0.00005368,-0.00005461,
0.00016065,-0.00002076,-0.00012288,-0.00026699,-0.00092514,-0.00135755,-0.000340
61,-0.00008504,-0.00010227,0.00046569,0.00030386,0.00019655,0.00001798,-0.000025
89,-0.00005979,0.00005556,0.00000772,0.00005224,-0.00008667,0.00088770,0.0015294
2,0.00010578,-0.00005138,-0.00007671,-0.00008280,0.00052233,-0.00023334,0.000024
15,0.00020757,0.00001177,-0.00043568,-0.00022559,-0.00002808,0.00037377,-0.00026
200,0.00015020,-0.00003467,-0.00004672,-0.00005706,-0.00009042,0.00000843,0.0000
0608,0.00001813,-0.00003686,0.00005141,0.00016569,0.00009621,-0.00004397,0.00003
025,0.00035637,0.00034882,0.00014271,0.00021439,-0.00047978,0.00105718,0.0001054
4,0.00035030,-0.00020456,-0.00058982,-0.00031375,-0.00006125,-0.00001416,-0.0001
0231,0.00001300,-0.00000376,-0.00005086,0.00002949,-0.00003602,-0.00000901,-0.00
008589,-0.00014638,0.00032195,0.00009441,0.00005378,-0.00005339,-0.00015554,0.00
002808,-0.00012101,0.00027166,0.00093789,-0.00132896,0.00034176,0.00009123,-0.00
010361,-0.00047395,-0.00031144,0.00019098,-0.00005587,-0.00000998,0.00005218,-0.
00001807,0.00002602,-0.00005902,-0.00005179,0.00008717,-0.00010200,0.00008303,-0
.00090509,0.00150406,0.01483532,0.00772973,0.00006348,-0.00029267,0.00203615,0.0
0001413,0.00004551,0.00002688,0.00000019,0.00066814,0.00050550,0.00000392,-0.002
42342,0.00458417,0.00003197,0.00018561,-0.00000339,0.00007742,0.00018557,-0.0000
0240,-0.00007733,-0.00004388,0.00001720,0.00003583,-0.00004395,0.00001773,-0.000
03566,-0.01311622,0.01652962,0.01293978,0.00010002,0.00152715,0.00142422,0.00000
836,-0.00060734,-0.00001567,-0.00000085,0.00025918,0.00088280,0.00000565,-0.0028
3709,-0.00532630,-0.00003112,-0.00001044,-0.00001731,0.00004703,-0.00001204,-0.0
0001796,-0.00004825,0.00003193,-0.00002156,-0.00000290,0.00003060,-0.00002138,0.
00000233,-0.01491158,-0.00982663,0.00012621,0.00009497,0.00024050,0.00001050,0.0
0000865,0.00037442,-0.00000433,-0.00000048,0.00005413,0.00000217,0.00000579,0.00
011074,-0.00002093,-0.00002686,-0.00118867,-0.00011580,-0.00009395,0.00006676,0.
00011577,0.00009274,0.00006746,-0.00009232,0.00001527,0.00002088,0.00009269,-0.0
0001586,0.00002076,-0.00011396,-0.00008027,0.00023301,0.00666241,-0.00076530,0.0
0312540,-0.00000145,0.00002415,-0.00032338,-0.00049168,0.00057790,0.00000398,0.0
0116767,0.00025795,0.00019870,0.00000333,-0.00078001,0.00733681,0.00000170,0.000
00352,-0.00024806,-0.00000530,0.00004670,0.00072268,-0.00018539,-0.00141566,-0.0
0001060,-0.00082753,-0.00046196,-0.00000375,0.00110067,-0.00039335,0.00024578,-0
.00000350,-0.00091120,0.00000882,-0.00000027,-0.01397333,0.13371729,-0.00000332,
-0.00000409,0.00070505,-0.00000696,-0.00000001,-0.00002648,-0.00022633,-0.000636
41,0.22186492,-0.00712976,-0.00070588,-0.00000850,0.00004860,0.00171346,0.000013
97,-0.00027724,-0.00184763,-0.00001805,-0.57976643,-0.01046636,0.00655126,0.0000
4845,0.00030642,-0.00735756,-0.00003085,0.02050212,-0.02593842,-0.00023174,-0.10
252269,0.51776468,-0.00007808,0.00005406,-0.00108851,0.00000394,-0.00003004,-0.0
0300590,0.00014127,-0.00024457,0.00822017,-0.00185417,-0.00618552,1.37718737,-0.
00193292,0.00056669,0.00000245,0.00001667,0.00075464,0.00000468,-0.00227434,0.00
236958,0.00001560,-0.00193984,-0.00117607,-0.00001146,0.01984609,0.00078290,-0.0
0393971,-0.00003365,0.00003436,-0.00771456,-0.00006379,0.00045738,0.00085163,0.0
0000655,0.00661594,-0.00687909,-0.00006961,0.00839440,0.01692702,0.00000399,-0.0
0003377,0.00084349,-0.00000046,-0.00006338,0.00123622,0.00000197,0.00000765,-0.0
0003078,0.00004409,-0.00007408,0.00341834,0.00007572,0.00018126,-0.00782357,0.00
182181,0.00061935,-0.00090086,-0.00001651,-0.00056175,-0.00051727,-0.00248383,0.
00433533,-0.00733183,0.29825995,0.04020338,-0.04493722,-0.00624969,-0.00806304,0
.00848736,-0.29623532,0.00543543,-0.00321549,0.00007977,0.00060696,0.00359429,-0
.00107820,-0.00763668,0.00980681,0.00858857,0.04991124,-0.25246159,0.71607979,-0
.00573870,0.00121873,0.00600616,-0.03410006,0.21470154,-0.00565999,0.00396269,-0
.00009486,-0.00190440,-0.00468521,0.00062926,0.01786843,-0.01924914,-0.00419788,
-0.06331086,0.71508632,-0.67548045,-0.00060273,-0.01330480,0.00066787,0.04564576
,-0.70090102,0.67268526,0.00181423,0.00061100,0.00091186,-0.00001929,-0.00057446
,0.00050838,-0.00247171,0.00420814,0.00739463,0.29813365,0.04036794,0.04664099,-
0.00624052,-0.00795644,-0.00860954,0.00381297,-0.00169877,0.00091815,-0.29612867
,0.00535429,-0.00315728,-0.00011729,0.00057849,0.00351153,0.00111995,-0.00737143
,0.00965203,-0.00839963,0.04981401,-0.23214742,-0.70970256,-0.00573976,0.0011146
9,-0.00600631,-0.00171186,0.02371313,0.02309238,-0.03423861,0.19481288,0.0057391
3,-0.00400570,-0.00014548,0.00191206,0.00472563,0.00071479,-0.01797352,0.0194515
9,-0.00405521,0.06515116,-0.70872009,-0.69566832,0.00051292,0.01330204,0.0007627
4,-0.00093740,-0.02274785,-0.00058834,-0.04725657,0.69404922,0.69246728,0.000298
60,0.00010289,0.00026649,0.00013491,-0.00031815,0.00030951,0.00335815,0.00297512
,0.00467946,-0.00311605,0.00577352,0.00194918,-0.00030131,0.00020403,-0.00112534
,0.00086404,-0.00276983,0.00201878,-0.00020863,-0.00318741,-0.00448020,-0.001372
36,0.00033200,0.00006593,-0.00001030,0.00002962,0.00035428,-0.00006093,0.0048823
7,-0.06287481,-0.08381028,-0.00180472,0.00102603,-0.00016000,-0.00017884,-0.0008
9847,-0.00033147,-0.00068515,0.00055239,-0.00090420,0.00013649,0.00107834,0.0021
4670,-0.00254613,0.06035935,0.00040533,-0.00015992,-0.00017063,0.00009380,0.0000
6734,-0.00012342,0.00373532,-0.08446843,-0.11233102,0.00074500,-0.00388062,-0.00
515431,-0.00082638,-0.00007231,0.00055003,0.00024744,-0.00018632,-0.00060128,-0.
00035663,0.00412498,0.00540005,-0.00379128,0.08384602,0.11427252,0.00029936,0.00
010649,-0.00026446,0.00013537,-0.00031363,-0.00031371,0.00336760,0.00294323,-0.0
0450582,-0.00311300,0.00579619,-0.00186440,-0.00030355,0.00018790,0.00112715,-0.
00021415,-0.00324614,0.00442794,0.00086666,-0.00274100,-0.00205638,0.00040712,-0
.00017915,-0.00027647,-0.00138087,0.00033773,0.00006345,0.00001403,0.00003088,0.
00035428,0.00006778,0.00483758,-0.06528370,0.08448671,-0.00179416,0.00096715,0.0
0024523,-0.00019096,-0.00090393,0.00031051,0.00013394,0.00116865,-0.00220691,-0.
00068261,0.00053664,0.00091966,-0.00018396,0.00032500,0.00077144,-0.00250230,0.0
6276075,-0.00040002,0.00016338,-0.00016892,-0.00009308,-0.00006088,-0.00012388,-
0.00353459,0.08514268,-0.10993159,-0.00076835,0.00397456,-0.00509848,0.00082276,
0.00005179,0.00055773,0.00035217,-0.00418905,0.00531527,-0.00025551,0.00019940,-
0.00058816,0.00027648,-0.00074059,-0.00185328,0.00362389,-0.08458341,0.11187963,
-0.00115666,0.00030252,0.00000110,-0.00014822,0.00028391,0.00000181,0.00069363,0
.00029411,0.00000262,-0.00109988,0.00121555,0.00000995,-0.00062058,-0.00065743,-
0.00000494,0.00044073,-0.00076344,0.00059893,0.00044130,-0.00075671,-0.00061119,
-0.00006446,0.00001350,0.00002386,-0.00006455,0.00001387,-0.00002375,0.00157869,
-0.00087529,0.00006196,-0.00000499,-0.00047341,-0.00028659,-0.00000392,0.0001796
0,-0.00018542,0.00000033,0.00062041,-0.00152504,0.00001322,0.00093903,0.00022368
,0.00000343,-0.00017014,0.00092152,-0.00089012,-0.00017267,0.00088545,0.00087881
,-0.00005007,0.00001195,-0.00004218,-0.00005159,0.00001171,0.00004213,0.00005412
,-0.00011922,-0.00000730,-0.00000431,0.00069131,-0.00000359,-0.00000348,0.000224
81,0.00000180,0.00000040,-0.00021718,0.00000570,0.00001356,-0.00332991,0.0000064
4,0.00000252,-0.00018207,-0.00010813,-0.00165185,0.00166514,0.00010426,0.0016398
6,0.00170064,-0.00010308,0.00002505,0.00001134,0.00010226,-0.00002503,0.00001168
,0.00000162,0.00000329,-0.00057577,0.00896504,-0.00182581,0.00364598,-0.00000777
,0.00002616,-0.00016997,0.00030691,0.00068109,0.00000513,0.00156918,0.00075011,-
0.00021768,0.00000013,0.00006209,0.00784865,0.00000562,0.00000009,-0.00017519,0.
00000101,0.00005180,0.00058702,-0.00014450,-0.00142267,-0.00001032,-0.00075163,-
0.00036339,-0.00000280,-0.00000411,-0.00077759,0.00005646,-0.00000126,-0.0002326
3,0.00036652,0.00000519,-0.01418923,0.16981777,-0.00000572,-0.00000163,0.0001702
0,-0.00000187,0.00000511,-0.00038024,-0.00026169,-0.00079132,0.27967796,-0.00631
268,-0.00072979,-0.00000877,0.00162770,0.00288379,0.00002315,0.00392067,-0.01029
506,-0.00007130,-0.63852603,-0.01063691,0.00825602,0.00005340,-0.00192165,-0.010
35453,-0.00005435,0.02696818,-0.03438029,-0.00023163,-0.12001793,0.73107327,-0.0
0007940,0.00005909,-0.00009168,-0.00001111,-0.00005159,-0.00288548,0.00019433,-0
.00025302,0.00028407,-0.00203859,-0.00499761,1.42245182,-0.00444912,0.00092135,0
.00000349,-0.00116170,-0.00035705,-0.00000399,-0.00458250,0.00296037,0.00001706,
0.00606743,-0.00378799,-0.00002091,0.01794180,0.00203727,-0.00382571,-0.00003259
,0.00003022,-0.00639806,-0.00005519,-0.00160954,0.00337697,0.00000562,0.01538522
,-0.02664592,-0.00014876,0.00759236,0.02067899,0.00001145,-0.00003323,0.00090999
,-0.00000122,-0.00005542,0.00134680,-0.00001552,0.00000825,0.00245846,0.00011576
,-0.00015976,-0.00454020,0.00006769,0.00019242,-0.00570115,0.00100061,0.00075618
,-0.00064546,-0.00086360,-0.00135784,-0.00030096,-0.00256548,0.00672104,-0.00646
353,0.31881316,0.04905188,-0.05058330,-0.00621767,-0.01151894,0.00699823,-0.3087
6911,0.00514766,-0.00393931,0.00082012,0.00090689,0.00414014,-0.00037502,-0.0100
5382,0.01140541,0.00461174,0.05715497,-0.34275344,0.83290273,-0.00364232,0.00727
975,0.00271771,-0.04111622,0.33330315,-0.00603599,0.00433883,-0.00033495,-0.0019
8872,-0.00378932,0.00079179,0.01480291,-0.01571038,-0.00128726,-0.07181141,0.816
68461,-0.68901570,0.00117019,-0.01152886,0.00203720,0.05294733,-0.81026781,0.638
19440,0.00099289,0.00075190,0.00065778,-0.00086622,-0.00136635,0.00027960,-0.002
55588,0.00661008,0.00655701,0.31867045,0.04925199,0.05245438,-0.00620816,-0.0114
3121,-0.00717136,-0.00189178,-0.00194495,0.00273724,-0.30864561,0.00506204,-0.00
386508,-0.00086464,0.00087801,0.00408010,0.00042291,-0.00983656,0.01124465,-0.00
444441,0.05707024,-0.31931028,-0.82756705,-0.00362212,0.00715321,-0.00264887,-0.
00193296,-0.01427730,0.02363230,-0.04127692,0.31026550,0.00611033,-0.00438836,-0
.00040145,0.00199950,0.00383462,0.00085445,-0.01494624,0.01589677,-0.00113610,0.
07379599,-0.81135807,-0.71231615,-0.00123151,0.01158870,0.00215423,-0.00281668,-
0.02445425,0.04321657,-0.05463490,0.80554590,0.66110854,0.00042668,0.00011690,0.
00036898,0.00010884,-0.00029660,0.00038794,0.00300746,0.00448019,0.00622436,-0.0
0164047,0.00489150,0.00293031,-0.00034112,0.00011126,-0.00167947,0.00071774,-0.0
0137437,0.00189109,-0.00056785,-0.00410767,-0.00557663,-0.00227110,0.00040290,0.
00004376,-0.00004740,0.00003270,0.00034881,-0.00007277,0.00515818,-0.07933395,-0
.10705544,-0.00113376,-0.00214550,-0.00052739,-0.00039929,-0.00086343,-0.0002837
4,-0.00043156,0.00144320,-0.00031972,0.00010081,0.00237546,0.00203455,-0.0035823
2,0.07747580,0.00041049,-0.00025446,-0.00015515,0.00007442,0.00007544,-0.0001385
1,0.00497314,-0.10830143,-0.14124085,0.00026616,-0.00315858,-0.00520092,-0.00068
927,-0.00012134,0.00077380,0.00046095,-0.00025122,-0.00047377,-0.00045414,0.0038
8649,0.00503141,-0.00475336,0.10716914,0.14423369,0.00042757,0.00012185,-0.00036
661,0.00010937,-0.00029096,-0.00039185,0.00302005,0.00444248,-0.00599690,-0.0016
3683,0.00492909,-0.00285625,-0.00034384,0.00008719,0.00167960,-0.00057473,-0.004
18222,0.00551114,0.00072045,-0.00134758,-0.00190913,0.00062519,-0.00017252,-0.00
030131,-0.00228176,0.00040865,0.00003941,0.00005065,0.00003367,0.00034875,0.0000
7976,0.00510399,-0.08241646,0.10790012,-0.00113050,-0.00219869,0.00056893,-0.000
40938,-0.00086887,0.00025983,0.00009673,0.00246044,-0.00207114,-0.00042534,0.001
43468,0.00034646,-0.00017792,0.00064810,0.00098037,-0.00352497,0.08054476,-0.000
40404,0.00025738,-0.00015170,-0.00007366,-0.00006883,-0.00013898,-0.00473614,0.1
0914533,-0.13817092,-0.00027824,0.00320705,-0.00515136,0.00068222,0.00009801,0.0
0078196,0.00044916,-0.00392795,0.00495332,-0.00046569,0.00027688,-0.00046797,0.0
0030279,-0.00093075,-0.00284597,0.00453625,-0.10808135,0.14117540,-0.00121340,0.
00062900,0.00000356,-0.00007884,0.00033619,0.00000227,0.00065593,0.00028035,0.00
000259,-0.00098339,0.00127184,0.00001053,-0.00070513,-0.00068383,-0.00000515,0.0
0035086,-0.00089562,0.00077621,0.00035171,-0.00088648,-0.00079074,-0.00006536,0.
00002485,0.00001291,-0.00006546,0.00002507,-0.00001265,0.00175309,-0.00056834,-0
.00019386,-0.00000456,-0.00047038,-0.00016271,-0.00000242,0.00024485,-0.00013709
,0.00000184,0.00081283,-0.00154064,0.00001468,0.00074408,0.00011307,0.00000281,-
0.00026831,0.00093797,-0.00096851,-0.00027002,0.00089905,0.00095367,-0.00006097,
0.00000774,-0.00002441,-0.00006236,0.00000787,0.00002422,-0.00010138,0.00006861,
-0.00000498,-0.00000387,0.00039990,-0.00000348,-0.00000195,0.00013834,0.00000234
,0.00000186,-0.00037532,0.00000726,0.00001494,-0.00353439,0.00000503,0.00000199,
-0.00022110,-0.00004574,-0.00177605,0.00191840,0.00004008,0.00176050,0.00195647,
-0.00009602,0.00003353,0.00001625,0.00009504,-0.00003362,0.00001622,0.00000046,0
.00000267,-0.00031477,0.00796721,0.00009961,0.00383504,0.00000536,0.00002839,-0.
00013931,0.00068664,-0.00037796,-0.00000240,0.00051415,0.00009418,-0.00009629,-0
.00000181,-0.00004030,0.00633973,0.00000097,-0.00000208,0.00016541,-0.00000062,0
.00003742,0.00108715,0.00042288,-0.00436670,-0.00002956,0.00289028,-0.00106544,-
0.00001435,-0.93627103,-0.04048483,0.03541265,0.00024565,-0.09175920,0.02490177,
0.00002040,-0.37856717,3.17252123,-0.00028703,0.00026639,-0.00230683,-0.00066085
,0.00007246,0.01465156,-0.00740498,-0.02937476,7.26260454,-0.00191642,0.00135979
,0.00000860,-0.00237660,0.00128799,0.00000790,-0.00027467,0.02473231,0.00012073,
0.00534094,0.00122708,-0.00040712,-0.00000215,0.00102808,-0.00149261,-0.00000905
,-0.01767612,-0.05892034,-0.00111832,0.00158690,0.01441369,0.00000765,-0.0000020
7,-0.00000733,0.00000605,-0.00000890,-0.00014095,-0.00018157,-0.00109397,0.09652
918,0.00000836,0.00002889,0.01048828,-0.00473971,0.00252377,0.00001519,0.0003321
8,0.00019701,0.00000222,-0.01786537,0.25597561,0.00183753,0.00132888,-0.00439330
,-0.00003020,0.00714404,0.00272928,-0.00152057,-0.00001025,0.00004251,-0.0050089
9,-0.00002789,0.00608905,-0.06608331,-0.00018099,-0.00292920,-0.00204685,-0.0000
1185,0.00089415,0.00545584,0.00001666,-0.00001037,0.00013722,0.00000112,-0.00002
780,-0.00109318,0.00005623,-0.00003755,-0.04020389,-0.00001976,-0.00001269,-0.00
061994,0.00001018,0.00003575,0.00051316,0.00012061,-0.00013207,-0.00006867,0.000
02255,-0.00032846,0.00021701,0.00027101,0.00561164,0.02838003,0.00008671,0.00123
941,-0.00162770,0.00009755,0.00038730,0.00037743,-0.00096750,0.00019628,-0.00004
835,-0.00000257,0.00046767,0.00012219,-0.00000807,-0.00010951,-0.01042846,0.0021
8618,-0.00037903,-0.00598315,0.00830077,-0.00097849,0.00023075,0.00007176,0.0013
6723,0.00477071,0.00012691,-0.00002524,-0.00004676,0.00004747,0.00047314,-0.0000
4435,-0.00180945,0.03818686,-0.02769452,-0.00097506,0.00842857,-0.00793449,-0.00
051526,-0.00062968,0.00025419,0.00025302,-0.00741240,0.00973663,0.00012068,-0.00
013307,0.00006697,0.00002285,-0.00032479,-0.00022159,0.00030143,0.00605912,-0.02
826436,0.00008370,0.00122567,0.00165462,0.00009740,0.00039192,-0.00037206,-0.000
41381,0.00007569,0.00007812,-0.00096693,0.00019806,-0.00004875,0.00000277,0.0004
6829,0.00012879,0.00001108,-0.00013316,-0.00985651,-0.00193178,-0.00038344,-0.00
574508,-0.00827001,-0.00098565,0.00022281,-0.00007334,0.00007673,0.00019753,0.00
005667,0.00136232,0.00456038,-0.00012390,0.00002506,-0.00004643,-0.00004071,-0.0
0047105,-0.00005124,0.00184019,-0.03792562,-0.02829689,0.00097896,-0.00839596,-0
.00816955,0.00050107,0.00062968,0.00026228,-0.00007725,-0.00005053,-0.00022714,-
0.00024597,0.00734017,0.00994640,-0.00007181,0.00156259,-0.00017520,-0.00125415,
0.00011240,0.00024479,0.47527404,0.11187263,0.10547302,-0.00133488,0.00792158,0.
00956829,0.00742568,-0.00390884,-0.00076502,0.00165319,-0.00069836,0.00132252,-0
.00078940,0.00007024,-0.00148248,-0.49804075,0.01929098,-0.01744897,0.00058049,0
.04470453,-0.01213574,-0.00539965,0.19763130,-1.50323457,-3.07852851,-0.01231050
,0.03001002,-0.04199417,-0.12582399,0.03370720,0.01526414,-0.01561003,0.00518025
,-0.00918628,0.00716088,0.00545723,0.02943102,-0.11208189,1.60221186,0.02575095,
-0.02338665,0.00095186,0.06013034,-0.01688575,-0.00742891,0.26082026,-2.66650991
,-3.68727673,-0.03111261,0.04067192,-0.04527534,-0.17058857,0.04722843,0.0206082
7,-0.01810482,0.00552941,-0.01276412,0.00947579,0.00816804,0.03933546,-0.1265321
8,2.85394610,3.45953884,-0.00004262,0.00153324,0.00019594,-0.00118522,0.00009648
,-0.00023631,0.47568657,0.11025249,-0.09915756,-0.00135963,0.00810289,-0.0094036
6,0.00723005,-0.00386514,0.00069476,-0.00078023,0.00005908,0.00143765,0.00163404
,-0.00067335,-0.00131580,0.01715404,-0.00483411,-0.01228516,-0.49832427,0.019656
94,-0.01777050,-0.00082486,0.04555097,-0.01245283,0.00538032,0.19774407,-1.58557
490,3.10872370,-0.01280197,0.02997591,0.04305248,-0.12822554,0.03459643,-0.01521
193,0.00732963,0.00600002,-0.02989793,-0.01587735,0.00512461,0.00942312,-0.00472
539,-0.14308799,-0.24798539,-0.11055114,1.68395558,-0.02547464,0.02312170,0.0012
4420,-0.05947997,0.01681473,-0.00718076,-0.25326979,2.69660565,-3.60534893,0.030
98400,-0.03958999,-0.04521648,0.16876275,-0.04703485,0.01991467,-0.00941824,-0.0
0864318,0.03878350,0.01789686,-0.00527528,-0.01268933,0.01195977,0.24250077,0.24
120663,0.12044823,-2.87939154,3.37807863,-0.00254745,-0.00206920,-0.00001624,0.0
0034732,-0.00002908,-0.00000003,-0.00043513,-0.00369259,-0.00003653,0.00042198,-
0.00026219,-0.00000183,-0.00105068,0.00016897,0.00000047,-0.00009007,-0.00000056
,0.00003408,-0.00008995,-0.00000005,-0.00003411,-0.00001595,0.00187283,0.0024459
9,-0.00001273,0.00189978,-0.00240896,0.00347266,-0.00300759,-0.00190713,-0.00001
566,-0.00008459,-0.00030603,-0.00000248,0.00045369,0.00126243,-0.00011437,-0.000
16284,0.00019552,-0.00000117,0.00081643,0.00044668,0.00000203,0.00005862,-0.0000
4150,0.00000627,0.00005961,-0.00004100,-0.00000589,-0.00012496,-0.00065930,-0.00
077620,-0.00012046,-0.00076634,0.00089199,0.00211209,0.00181667,-0.00002293,-0.0
0001513,0.00004796,-0.00000042,-0.00000245,0.00003527,-0.00000697,-0.00011675,0.
01734251,-0.00000112,-0.00000123,0.00034662,0.00000509,0.00000166,0.00022722,0.0
0006919,0.00002864,-0.00006295,-0.00006838,-0.00002833,-0.00006356,0.00038648,-0
.00661393,-0.00889594,-0.00037809,0.00673202,-0.00879213,0.00001716,0.00001548,-
0.00018500,0.00775515,0.00007231,0.00362611,0.00000505,0.00002695,-0.00014880,0.
00071777,-0.00018533,-0.00000102,0.00017685,0.00063317,-0.00036848,-0.00000367,0
.00041114,0.00792885,0.00000481,-0.00000414,0.00019671,0.00000267,0.00005220,0.0
0063912,0.00086088,-0.00443452,-0.00003095,0.00299146,-0.00039642,-0.00001071,-1
.05388256,-0.04020086,0.03431911,0.00022366,-0.09060829,0.02190319,-0.00001516,-
0.43328211,4.11195182,-0.00028591,0.00024419,-0.00029256,-0.00065378,0.00003662,
0.01673411,-0.00870469,-0.03316801,8.72972942,-0.00177427,0.00128032,0.00000800,
-0.00157650,0.00120863,0.00000752,0.01953335,0.02266305,0.00011748,-0.00667736,0
.00095010,-0.00023847,-0.00000255,0.00021594,-0.00184070,-0.00001536,-0.02819086
,-0.06891702,-0.00119398,0.00559875,0.01934053,0.00000564,-0.00000236,0.00019551
,0.00000044,-0.00001479,0.00033147,-0.00024503,-0.00116479,0.09629919,0.00002794
,0.00003998,0.01418301,-0.00474838,0.00228907,0.00001356,0.00027152,-0.00080829,
-0.00000505,-0.01877696,0.25139923,0.00180678,0.00138947,-0.00318766,-0.00002089
,0.00722235,0.00221878,-0.00127676,-0.00000828,-0.00061298,-0.00614387,-0.000037
21,0.00465877,-0.05873831,-0.00009967,-0.00166620,-0.00247676,-0.00000580,0.0014
1474,0.00650281,0.00001305,-0.00000824,0.00006355,-0.00000365,-0.00003732,-0.000
97399,0.00004791,0.00004196,-0.04438114,-0.00001005,-0.00000667,-0.00179796,0.00
001369,0.00004039,0.00095037,0.00013264,-0.00009822,0.00002705,0.00002703,-0.000
29339,0.00020721,-0.00000777,0.00475846,0.03128686,0.00051492,0.00103025,-0.0014
5600,0.00000825,0.00031128,-0.00014025,-0.00091024,0.00014105,-0.00008669,-0.000
00196,0.00040982,-0.00010977,-0.00003810,0.00077671,-0.01127709,-0.00086135,-0.0
0111237,-0.00517692,0.00854204,-0.00076091,0.00024366,0.00012378,0.00105768,0.00
528485,0.00013934,-0.00000734,-0.00009282,0.00001658,0.00043544,-0.00012677,-0.0
0135665,0.03631045,-0.02961144,-0.00144116,0.00915987,-0.00655219,-0.00048813,-0
.00072012,0.00041385,0.00036645,-0.00766927,0.00824334,0.00013283,-0.00009784,-0
.00002819,0.00002729,-0.00028991,-0.00021119,0.00002651,0.00524529,-0.03118124,0
.00051159,0.00101984,0.00147887,0.00000753,0.00030843,0.00014420,-0.00048407,-0.
00015301,-0.00002238,-0.00090941,0.00014301,-0.00008682,0.00000221,0.00040996,-0
.00010411,0.00003890,0.00075590,-0.01077555,0.00113103,-0.00112306,-0.00492487,-
0.00852015,-0.00076764,0.00023520,-0.00012721,-0.00015332,0.00039521,0.00001460,
0.00105409,0.00506679,-0.00013706,0.00000731,-0.00009288,-0.00001056,-0.00043545
,-0.00013269,0.00140189,-0.03603590,-0.03014726,0.00143348,-0.00913552,-0.006800
92,0.00047677,0.00071793,0.00042303,0.00001993,-0.00000547,-0.00025710,-0.000362
03,0.00762520,0.00846057,-0.00039420,0.00158617,-0.00023648,-0.00157800,-0.00020
342,0.00008877,0.52471610,0.14251398,0.15554928,-0.00623391,0.01133922,0.0093526
0,0.00799858,-0.00346897,-0.00065306,0.00151162,-0.00052794,0.00112855,-0.000724
99,0.00018279,-0.00166708,-0.51934533,0.01932032,-0.01693554,-0.00018323,0.04461
792,-0.01032693,-0.00672986,0.22991613,-1.95944851,-3.74790375,-0.01314304,0.032
03119,-0.04092361,-0.12407814,0.03019796,0.01771581,-0.01520722,0.00580087,-0.00
790861,0.00834248,0.00446724,0.02914175,-0.14836933,2.12171702,0.02585559,-0.023
32223,-0.00009871,0.05943632,-0.01618760,-0.00847067,0.29976430,-3.29303378,-4.4
2767675,-0.02469012,0.04264140,-0.04810403,-0.16755223,0.04464633,0.02290267,-0.
01927471,0.00591395,-0.01063400,0.01117985,0.00553768,0.03920093,-0.17514748,3.5
0279743,4.10404818,-0.00036497,0.00155601,0.00025838,-0.00151004,-0.00022076,-0.
00008399,0.52522928,0.14087674,-0.14790084,-0.00625156,0.01151934,-0.00914160,0.
00780654,-0.00342662,0.00058709,-0.00071409,0.00016597,0.00162403,0.00149090,-0.
00050525,-0.00112201,-0.00596334,-0.00311524,-0.01169092,-0.51973900,0.01968688,
-0.01726735,-0.00003895,0.04545293,-0.01065361,0.00675092,0.22980372,-2.06031980
,3.78192421,-0.01354166,0.03203941,0.04205082,-0.12643371,0.03108650,-0.01774430
,0.00853507,0.00496857,-0.02962005,-0.01548976,0.00576923,0.00812471,-0.00297544
,-0.20682172,-0.26811766,-0.14677675,2.22198512,-0.02557802,0.02307946,0.0002038
6,-0.05878645,0.01615672,-0.00821196,-0.29085890,3.32695302,-4.32731863,0.024547
96,-0.04148575,-0.04809459,0.16574964,-0.04453499,0.02220617,-0.01110508,-0.0060
2547,0.03868869,0.01906979,-0.00568082,-0.01058164,0.01125332,0.26035533,0.33736
696,0.16779276,-3.52980342,4.00417375,-0.00231743,-0.00196796,-0.00001540,0.0004
5262,-0.00004074,-0.00000004,-0.00069030,-0.00336550,-0.00003395,0.00056428,-0.0
0029493,-0.00000197,-0.00117890,0.00026276,0.00000109,-0.00007830,0.00000301,0.0
0003337,-0.00007818,0.00000351,-0.00003333,0.00001347,0.00171611,0.00211941,0.00
001626,0.00173872,-0.00208502,0.00329648,-0.00296475,-0.00168512,-0.00001419,-0.
00011113,-0.00028457,-0.00000220,0.00039267,0.00130217,-0.00010929,-0.00016442,0
.00016362,-0.00000136,0.00093331,0.00036959,0.00000179,0.00005940,-0.00004269,0.
00000504,0.00006038,-0.00004231,-0.00000456,-0.00007704,-0.00068158,-0.00087553,
-0.00007345,-0.00078635,0.00098594,0.00194502,0.00168724,-0.00002250,-0.00001361
,0.00006615,-0.00000054,-0.00000216,0.00001468,-0.00000716,-0.00011145,0.0166650
7,-0.00000104,-0.00000143,0.00034052,0.00000587,0.00000141,0.00019346,0.00006852
,0.00002186,-0.00007154,-0.00006768,-0.00002144,-0.00007203,0.00033159,-0.006361
27,-0.00853458,-0.00032291,0.00647374,-0.00843260,0.00001585,0.00001435,-0.00016
912,3.25326532,3.53758617,1.42846385,0.02785425,0.02176750,-1.34011388,-0.045843
06,-0.01894944,-0.00016383,-0.00390205,0.05782060,0.02274977,0.00016509,-0.00455
761,0.03120497,0.00038342,0.00012102,0.00424813,-0.00003635,0.00019974,0.0028190
0,0.02235107,0.01622950,0.00012846,0.00226521,0.00209297,0.00001626,-0.00367855,
0.00789409,0.00427316,0.00003420,0.00089400,-0.00020767,-0.00000042,-0.00485836,
0.00678780,0.00006904,0.00003898,0.00011166,0.00000772,0.00000027,-0.00007699,-0
.00004200,-0.00001967,0.00915533,-0.05149001,-0.03115522,-0.00024963,-0.00483883
,-0.00406556,-0.00003145,0.00476000,0.00063155,0.00000771,-0.00244408,-0.0526483
4,-0.02219867,-0.00016351,-0.00222016,-0.00362651,-0.00002331,0.00593131,-0.0018
8271,-0.00000416,0.00126280,0.00080061,-0.00040285,-0.00015117,-0.00350167,-0.00
001830,-0.00002437,-0.00053502,0.00004548,-0.00000720,-0.00082128,0.00000580,-0.
00001585,0.00312591,0.11182025,0.00857117,0.00013359,0.00154858,0.00280721,0.000
02186,-0.00086615,0.00112196,0.00000735,0.01438404,0.00528727,0.00004486,-0.0172
0969,-0.00379002,-0.01985962,-0.00004063,0.00427980,-0.01566421,-0.00009728,-0.0
0596727,-0.00043503,-0.00000845,-0.00128882,0.00084199,-0.00000825,-0.00018929,0
.01757719,0.00004547,-0.00003354,-0.01446505,0.00003236,-0.00009812,-0.00167385,
-0.00004319,-0.00000438,0.00026919,-0.00000202,-0.00000448,0.00189583,-0.0000116
8,0.00011962,0.00078266,-0.00615508,-0.00617504,0.00103760,-0.00038382,0.0003608
8,0.00042570,-0.00044062,0.00017570,-0.00008915,-0.00020577,0.00008235,-0.000795
44,-0.00051912,0.00037474,-0.00030763,0.00077271,0.00381906,0.00083364,0.0006427
9,0.00015710,0.00019806,0.00025921,-0.00014914,-0.00031274,0.00038957,0.00058707
,-0.00007368,-0.00004912,-0.00265711,0.00072007,-0.00073894,0.00000549,0.0007792
6,0.00091950,0.00244158,0.00000366,-0.00015984,-0.00001605,-0.00008681,0.0000832
5,-0.00018004,0.00010725,0.00005828,0.00076770,-0.00107895,0.00115970,-0.0005776
8,0.00027225,0.00032724,-0.00039275,0.00057744,-0.00615280,-0.00615677,-0.001132
55,-0.00038351,0.00036689,-0.00042085,-0.00044063,0.00017422,0.00009102,-0.00020
662,0.00007187,0.00079754,-0.00051812,0.00036965,0.00031202,-0.00012159,0.000093
75,0.00006363,0.00077346,0.00383256,0.00087746,-0.00062592,0.00015510,0.00020147
,-0.00025492,-0.00014749,-0.00030967,-0.00039568,0.00058777,-0.00006365,0.000064
26,-0.00264115,0.00070123,0.00074203,0.00009483,-0.00002032,-0.00015428,0.000009
70,0.00076803,-0.00087199,-0.00243618,-0.00004243,0.00016172,0.00002058,-0.00009
052,-0.00008599,0.00017430,0.00010418,-0.00004890,-0.00075315,-0.00108813,-0.001
19839,0.00058423,0.00029009,-0.00006269,0.00015086,0.00022743,-0.00032692,0.0003
9548,0.00058793,0.00011972,-0.00007275,0.00029605,-0.00035749,0.00027564,0.00003
883,0.00008587,0.00008068,0.00011246,-0.00090313,0.00014684,-0.00008563,0.000613
44,0.00022859,-0.00010967,-0.00001501,0.00006045,-0.00004807,-0.00002009,0.00012
365,-0.00000404,0.00055295,0.00152297,0.00082921,0.00009767,-0.00012089,-0.00000
465,0.00004068,0.00100976,-0.00213647,-0.00292169,-0.00043601,-0.00010459,-0.000
33921,0.00037114,-0.00011979,-0.00000416,-0.00005364,-0.00006979,0.00010181,-0.0
0003627,0.00005315,0.00001899,-0.00036139,0.00229410,-0.00021093,-0.00057699,-0.
00011223,-0.00013331,-0.00019779,-0.00007152,0.00002165,-0.00305590,-0.00439648,
-0.00004433,0.00018746,0.00007220,0.00019960,-0.00006423,0.00030513,0.00003626,-
0.00003357,-0.00002787,-0.00004260,0.00000293,0.00000571,-0.00021662,0.00310176,
0.00456167,0.00011980,-0.00006919,-0.00029680,-0.00035760,0.00027594,-0.00003522
,0.00008601,0.00007871,-0.00010623,-0.00090328,0.00014583,0.00008660,0.00061354,
0.00022693,0.00011327,-0.00002015,0.00012358,0.00000577,-0.00001502,0.00005972,0
.00004894,-0.00010877,-0.00024153,-0.00002633,0.00055246,0.00151991,0.00082217,-
0.00008260,-0.00012273,-0.00000691,-0.00003990,0.00100655,-0.00222215,0.00295385
,-0.00043698,-0.00010672,0.00033615,0.00037394,-0.00012068,-0.00000149,-0.000036
85,0.00005345,-0.00001835,-0.00005300,-0.00006881,-0.00010245,-0.00024194,0.0000
1459,0.00005570,-0.00036083,0.00238300,0.00023288,0.00059023,-0.00010528,0.00013
124,0.00019903,-0.00006916,-0.00000218,0.00308699,-0.00431094,0.00003699,-0.0001
8984,0.00007447,-0.00019393,0.00005842,0.00030593,0.00004205,-0.00000211,0.00000
546,-0.00003700,0.00003306,-0.00002884,0.00002312,-0.00005129,-0.00031404,0.0002
0692,-0.00313324,0.00447326,-3.27803520,-3.49980843,-0.02760713,0.05225257,-0.05
537697,-0.00036220,-0.02412219,-0.00619255,-0.00005791,0.04184769,0.04194022,0.0
0032192,-0.10986676,0.00575569,-0.00002893,0.00708845,-0.00204024,-0.00240946,0.
00708495,-0.00207468,0.00238825,0.00003252,-0.00165414,0.00041660,0.00003301,-0.
00164808,-0.00044008,3.30368495,-3.55755700,-1.41679097,-0.02179457,0.02048484,-
0.03484432,-0.00020482,-0.01514784,-0.00355452,-0.00003302,0.03431339,0.02641393
,0.00019476,-0.01304515,0.01635884,0.00002346,0.00517154,-0.00210796,-0.00197193
,0.00515996,-0.00213889,0.00194734,-0.00023976,-0.00075577,0.00058063,-0.0002391
6,-0.00074796,-0.00059124,3.52109918,1.41816762,-0.02801879,-0.02176143,1.353977
09,0.00017858,-0.00024837,-0.00446326,-0.00012175,-0.00002788,-0.00014191,0.0002
6756,0.00019914,0.00185664,-0.00016295,0.00003425,0.01201782,-0.00061395,-0.0002
2593,0.00000015,0.00069571,0.00019304,0.00003458,-0.00000643,-0.00004457,-0.0000
2257,0.00000308,0.00003233,-0.00003086,0.02777893,0.02184941,-1.36322767\\@
